id,question,doc_1,title_1,context_1,source_1,reranker_score_1,doc_2,title_2,context_2,source_2,reranker_score_2,doc_3,title_3,context_3,source_3,reranker_score_3,extractive_sentence,extractive_score
801,চুইঝাল সম্পর্কে গাছের গোড়া বিষয়ে কী বলা হয়েছে?,349,চুইঝাল: সার ব্যবস্থাপনা,প্রতি বছর বর্ষার আগে ও পরে গাছের গোড়া থেকে ৫০ সেমি দূরে সার প্রয়োগ করতে হবে।,https://objectstorage.ap-dcc-gazipur-1.oraclecloud15.com/n/axvjbnqprylg/b/V2Ministry/o/office-bari/2024/12/26c584aa513c4e7b9b7cc65b0f81fd94.pdf,0.966796875,350,চুইঝাল: সেচ ব্যবস্থাপনা,সার দেয়ার সময় গাছের গোড়ায় মাটি হালকা করে কুপিয়ে দিতে হয় এবং সেচ প্রদান করতে হবে।,https://objectstorage.ap-dcc-gazipur-1.oraclecloud15.com/n/axvjbnqprylg/b/V2Ministry/o/office-bari/2024/12/26c584aa513c4e7b9b7cc65b0f81fd94.pdf,0.7080078125,342,চুইঝাল: কাণ্ডের বৈশিষ্ট্য,অঙ্গজ প্রজনন বা লতা কাটিং পদ্ধতিতে এর কাণ্ড বা শাখা ৩০ থেকে ৩৫ সেন্টিমিটার লম্বা করে কেটে সরাসরি মাটিতে রোপণ করা হয়।,https://objectstorage.ap-dcc-gazipur-1.oraclecloud15.com/n/axvjbnqprylg/b/V2Ministry/o/office-bari/2024/12/26c584aa513c4e7b9b7cc65b0f81fd94.pdf,-1.7353515625,সার দেয়ার সময় গাছের গোড়ায় মাটি হালকা করে কুপিয়ে দিতে হয় এবং সেচ প্রদান করতে হবে।,-6.6328125
802,পানিকচুর বন্যাপ্রবণ জায়গায় চারা লাগানোর সময় কী?,45,পানিকচু: চারা উৎপাদন ও পরিচর্যা,যে সব জায়গা বন্যার পানিতে তলিয়ে যাবার সম্ভাবনা আছে সেখানে কার্তিক মাসেই চারা লাগানো ভালো।,https://objectstorage.ap-dcc-gazipur-1.oraclecloud15.com/n/axvjbnqprylg/b/V2Ministry/o/office-bari/2024/12/26c584aa513c4e7b9b7cc65b0f81fd94.pdf,4.7421875,44,পানিকচু: রোপণের সময়,বাণিজ্যিকভাবে চাষাবাদের জন্য অগ্রহায়ণ-পৌষ মাস চারা রোপণের উপযুক্ত সময়।,https://objectstorage.ap-dcc-gazipur-1.oraclecloud15.com/n/axvjbnqprylg/b/V2Ministry/o/office-bari/2024/12/26c584aa513c4e7b9b7cc65b0f81fd94.pdf,2.48828125,55,পানিকচু: আগাছা ব্যবস্থাপনা,চারা লাগানোর পর থেকে ৩ মাস পর্যন্ত জমিতে আগাছা জন্মাতে পারে।,https://objectstorage.ap-dcc-gazipur-1.oraclecloud15.com/n/axvjbnqprylg/b/V2Ministry/o/office-bari/2024/12/26c584aa513c4e7b9b7cc65b0f81fd94.pdf,1.67578125,যে সব জায়গা বন্যার পানিতে তলিয়ে যাবার সম্ভাবনা আছে সেখানে কার্তিক মাসেই চারা লাগানো ভালো।,3.369140625
803,সুপারি: বীজতলার মাটিতে বালুর পরিমাণ প্রসঙ্গে কী তথ্য আছে?,285,সুপারি: বীজতলা প্রস্তুতি ও চারা,বীজতলার মাটিতে বালুর পরিমাণ কম থাকলে কিছু ভিটি বালু মিশিয়ে নিলে ভাল হয়।,https://objectstorage.ap-dcc-gazipur-1.oraclecloud15.com/n/axvjbnqprylg/b/V2Ministry/o/office-bari/2024/12/26c584aa513c4e7b9b7cc65b0f81fd94.pdf,4.7890625,279,সুপারি: মাটি ও জমির উপযোগিতা,"সুপারি চাষের জন্য উর্বর ও মাঝারি ধরনের মাটি অর্থাৎ হালকা বুনটের মাটি উত্তম, তবে বেলে দো-আঁশ মাটি সবচেয়ে উপযোগী।",https://objectstorage.ap-dcc-gazipur-1.oraclecloud15.com/n/axvjbnqprylg/b/V2Ministry/o/office-bari/2024/12/26c584aa513c4e7b9b7cc65b0f81fd94.pdf,-0.144775390625,288,সুপারি: সার ব্যবস্থাপনা,"বীজতলার জমির উর্বরতা অনুযায়ী হেক্টরপ্রতি ১৫-২০ টন গোবর বা জৈব সার প্রয়োগ করতে হবে, তবে কোনো রাসায়নিক সার প্রয়োগের প্রয়োজন নেই।",https://objectstorage.ap-dcc-gazipur-1.oraclecloud15.com/n/axvjbnqprylg/b/V2Ministry/o/office-bari/2024/12/26c584aa513c4e7b9b7cc65b0f81fd94.pdf,-0.427734375,বীজতলার মাটিতে বালুর পরিমাণ কম থাকলে কিছু ভিটি বালু মিশিয়ে নিলে ভাল হয়।,-0.1495361328125
804,মুখীকচু সম্পর্কে ডাবল সারি পদ্ধতির রোপণ দূরত্ব বিষয়ে কী বলা হয়েছে?,100,মুখীকচু: রোপণ বা বপনের দূরত্ব,ডাবল সারি পদ্ধতিতে রোপণ দূরত্ব: ৭৫ সেমি × ৬০ সেমি।,https://objectstorage.ap-dcc-gazipur-1.oraclecloud15.com/n/axvjbnqprylg/b/V2Ministry/o/office-bari/2024/12/26c584aa513c4e7b9b7cc65b0f81fd94.pdf,5.91796875,99,মুখীকচু: রোপণ বা বপনের দূরত্ব,একক সারি পদ্ধতিতে রোপণ দূরত্ব: ৬০ সেমি × ৩৫ সেমি।,https://objectstorage.ap-dcc-gazipur-1.oraclecloud15.com/n/axvjbnqprylg/b/V2Ministry/o/office-bari/2024/12/26c584aa513c4e7b9b7cc65b0f81fd94.pdf,2.740234375,49,পানিকচু: রোপণ বা বপনের দূরত্ব,সারি থেকে সারির দূরত্ব ৬০ সে.মি. এবং গাছ থেকে গাছের দূরত্ব ৪৫ সে.মি. রাখতে হবে।,https://objectstorage.ap-dcc-gazipur-1.oraclecloud15.com/n/axvjbnqprylg/b/V2Ministry/o/office-bari/2024/12/26c584aa513c4e7b9b7cc65b0f81fd94.pdf,1.4384765625,ডাবল সারি পদ্ধতিতে রোপণ দূরত্ব: ৭৫ সেমি × ৬০ সেমি।,2.96875
805,কফির মাটি ও জমি নির্বাচন সম্পর্কে কী বলা হয়েছে?,310,কফি: মাটি ও জমির উপযোগিতা,বাণিজ্যিকভাবে কফি চাষ করে অধিক ফলনের জন্য কমপক্ষে ৩% জৈব পদার্থ সমৃদ্ধ উর্বর মাটি বেছে নিতে হবে।,https://objectstorage.ap-dcc-gazipur-1.oraclecloud15.com/n/axvjbnqprylg/b/V2Ministry/o/office-bari/2024/12/26c584aa513c4e7b9b7cc65b0f81fd94.pdf,3.072265625,311,কফি: ব্যবহার ও উপযোগিতা,বাংলাদেশের পার্বত্য অঞ্চলের মাটি ও জলবায়ু বাণিজ্যিক কফি চাষের জন্য উপযোগী।,https://objectstorage.ap-dcc-gazipur-1.oraclecloud15.com/n/axvjbnqprylg/b/V2Ministry/o/office-bari/2024/12/26c584aa513c4e7b9b7cc65b0f81fd94.pdf,-1.9677734375,168,বারি চিনা-২: মাটি ও জমির উপযোগিতা,বারি চিনা-২ উৎপাদন প্রযুক্তি জমি নির্বাচন ও তৈরি: পানি জমে না এমন বেলে দোআঁশ বা দোআঁশ মাটি চিনা চাষের জন্য উপযুক্ত।,https://objectstorage.ap-dcc-gazipur-1.oraclecloud15.com/n/axvjbnqprylg/b/V2Ministry/o/office-bari/2024/12/26c584aa513c4e7b9b7cc65b0f81fd94.pdf,-4.94140625,বাণিজ্যিকভাবে কফি চাষ করে অধিক ফলনের জন্য কমপক্ষে ৩% জৈব পদার্থ সমৃদ্ধ উর্বর মাটি বেছে নিতে হবে।,1.89453125
806,মটরশুটির পটাশিয়াম সার ব্যবস্থাপনা চাষের অর্থনৈতিক ফলাফল সম্পর্কে কী বলা হয়েছে?,468,মটরশুটি: পটাশিয়াম সার ব্যবস্থাপনা: প্রযুক্তির উপযোগিতা,পটাশিয়াম সার ভিত্তিক সমন্বিত সার ব্যবস্থাপনায় প্রচলিত চাষ পদ্ধতি থেকে মটরশুঁটির সবুজ শুঁটির ফলন ২০-৪০% বেশি পাওয়া যায়।,https://objectstorage.ap-dcc-gazipur-1.oraclecloud15.com/n/axvjbnqprylg/b/V2Ministry/o/office-bari/2024/12/26c584aa513c4e7b9b7cc65b0f81fd94.pdf,1.7822265625,470,মটরশুটি: পটাশিয়াম সার ব্যবস্থাপনা: আয়-ব্যয় ও মুনাফা,"তিন বৎসরের গবেষণায় প্রতীয়মান হয়েছে, রবি মৌসুমে হেক্টরপ্রতি ৩৭,৭৭৮ টাকা খরচ করে প্রায় ১,৫৯,৭২২ টাকার সবুজ শুঁটি এবং প্রায় ৫৮,২২২ টাকার বীজ উৎপাদন করা যায়।",https://objectstorage.ap-dcc-gazipur-1.oraclecloud15.com/n/axvjbnqprylg/b/V2Ministry/o/office-bari/2024/12/26c584aa513c4e7b9b7cc65b0f81fd94.pdf,1.6328125,469,গম-পাট-রোপা আমন ফসল বিন্যাস: রোগ ব্যবস্থাপনা,"মাটিতে পটাশিয়াম সার ব্যবহারের ফলে গাছের অন্যান্য খাদ্যোপাদানের মাত্রা ঠিক থাকে এবং পটাশিয়াম গাছকে রোগের আক্রমণ, ঠান্ডা ও খরা থেকে রক্ষা করে।",https://objectstorage.ap-dcc-gazipur-1.oraclecloud15.com/n/axvjbnqprylg/b/V2Ministry/o/office-bari/2024/12/26c584aa513c4e7b9b7cc65b0f81fd94.pdf,-3.345703125,পটাশিয়াম সার ভিত্তিক সমন্বিত সার ব্যবস্থাপনায় প্রচলিত চাষ পদ্ধতি থেকে মটরশুঁটির সবুজ শুঁটির ফলন ২০-৪০% বেশি পাওয়া যায়।,1.3896484375
807,চিয়া কখন বপন করা উচিত?,155,চিয়া: বপনের সময়,নভেম্বর মাসের ২য় থেকে ৩য় সপ্তাহ বীজ বপনের উপযুক্ত সময়।,https://objectstorage.ap-dcc-gazipur-1.oraclecloud15.com/n/axvjbnqprylg/b/V2Ministry/o/office-bari/2024/12/26c584aa513c4e7b9b7cc65b0f81fd94.pdf,4.1328125,125,চীনাবাদাম: বপনের সময়,মৌসুমে ফাল্গুন থেকে চৈত্র (মার্চ থেকে এপ্রিল) ও খরিফ-২ মৌসুম শ্রাবণ থেকে ভাদ্র (জুলাই থেকে আগস্ট) মাসে বীজ বপন করতে হয়।,https://objectstorage.ap-dcc-gazipur-1.oraclecloud15.com/n/axvjbnqprylg/b/V2Ministry/o/office-bari/2024/12/26c584aa513c4e7b9b7cc65b0f81fd94.pdf,0.72021484375,154,চিয়া: মৌসুম,"চিয়া বাংলাদেশে একটি নতুন সম্ভবনাময় ফসল, যা রবি মৌসুমে চাষাবাদ করা যায়।",https://objectstorage.ap-dcc-gazipur-1.oraclecloud15.com/n/axvjbnqprylg/b/V2Ministry/o/office-bari/2024/12/26c584aa513c4e7b9b7cc65b0f81fd94.pdf,-0.81201171875,"চিয়া বাংলাদেশে একটি নতুন সম্ভবনাময় ফসল, যা রবি মৌসুমে চাষাবাদ করা যায়।",0.062225341796875
808,কফির রং-সংক্রান্ত বৈশিষ্ট্য কী?,328,বারি কফি-১: রং ও বর্ণ,উভয় প্রকার কফির ফুল সাদা রঙের হয়।,https://objectstorage.ap-dcc-gazipur-1.oraclecloud15.com/n/axvjbnqprylg/b/V2Ministry/o/office-bari/2024/12/26c584aa513c4e7b9b7cc65b0f81fd94.pdf,0.68505859375,308,বারি কফি-১: বীজ বা দানার বৈশিষ্ট্য,বিন/বীজ গোলাকৃতির সবুজাভ বাদামী রং ধারণ করে।,https://objectstorage.ap-dcc-gazipur-1.oraclecloud15.com/n/axvjbnqprylg/b/V2Ministry/o/office-bari/2024/12/26c584aa513c4e7b9b7cc65b0f81fd94.pdf,0.630859375,330,বারি কফি-১: ফলের বৈশিষ্ট্য,পাকা অবস্থায় ফল লাল বর্ণ ধারণ করে।,https://objectstorage.ap-dcc-gazipur-1.oraclecloud15.com/n/axvjbnqprylg/b/V2Ministry/o/office-bari/2024/12/26c584aa513c4e7b9b7cc65b0f81fd94.pdf,-0.298828125,উভয় প্রকার কফির ফুল সাদা রঙের হয়।,0.24560546875
809,মরিচের সাথে পাতা জাতীয় সবজি আন্তঃফসল সাধারণত কতদিনে জীবনচক্র সম্পন্ন করে?,395,মরিচের সাথে পাতা জাতীয় সবজি আন্তঃফসল: জীবনকাল,মরিচ একটি দীর্ঘ মেয়াদী ফসল এবং সারি থেকে সারির দূরত্ব বেশি হওয়ায় স্বল্প জীবনকালীন পাতা জাতীয় সবজি (৩০-৩৫ দিন) অতি সহজেই আন্তঃফসল হিসাবে চাষ করা হয়।,https://objectstorage.ap-dcc-gazipur-1.oraclecloud15.com/n/axvjbnqprylg/b/V2Ministry/o/office-bari/2024/12/26c584aa513c4e7b9b7cc65b0f81fd94.pdf,5.96484375,403,মরিচের সাথে পাতা জাতীয় সবজি আন্তঃফসল: ফসল সংগ্রহ,পাতা জাতীয় সবজি: বপনের ৩০-৩৫ দিন পর সংগ্রহ করা যায়।,https://objectstorage.ap-dcc-gazipur-1.oraclecloud15.com/n/axvjbnqprylg/b/V2Ministry/o/office-bari/2024/12/26c584aa513c4e7b9b7cc65b0f81fd94.pdf,3.619140625,402,মরিচের সাথে পাতা জাতীয় সবজি আন্তঃফসল: ফসল সংগ্রহ,চারা রোপণের ৭০-৭৫ দিন পর মরিচ উত্তোলন শুরু হয় এবং প্রায় ৫-৬ বার কাঁচা মরিচ উত্তোলন করা যায়।,https://objectstorage.ap-dcc-gazipur-1.oraclecloud15.com/n/axvjbnqprylg/b/V2Ministry/o/office-bari/2024/12/26c584aa513c4e7b9b7cc65b0f81fd94.pdf,2.564453125,মরিচ একটি দীর্ঘ মেয়াদী ফসল এবং সারি থেকে সারির দূরত্ব বেশি হওয়ায় স্বল্প জীবনকালীন পাতা জাতীয় সবজি (৩০-৩৫ দিন) অতি সহজেই আন্তঃফসল হিসাবে চাষ করা হয়।,5.56640625
810,বেগুনের সাথে পেঁয়াজ ও রসুন আন্তঃফসলের প্রযুক্তির উপযোগিতা সম্পর্কে কী বলা হয়েছে?,388,বেগুনের সাথে পেঁয়াজ ও রসুন আন্তঃফসল: ব্যবহার ও উপযোগিতা,বেগুনের সারি থেকে সারির দূরত্ব বেশি হওয়ায় এর মাঝে অতি সহজেই পেঁয়াজ এবং রসুন আবাদ করা সহজ।,https://objectstorage.ap-dcc-gazipur-1.oraclecloud15.com/n/axvjbnqprylg/b/V2Ministry/o/office-bari/2024/12/26c584aa513c4e7b9b7cc65b0f81fd94.pdf,5.38671875,390,বেগুনের সাথে পেঁয়াজ ও রসুন আন্তঃফসল: প্রযুক্তির উপযোগিতা,"প্রযুক্তিটি কুষ্টিয়া, ফরিদপুর, যশোর, পাবনা, জামালপুর, বগুড়া এবং রংপুর জেলায় প্রয়োগ করা যেতে পারে।",https://objectstorage.ap-dcc-gazipur-1.oraclecloud15.com/n/axvjbnqprylg/b/V2Ministry/o/office-bari/2024/12/26c584aa513c4e7b9b7cc65b0f81fd94.pdf,4.01953125,393,বেগুনের সাথে পেঁয়াজ ও রসুন আন্তঃফসল: জলাবদ্ধতা ও পানি নিষ্কাশন,বেগুন ও পেঁয়াজ এবং বেগুন ও রসুন আন্তঃফসল জলাবদ্ধতা সহ্য করতে পারে না।,https://objectstorage.ap-dcc-gazipur-1.oraclecloud15.com/n/axvjbnqprylg/b/V2Ministry/o/office-bari/2024/12/26c584aa513c4e7b9b7cc65b0f81fd94.pdf,3.431640625,বেগুনের সারি থেকে সারির দূরত্ব বেশি হওয়ায় এর মাঝে অতি সহজেই পেঁয়াজ এবং রসুন আবাদ করা সহজ।,-1.6962890625
811,মরিচের আবহাওয়া সম্পর্কে কী বলা হয়েছে?,360,মরিচ: আবহাওয়া ও জলবায়ু,মোটামুটি ভাবে ঠান্ডা ও শুষ্ক আবহাওয়া মরিচ চাষের উপযোগী।,https://objectstorage.ap-dcc-gazipur-1.oraclecloud15.com/n/axvjbnqprylg/b/V2Ministry/o/office-bari/2024/12/26c584aa513c4e7b9b7cc65b0f81fd94.pdf,2.810546875,361,মরিচ: তাপমাত্রা,অঙ্কুরোদগমের জন্য ২৭-৩২ ° সেলসিয়াস ও গাছের বৃদ্ধির জন্য ২০-৩৫° সেলসিয়াস তাপমাত্রা উপযুক্ত।,https://objectstorage.ap-dcc-gazipur-1.oraclecloud15.com/n/axvjbnqprylg/b/V2Ministry/o/office-bari/2024/12/26c584aa513c4e7b9b7cc65b0f81fd94.pdf,-1.3310546875,362,মরিচ: জলাবদ্ধতা ও পানি নিষ্কাশন,"মরিচ সাধারণত উঁচু এবং মাঝারি উঁচু জমিতে ভাল হয়, কিন্তু পানি নিষ্কাশনের ভাল ব্যবস্থা থাকলে মাঝারি বা মাঝারি নিচু জমিতেও চাষ করা যেতে পারে।",https://objectstorage.ap-dcc-gazipur-1.oraclecloud15.com/n/axvjbnqprylg/b/V2Ministry/o/office-bari/2024/12/26c584aa513c4e7b9b7cc65b0f81fd94.pdf,-5.80859375,মোটামুটি ভাবে ঠান্ডা ও শুষ্ক আবহাওয়া মরিচ চাষের উপযোগী।,1.41796875
812,মাঠের ইঁদুর ব্যবস্থাপনা বিষয়ে মারাত্মক আক্রমণে পাতা সম্পর্কে কী তথ্য আছে?,485,মাঠের ইঁদুর ব্যবস্থাপনা: পোকামাকড় বা ক্ষতিকর প্রাণী ব্যবস্থাপনা,মারাত্মক আক্রমণে পাতা শুকিয়ে মারা যায়।,https://objectstorage.ap-dcc-gazipur-1.oraclecloud15.com/n/axvjbnqprylg/b/V2Ministry/o/office-bari/2024/12/26c584aa513c4e7b9b7cc65b0f81fd94.pdf,4.5625,476,মাঠের ইঁদুর ব্যবস্থাপনা: পোকামাকড় বা ক্ষতিকর প্রাণী ব্যবস্থাপনা,ইঁদুরের গর্তের মুখ পরিষ্কার করে ভিতরে গোবরের বল দিয়ে মুখ বন্ধ করে দিতে হয়।,https://objectstorage.ap-dcc-gazipur-1.oraclecloud15.com/n/axvjbnqprylg/b/V2Ministry/o/office-bari/2024/12/26c584aa513c4e7b9b7cc65b0f81fd94.pdf,-0.76171875,480,মাঠের ইঁদুর ব্যবস্থাপনা: পোকামাকড় বা ক্ষতিকর প্রাণী ব্যবস্থাপনা,কোন বিষ ব্যবহার না করে খুবই কম খরচে ইঁদুর তাড়ানো সম্ভব হবে।,https://objectstorage.ap-dcc-gazipur-1.oraclecloud15.com/n/axvjbnqprylg/b/V2Ministry/o/office-bari/2024/12/26c584aa513c4e7b9b7cc65b0f81fd94.pdf,-0.955078125,মারাত্মক আক্রমণে পাতা শুকিয়ে মারা যায়।,-4.0234375
813,লটকনের চারা উৎপাদন ও পরিচর্যায় কী নির্দেশনা আছে?,242,লটকন: চারা উৎপাদন ও পরিচর্যা,চারা গর্তের ঠিক মাঝখানে খাড়াভাবে লাগাতে হবে এবং চারার চারিদিকের মাটি হাত দিয়ে চেপে ভালভাবে বসিয়ে দিতে হবে।,https://objectstorage.ap-dcc-gazipur-1.oraclecloud15.com/n/axvjbnqprylg/b/V2Ministry/o/office-bari/2024/12/26c584aa513c4e7b9b7cc65b0f81fd94.pdf,3.09765625,240,লটকন: চারা উৎপাদন ও পরিচর্যা,চারা রোপণ করার ১৫-২০ দিন পূর্বে ৬০ সেমি × ৬০ সেমি × ৬০ সেমি আকারের গর্ত করতে হবে।,https://objectstorage.ap-dcc-gazipur-1.oraclecloud15.com/n/axvjbnqprylg/b/V2Ministry/o/office-bari/2024/12/26c584aa513c4e7b9b7cc65b0f81fd94.pdf,2.77734375,243,লটকন: চারা উৎপাদন ও পরিচর্যা,তারপর চারাটি খুঁটির সাথে বেঁধে দিতে হবে এবং চারার গোড়ায় ঝাঁঝরি দিয়ে পানি দিতে হবে।,https://objectstorage.ap-dcc-gazipur-1.oraclecloud15.com/n/axvjbnqprylg/b/V2Ministry/o/office-bari/2024/12/26c584aa513c4e7b9b7cc65b0f81fd94.pdf,2.66796875,চারা গর্তের ঠিক মাঝখানে খাড়াভাবে লাগাতে হবে এবং চারার চারিদিকের মাটি হাত দিয়ে চেপে ভালভাবে বসিয়ে দিতে হবে।,-4.31640625
814,মরিচের সাথে পাতা জাতীয় সবজি আন্তঃফসলের জীবনকাল কত?,395,মরিচের সাথে পাতা জাতীয় সবজি আন্তঃফসল: জীবনকাল,মরিচ একটি দীর্ঘ মেয়াদী ফসল এবং সারি থেকে সারির দূরত্ব বেশি হওয়ায় স্বল্প জীবনকালীন পাতা জাতীয় সবজি (৩০-৩৫ দিন) অতি সহজেই আন্তঃফসল হিসাবে চাষ করা হয়।,https://objectstorage.ap-dcc-gazipur-1.oraclecloud15.com/n/axvjbnqprylg/b/V2Ministry/o/office-bari/2024/12/26c584aa513c4e7b9b7cc65b0f81fd94.pdf,7.734375,403,মরিচের সাথে পাতা জাতীয় সবজি আন্তঃফসল: ফসল সংগ্রহ,পাতা জাতীয় সবজি: বপনের ৩০-৩৫ দিন পর সংগ্রহ করা যায়।,https://objectstorage.ap-dcc-gazipur-1.oraclecloud15.com/n/axvjbnqprylg/b/V2Ministry/o/office-bari/2024/12/26c584aa513c4e7b9b7cc65b0f81fd94.pdf,3.58203125,402,মরিচের সাথে পাতা জাতীয় সবজি আন্তঃফসল: ফসল সংগ্রহ,চারা রোপণের ৭০-৭৫ দিন পর মরিচ উত্তোলন শুরু হয় এবং প্রায় ৫-৬ বার কাঁচা মরিচ উত্তোলন করা যায়।,https://objectstorage.ap-dcc-gazipur-1.oraclecloud15.com/n/axvjbnqprylg/b/V2Ministry/o/office-bari/2024/12/26c584aa513c4e7b9b7cc65b0f81fd94.pdf,1.9091796875,মরিচ একটি দীর্ঘ মেয়াদী ফসল এবং সারি থেকে সারির দূরত্ব বেশি হওয়ায় স্বল্প জীবনকালীন পাতা জাতীয় সবজি (৩০-৩৫ দিন) অতি সহজেই আন্তঃফসল হিসাবে চাষ করা হয়।,6.5078125
815,আলুর শাঁসের রং ও চোখের বৈশিষ্ট্য কেমন?,20,আলু: শাঁসের রং ও চোখের বৈশিষ্ট্য,"শাঁসের রং ক্রিম, চোখ অগভীর আলুতে সমভাবে বিন্যস্ত।",https://objectstorage.ap-dcc-gazipur-1.oraclecloud15.com/n/axvjbnqprylg/b/V2Ministry/o/office-bari/2024/12/26c584aa513c4e7b9b7cc65b0f81fd94.pdf,6.05078125,12,বারি আলু-১০২: কন্দের চামড়া ও শাঁসের রং,"আলুর চামড়া মসৃণ ও রং লাল, শাঁসের রং সাদা, চোখ কিছুটা গভীরে থাকে।",https://objectstorage.ap-dcc-gazipur-1.oraclecloud15.com/n/axvjbnqprylg/b/V2Ministry/o/office-bari/2024/12/26c584aa513c4e7b9b7cc65b0f81fd94.pdf,4.5546875,17,বারি আলু-১০৩: কন্দের চামড়া ও শাঁসের রং,"আলুর চামড়া মসৃণ ও রং হলুদ, শাঁসের রং ক্রিম, চোখ অগভীর ও চোখ আলুতে সমভাবে বিন্যস্ত।",https://objectstorage.ap-dcc-gazipur-1.oraclecloud15.com/n/axvjbnqprylg/b/V2Ministry/o/office-bari/2024/12/26c584aa513c4e7b9b7cc65b0f81fd94.pdf,4.109375,"আলুর চামড়া মসৃণ ও রং লাল, শাঁসের রং সাদা, চোখ কিছুটা গভীরে থাকে।",6.23046875
816,জোয়ার চাষে বপন বা রোপণের দূরত্ব কত?,190,জোয়ার: রোপণ বা বপনের দূরত্ব,বীজ বপনের দূরত্ব: সারি থেকে সারি ৬০ সেমি. এবং গাছ থেকে গাছের দূরত্ব ২০ সেমি.।,https://objectstorage.ap-dcc-gazipur-1.oraclecloud15.com/n/axvjbnqprylg/b/V2Ministry/o/office-bari/2024/12/26c584aa513c4e7b9b7cc65b0f81fd94.pdf,6.37890625,244,লটকন: রোপণ বা বপনের দূরত্ব,রোপণ দূরত্ব ৮ মিটার × ৮ মিটার।,https://objectstorage.ap-dcc-gazipur-1.oraclecloud15.com/n/axvjbnqprylg/b/V2Ministry/o/office-bari/2024/12/26c584aa513c4e7b9b7cc65b0f81fd94.pdf,2.427734375,99,মুখীকচু: রোপণ বা বপনের দূরত্ব,একক সারি পদ্ধতিতে রোপণ দূরত্ব: ৬০ সেমি × ৩৫ সেমি।,https://objectstorage.ap-dcc-gazipur-1.oraclecloud15.com/n/axvjbnqprylg/b/V2Ministry/o/office-bari/2024/12/26c584aa513c4e7b9b7cc65b0f81fd94.pdf,2.3984375,রোপণ দূরত্ব ৮ মিটার × ৮ মিটার।,0.94482421875
817,মরিচের রং বা বর্ণ কেমন?,375,মরিচ: রং ও বর্ণ,দ্বিস্তর বিশিষ্ট পলিথিন ব্যাগ ও টিনের পাত্রের মধ্যে পলিথিন দিয়ে তার ভিতর মরিচ রাখলে মরিচের রং গুণগত মান খুব ভাল থাকে।,https://objectstorage.ap-dcc-gazipur-1.oraclecloud15.com/n/axvjbnqprylg/b/V2Ministry/o/office-bari/2024/12/26c584aa513c4e7b9b7cc65b0f81fd94.pdf,2.615234375,373,মরিচ: ফসল সংগ্রহ,প্রথম ও দ্বিতীয় বারের সংগৃহীত ফসল কাঁচা মরিচ হিসেবে এবং পরের মরিচ পাকা (লাল রং) হিসাবে সংগ্রহ করা হয়।,https://objectstorage.ap-dcc-gazipur-1.oraclecloud15.com/n/axvjbnqprylg/b/V2Ministry/o/office-bari/2024/12/26c584aa513c4e7b9b7cc65b0f81fd94.pdf,0.438720703125,355,বারি মরিচ-৬: ফলের বৈশিষ্ট্য,"বারি মরিচ-৬ কাঁচা অবস্থায় গাঢ় কালচে, ফলের গায়ের পার্শ্বে আংশিক বা সামগ্রিক (মৌসুম ভেদে) কালচে রং থাকে এবং পরিপক্ক অবস্থায় উজ্জ্বল, গাঢ় লাল রং বিশিষ্ট।",https://objectstorage.ap-dcc-gazipur-1.oraclecloud15.com/n/axvjbnqprylg/b/V2Ministry/o/office-bari/2024/12/26c584aa513c4e7b9b7cc65b0f81fd94.pdf,0.1126708984375,প্রথম ও দ্বিতীয় বারের সংগৃহীত ফসল কাঁচা মরিচ হিসেবে এবং পরের মরিচ পাকা (লাল রং) হিসাবে সংগ্রহ করা হয়।,1.23828125
818,মরিচের বীজ শোধনের নির্দেশনা কী?,365,মরিচ: বীজ শোধন,বপনের পূর্বে অটোস্টিন (২ গ্রাম/কেজি বীজ) দিয়ে বীজ শোধন করে নিতে হবে।,https://objectstorage.ap-dcc-gazipur-1.oraclecloud15.com/n/axvjbnqprylg/b/V2Ministry/o/office-bari/2024/12/26c584aa513c4e7b9b7cc65b0f81fd94.pdf,3.4140625,367,মরিচ: চারা উৎপাদন ও পরিচর্যা,৫-৭ দিনের মধ্যে বীজ গজানোর পর চারা ৩-৪ সে.মি. লম্বা হলে অতিরিক্ত চারা পাতলা করতে হবে।,https://objectstorage.ap-dcc-gazipur-1.oraclecloud15.com/n/axvjbnqprylg/b/V2Ministry/o/office-bari/2024/12/26c584aa513c4e7b9b7cc65b0f81fd94.pdf,-1.1845703125,366,মরিচ: বীজের হার,বীজ হার ছিটিয়ে বপন করলে ২.৫-৩.০ কেজি/হে. চারা উৎপাদন করে ১.০-১.৫ কেজি/হে. হেক্টর প্রতি ৪০০০০-৪৫০০০ গাছ থাকলে ভাল ফলন পাওয়া যায়।,https://objectstorage.ap-dcc-gazipur-1.oraclecloud15.com/n/axvjbnqprylg/b/V2Ministry/o/office-bari/2024/12/26c584aa513c4e7b9b7cc65b0f81fd94.pdf,-2.265625,বপনের পূর্বে অটোস্টিন (২ গ্রাম/কেজি বীজ) দিয়ে বীজ শোধন করে নিতে হবে।,-2.6015625
819,কফি চাষের জন্য কী ধরনের মাটি বা জমি উপযোগী?,310,কফি: মাটি ও জমির উপযোগিতা,বাণিজ্যিকভাবে কফি চাষ করে অধিক ফলনের জন্য কমপক্ষে ৩% জৈব পদার্থ সমৃদ্ধ উর্বর মাটি বেছে নিতে হবে।,https://objectstorage.ap-dcc-gazipur-1.oraclecloud15.com/n/axvjbnqprylg/b/V2Ministry/o/office-bari/2024/12/26c584aa513c4e7b9b7cc65b0f81fd94.pdf,5.88671875,311,কফি: ব্যবহার ও উপযোগিতা,বাংলাদেশের পার্বত্য অঞ্চলের মাটি ও জলবায়ু বাণিজ্যিক কফি চাষের জন্য উপযোগী।,https://objectstorage.ap-dcc-gazipur-1.oraclecloud15.com/n/axvjbnqprylg/b/V2Ministry/o/office-bari/2024/12/26c584aa513c4e7b9b7cc65b0f81fd94.pdf,3.44921875,279,সুপারি: মাটি ও জমির উপযোগিতা,"সুপারি চাষের জন্য উর্বর ও মাঝারি ধরনের মাটি অর্থাৎ হালকা বুনটের মাটি উত্তম, তবে বেলে দো-আঁশ মাটি সবচেয়ে উপযোগী।",https://objectstorage.ap-dcc-gazipur-1.oraclecloud15.com/n/axvjbnqprylg/b/V2Ministry/o/office-bari/2024/12/26c584aa513c4e7b9b7cc65b0f81fd94.pdf,-0.826171875,বাণিজ্যিকভাবে কফি চাষ করে অধিক ফলনের জন্য কমপক্ষে ৩% জৈব পদার্থ সমৃদ্ধ উর্বর মাটি বেছে নিতে হবে।,4.69140625
820,বারি সুপারি-১ জাতের একটি খোসাসহ শুকনা সুপারির ওজন কত?,270,বারি সুপারি-১: ওজন,খোসা সহ একক শুকনা সুপারির গড় ওজন ১৩.৫৪ গ্রাম।,https://objectstorage.ap-dcc-gazipur-1.oraclecloud15.com/n/axvjbnqprylg/b/V2Ministry/o/office-bari/2024/12/26c584aa513c4e7b9b7cc65b0f81fd94.pdf,8.140625,269,বারি সুপারি-১: ওজন,খোসা সহ একক কাঁচা সুপারির গড় ওজন ৩৫.৬৭ গ্রাম।,https://objectstorage.ap-dcc-gazipur-1.oraclecloud15.com/n/axvjbnqprylg/b/V2Ministry/o/office-bari/2024/12/26c584aa513c4e7b9b7cc65b0f81fd94.pdf,6.51953125,275,বারি সুপারি-২: ওজন,খোসা সহ একক শুকনা সুপারির গড় ওজন ১৪.০৭ গ্রাম।,https://objectstorage.ap-dcc-gazipur-1.oraclecloud15.com/n/axvjbnqprylg/b/V2Ministry/o/office-bari/2024/12/26c584aa513c4e7b9b7cc65b0f81fd94.pdf,4.078125,খোসা সহ একক শুকনা সুপারির গড় ওজন ১৩.৫৪ গ্রাম।,7.14453125
821,চিয়া চাষে কোন সার কত পরিমাণে দিতে হবে?,160,চিয়া: সার ব্যবস্থাপনা,"সার ব্যবস্থাপনা: ইউরিয়া: ১৫০ কেজি/হেক্টর, মিউরেট অব পটাশ: ৬০ কেজি/হেক্টর, টিএসপি: ৮০ কেজি/হেক্টর।",https://objectstorage.ap-dcc-gazipur-1.oraclecloud15.com/n/axvjbnqprylg/b/V2Ministry/o/office-bari/2024/12/26c584aa513c4e7b9b7cc65b0f81fd94.pdf,1.7646484375,157,চিয়া: সেচ ব্যবস্থাপনা,ভাল ফলন পেতে হলে অবশ্যই ২-৩টি সেচ দিতে হবে।,https://objectstorage.ap-dcc-gazipur-1.oraclecloud15.com/n/axvjbnqprylg/b/V2Ministry/o/office-bari/2024/12/26c584aa513c4e7b9b7cc65b0f81fd94.pdf,0.9326171875,161,চিয়া: সার ব্যবস্থাপনা,যে সমস্ত জমিতে বোরণ ও জিংকের ঘাটতি আছে সেসব জমিতে কাঙ্ক্ষিত ফলন পাওয়ার জন্য হেক্টর প্রতি ৫ কেজি হারে বরিক এসিড ও জিংক সালফেট প্রয়োগ করত হবে।,https://objectstorage.ap-dcc-gazipur-1.oraclecloud15.com/n/axvjbnqprylg/b/V2Ministry/o/office-bari/2024/12/26c584aa513c4e7b9b7cc65b0f81fd94.pdf,0.52734375,"সার ব্যবস্থাপনা: ইউরিয়া: ১৫০ কেজি/হেক্টর, মিউরেট অব পটাশ: ৬০ কেজি/হেক্টর, টিএসপি: ৮০ কেজি/হেক্টর।",-3.521484375
822,বার্লি সারিতে বপন করলে প্রতি হেক্টরে কত বীজ লাগে?,146,বার্লি: বীজের হার,ছিটিয়ে বপন করলে প্রতি হেক্টরে ৭০ কেজি বীজ প্রয়োজন হয়।,https://objectstorage.ap-dcc-gazipur-1.oraclecloud15.com/n/axvjbnqprylg/b/V2Ministry/o/office-bari/2024/12/26c584aa513c4e7b9b7cc65b0f81fd94.pdf,6.17578125,145,বার্লি: বীজের হার,সারিতে বপনকৃত জমিতে হেক্টরপ্রতি ৬০ কেজি বীজ বপন করতে হবে।,https://objectstorage.ap-dcc-gazipur-1.oraclecloud15.com/n/axvjbnqprylg/b/V2Ministry/o/office-bari/2024/12/26c584aa513c4e7b9b7cc65b0f81fd94.pdf,5.8828125,205,অড়হর: বীজের হার,সারিতে বপন করলে প্রতি হেক্টরে ১ কেজি বীজের প্রয়োজন হবে।,https://objectstorage.ap-dcc-gazipur-1.oraclecloud15.com/n/axvjbnqprylg/b/V2Ministry/o/office-bari/2024/12/26c584aa513c4e7b9b7cc65b0f81fd94.pdf,0.55322265625,সারিতে বপন করলে প্রতি হেক্টরে ১ কেজি বীজের প্রয়োজন হবে।,4.0625
823,বারি ঝাড়শীম-৪ বিষয়ে গাছপ্রতি পডের সংখ্যা ও ওজন সম্পর্কে কী তথ্য আছে?,260,বারি ঝাড়শীম-৪: ফলের বৈশিষ্ট্য,প্রতি গাছে পডের সংখ্যা প্রায় ১৮ টি ও গড় ওজন ২২৮.২৬ গ্রাম।,https://objectstorage.ap-dcc-gazipur-1.oraclecloud15.com/n/axvjbnqprylg/b/V2Ministry/o/office-bari/2024/12/26c584aa513c4e7b9b7cc65b0f81fd94.pdf,8.6171875,259,বারি ঝাড়শীম-৪: ফলের বৈশিষ্ট্য,১৮-২৩ সে.মি. লম্বা ও ১.০-১.৩ সেমি চওড়া প্রতি পডের গড় ওজন ১৬.১২ গ্রাম।,https://objectstorage.ap-dcc-gazipur-1.oraclecloud15.com/n/axvjbnqprylg/b/V2Ministry/o/office-bari/2024/12/26c584aa513c4e7b9b7cc65b0f81fd94.pdf,6.98828125,261,বারি ঝাড়শীম-৪: বীজ বা দানার বৈশিষ্ট্য,প্রতি পডে ৭-৯ টি বীজ থাকে এবং ১০০ টি বীজের ওজন ৯৭.২৭ গ্রাম।,https://objectstorage.ap-dcc-gazipur-1.oraclecloud15.com/n/axvjbnqprylg/b/V2Ministry/o/office-bari/2024/12/26c584aa513c4e7b9b7cc65b0f81fd94.pdf,6.984375,প্রতি গাছে পডের সংখ্যা প্রায় ১৮ টি ও গড় ওজন ২২৮.২৬ গ্রাম।,2.51953125
824,কাসাভার ফসল সংগ্রহের নির্দেশনা কী?,92,কাসাভা: ফসল সংগ্রহ,কাসাভার সবচেয়ে বড় সুবিধা হল কন্দ গাছের সাথে সংরক্ষিত থাকে এবং প্রয়োজনমত সংগ্রহ করা যায় তবে ৯-১০ মাসের পর থেকে তিতা হয়ে যায়।,https://objectstorage.ap-dcc-gazipur-1.oraclecloud15.com/n/axvjbnqprylg/b/V2Ministry/o/office-bari/2024/12/26c584aa513c4e7b9b7cc65b0f81fd94.pdf,1.8046875,90,কাসাভা: ফসল সংগ্রহ,চারা রোপণের ৭ মাস পর থেকে কাসাভা গাছ থেকে কন্দ সংগ্রহ করা যায়।,https://objectstorage.ap-dcc-gazipur-1.oraclecloud15.com/n/axvjbnqprylg/b/V2Ministry/o/office-bari/2024/12/26c584aa513c4e7b9b7cc65b0f81fd94.pdf,0.79638671875,85,কাসাভা: ফসল সংগ্রহ,কাণ্ড থেকে কাটিং সংগ্রহ করার পর কাটিংগুলিকে একত্রিত করে পলিথিন ব্যাগে মুড়িয়ে ছায়াযুক্ত স্থানে ৩ থেকে ৫ দিন রেখে দিলে স্প্রাউটিং তাড়াতাড়ি হয়।,https://objectstorage.ap-dcc-gazipur-1.oraclecloud15.com/n/axvjbnqprylg/b/V2Ministry/o/office-bari/2024/12/26c584aa513c4e7b9b7cc65b0f81fd94.pdf,-0.51025390625,কাসাভার সবচেয়ে বড় সুবিধা হল কন্দ গাছের সাথে সংরক্ষিত থাকে এবং প্রয়োজনমত সংগ্রহ করা যায় তবে ৯-১০ মাসের পর থেকে তিতা হয়ে যায়।,-0.070556640625
825,মাঠের ইঁদুর ব্যবস্থাপনা বিষয়ে গোবরের বল শুকানোর সময় সম্পর্কে কী তথ্য আছে?,475,মাঠের ইঁদুর ব্যবস্থাপনা: পোকামাকড় বা ক্ষতিকর প্রাণী ব্যবস্থাপনা,গোবরের বল গুলোকে ২ দিন পর্যন্ত শুকিয়ে ইঁদুর তাড়ানোর কাজে ব্যবহার করা হয়।,https://objectstorage.ap-dcc-gazipur-1.oraclecloud15.com/n/axvjbnqprylg/b/V2Ministry/o/office-bari/2024/12/26c584aa513c4e7b9b7cc65b0f81fd94.pdf,6.07421875,478,মাঠের ইঁদুর ব্যবস্থাপনা: সংরক্ষণ,তৈরিকৃত গোবরের বল ১ মাস পর্যন্ত প্লাস্টিক জারে সংরক্ষণ করে ব্যবহার করা যায়।,https://objectstorage.ap-dcc-gazipur-1.oraclecloud15.com/n/axvjbnqprylg/b/V2Ministry/o/office-bari/2024/12/26c584aa513c4e7b9b7cc65b0f81fd94.pdf,2.68359375,477,মাঠের ইঁদুর ব্যবস্থাপনা: পোকামাকড় বা ক্ষতিকর প্রাণী ব্যবস্থাপনা,একদিন পরে গর্তের খোলা মুখে আবার গোবরের বল দিতে হয়।,https://objectstorage.ap-dcc-gazipur-1.oraclecloud15.com/n/axvjbnqprylg/b/V2Ministry/o/office-bari/2024/12/26c584aa513c4e7b9b7cc65b0f81fd94.pdf,2.11328125,গোবরের বল গুলোকে ২ দিন পর্যন্ত শুকিয়ে ইঁদুর তাড়ানোর কাজে ব্যবহার করা হয়।,4.60546875
826,চর এলাকায় বিনা চাষে পেঁয়াজ সম্পর্কে চারা প্রতিষ্ঠিত হওয়া পর্যন্ত আর্দ্রতা বিষয়ে কী বলা হয়েছে?,430,চর এলাকায় বিনা চাষে পেঁয়াজ: চারা উৎপাদন ও পরিচর্যা,পেঁয়াজের চারা মাটিতে প্রতিষ্ঠিত না হওয়া পর্যন্ত জমিতে পর্যাপ্ত আর্দ্রতা নিশ্চিত করতে হবে।,https://objectstorage.ap-dcc-gazipur-1.oraclecloud15.com/n/axvjbnqprylg/b/V2Ministry/o/office-bari/2024/12/26c584aa513c4e7b9b7cc65b0f81fd94.pdf,6.41796875,424,চর এলাকায় বিনা চাষে পেঁয়াজ: চারা উৎপাদন ও পরিচর্যা,অনেক সময় আর্দ্রতার পরিমাণ বেশি হলে কিছু বীজ নষ্ট হয়ে যায় অথবা চারা গজানোর পর চারার গোঁড়া পচে হলুদ হয়ে মরে যায় যা ফিউজেরিয়াম ছত্রাকের কারণে হয়ে থাকে।,https://objectstorage.ap-dcc-gazipur-1.oraclecloud15.com/n/axvjbnqprylg/b/V2Ministry/o/office-bari/2024/12/26c584aa513c4e7b9b7cc65b0f81fd94.pdf,3.09375,426,চর এলাকায় বিনা চাষে পেঁয়াজ: চারা উৎপাদন ও পরিচর্যা,শুকনো বালু ব্যবহারের সুবিধা হলো এটি দ্রুত পেঁয়াজের বীজ এর আশে পাশের মাটির অতিরিক্ত আর্দ্রতা শোষণ করে নেয় যার ফলে ছত্রাকের আক্রমণ কমে যায় এবং মাঠে কাঙ্ক্ষিত চারা পাওয়া যায়।,https://objectstorage.ap-dcc-gazipur-1.oraclecloud15.com/n/axvjbnqprylg/b/V2Ministry/o/office-bari/2024/12/26c584aa513c4e7b9b7cc65b0f81fd94.pdf,2.37109375,পেঁয়াজের চারা মাটিতে প্রতিষ্ঠিত না হওয়া পর্যন্ত জমিতে পর্যাপ্ত আর্দ্রতা নিশ্চিত করতে হবে।,4.75390625
827,কাঁঠালের সার ব্যবস্থাপনায় কী নির্দেশনা আছে?,230,কাঁঠাল: সার ব্যবস্থাপনা,চারা রোপণের পর গাছের সুষ্ঠু বৃদ্ধির জন্য গাছের বয়স ও চাহিদা মাফিক নিয়মিত সার প্রয়োগ করা আবশ্যক।,https://objectstorage.ap-dcc-gazipur-1.oraclecloud15.com/n/axvjbnqprylg/b/V2Ministry/o/office-bari/2024/12/26c584aa513c4e7b9b7cc65b0f81fd94.pdf,1.4169921875,348,চুইঝাল: সেচ ব্যবস্থাপনা,"সার ও সেচ ব্যবস্থাপনা: চারা রোপণের কমপক্ষে ১০-১৫ দিন আগে গর্ত প্রতি ১০ কেজি পচা গোবর সার, ১১৫ গ্রাম টিএসপি, ১০০ গ্রাম এমওপি সার মিশিয়ে দিয়ে গর্ত ভরাট করে রেখে দিতে হয়।",https://objectstorage.ap-dcc-gazipur-1.oraclecloud15.com/n/axvjbnqprylg/b/V2Ministry/o/office-bari/2024/12/26c584aa513c4e7b9b7cc65b0f81fd94.pdf,-1.8662109375,227,কাঁঠাল: রোপণ বা বপনের দূরত্ব,কাঁঠালের ক্ষেত্রে সাধারণত: গাছ থেকে গাছ ও সারি থেকে সারির দূরত্ব ৮ × ৮ মিটার রাখতে হবে।,https://objectstorage.ap-dcc-gazipur-1.oraclecloud15.com/n/axvjbnqprylg/b/V2Ministry/o/office-bari/2024/12/26c584aa513c4e7b9b7cc65b0f81fd94.pdf,-2.1484375,কাঁঠালের ক্ষেত্রে সাধারণত: গাছ থেকে গাছ ও সারি থেকে সারির দূরত্ব ৮ × ৮ মিটার রাখতে হবে।,0.5087890625
828,পানিকচু বিষয়ে চারা রোপণের গভীরতা সম্পর্কে কী তথ্য আছে?,50,পানিকচু: চারা উৎপাদন ও পরিচর্যা,চারা রোপণের জন্য মাটির গভীরতা হবে ৫-৬ সে.মি.।,https://objectstorage.ap-dcc-gazipur-1.oraclecloud15.com/n/axvjbnqprylg/b/V2Ministry/o/office-bari/2024/12/26c584aa513c4e7b9b7cc65b0f81fd94.pdf,5.7265625,49,পানিকচু: রোপণ বা বপনের দূরত্ব,সারি থেকে সারির দূরত্ব ৬০ সে.মি. এবং গাছ থেকে গাছের দূরত্ব ৪৫ সে.মি. রাখতে হবে।,https://objectstorage.ap-dcc-gazipur-1.oraclecloud15.com/n/axvjbnqprylg/b/V2Ministry/o/office-bari/2024/12/26c584aa513c4e7b9b7cc65b0f81fd94.pdf,1.0380859375,52,পানিকচু: সার ব্যবস্থাপনা,চারা রোপণের ১.৫-২ মাস সময়ে অর্ধেক এমওপি এবং ইউরিয়ার এক ষষ্ঠাংশ ছিটিয়ে দিতে হবে।,https://objectstorage.ap-dcc-gazipur-1.oraclecloud15.com/n/axvjbnqprylg/b/V2Ministry/o/office-bari/2024/12/26c584aa513c4e7b9b7cc65b0f81fd94.pdf,0.99951171875,চারা রোপণের জন্য মাটির গভীরতা হবে ৫-৬ সে.মি.।,1.595703125
829,মেটে আলুর সার ব্যবস্থাপনায় কী নির্দেশনা আছে?,71,মেটে আলু: সার ব্যবস্থাপনা,"হেক্টরপ্রতি ২০ টন গোবর বা খামারজাত সার ও ২ টন ছাই, ২৬০ কেজি ইউরিয়া, ৩০০ কেজি টিএসপি এবং ১৬০ কেজি এমপি সার প্রয়োগ করতে হবে।",https://objectstorage.ap-dcc-gazipur-1.oraclecloud15.com/n/axvjbnqprylg/b/V2Ministry/o/office-bari/2024/12/26c584aa513c4e7b9b7cc65b0f81fd94.pdf,2.74609375,73,মেটে আলু: সার ব্যবস্থাপনা,ইউরিয়া অর্ধেক এবং অবশিষ্ট এমপি সারের অর্ধেক বীজ রোপণের ৩৫-৪০ দিন পর এবং অর্ধেক ইউরিয়া ও অবশিষ্ট এমপি সার বীজ রোপণের ৭০-৮০ দিনের মধ্যে উপরি প্রয়োগ করতে হবে।,https://objectstorage.ap-dcc-gazipur-1.oraclecloud15.com/n/axvjbnqprylg/b/V2Ministry/o/office-bari/2024/12/26c584aa513c4e7b9b7cc65b0f81fd94.pdf,2.5546875,72,মেটে আলু: সার ব্যবস্থাপনা,"গোবর বা খামার জাত সার, ছাই ও টিএসপি সারের সবটুকু এবং অর্ধেক এমপি সার মাদা তৈরির সময় মাদার মাটির সাথে ভালভাবে মিশিয়ে দিতে হবে।",https://objectstorage.ap-dcc-gazipur-1.oraclecloud15.com/n/axvjbnqprylg/b/V2Ministry/o/office-bari/2024/12/26c584aa513c4e7b9b7cc65b0f81fd94.pdf,2.46484375,ইউরিয়া অর্ধেক এবং অবশিষ্ট এমপি সারের অর্ধেক বীজ রোপণের ৩৫-৪০ দিন পর এবং অর্ধেক ইউরিয়া ও অবশিষ্ট এমপি সার বীজ রোপণের ৭০-৮০ দিনের মধ্যে উপরি প্রয়োগ করতে হবে।,-5.75390625
830,ভুট্টা-রোপা আউশ-রোপা আমন ফসলধারার ক্ষতিকর পোকা বা প্রাণী দমনে কী তথ্য আছে?,450,ভুট্টা-রোপা আউশ-রোপা আমন ফসলধারা: পোকামাকড় বা ক্ষতিকর প্রাণী ব্যবস্থাপনা,রোগ বালাই দমন: ভুট্টা: প্রাথমিক পর্যায়ে ভিরতাকো প্রয়োগ করতে হবে স্টেমবোরার পোকা দমনের জন্য।,https://objectstorage.ap-dcc-gazipur-1.oraclecloud15.com/n/axvjbnqprylg/b/V2Ministry/o/office-bari/2024/12/26c584aa513c4e7b9b7cc65b0f81fd94.pdf,7.15234375,451,ভুট্টা-রোপা আউশ-রোপা আমন ফসলধারা: রোগ ব্যবস্থাপনা,রোপা আউশ: স্টেমবোরার পোকা দমনের জন্য ভিরতাকো এবং শীথ ব্লাইট দমনের জন্য ফুলিকুর ০.৫ মিলি/ লিটার হারে প্রয়োগ করতে হবে।,https://objectstorage.ap-dcc-gazipur-1.oraclecloud15.com/n/axvjbnqprylg/b/V2Ministry/o/office-bari/2024/12/26c584aa513c4e7b9b7cc65b0f81fd94.pdf,5.28125,445,সয়াবিন-রোপা আউশ-রোপা আমন ফসল বিন্যাস: পোকামাকড় বা ক্ষতিকর প্রাণী ব্যবস্থাপনা,বিছাপোকার আক্রমণ দেখা দিলে নাইট্রো ৫০৫ ইসি প্রতি লিটার পানিতে ২ মিলি হিসেবে মিশিয়ে স্প্রে মেশিনের মাধ্যমে ছিটিয়ে দিতে হবে।,https://objectstorage.ap-dcc-gazipur-1.oraclecloud15.com/n/axvjbnqprylg/b/V2Ministry/o/office-bari/2024/12/26c584aa513c4e7b9b7cc65b0f81fd94.pdf,2.974609375,রোগ বালাই দমন: ভুট্টা: প্রাথমিক পর্যায়ে ভিরতাকো প্রয়োগ করতে হবে স্টেমবোরার পোকা দমনের জন্য।,-0.1820068359375
831,বারি লটকন-২-এর ফলের বৈশিষ্ট্য কী?,236,বারি লটকন-২: ফলের বৈশিষ্ট্য,পাকা ফল দেখতে উজ্জ্বল হলুদ বর্ণের এবং টিএসএস ২০.৪৭ %।,https://objectstorage.ap-dcc-gazipur-1.oraclecloud15.com/n/axvjbnqprylg/b/V2Ministry/o/office-bari/2024/12/26c584aa513c4e7b9b7cc65b0f81fd94.pdf,6.484375,235,বারি লটকন-২: ফলের বৈশিষ্ট্য,গোলাকৃতি ফলের গড় ওজন ২১.৫৭ গ্রাম।,https://objectstorage.ap-dcc-gazipur-1.oraclecloud15.com/n/axvjbnqprylg/b/V2Ministry/o/office-bari/2024/12/26c584aa513c4e7b9b7cc65b0f81fd94.pdf,6.10546875,237,বারি লটকন-২: ফলের বৈশিষ্ট্য,ফলের অভ্যন্তরে ৩-৪ টি খণ্ড বিদ্যমান এবং খাদ্যোপযোগী অংশ প্রায় ৫৭.০৭ %।,https://objectstorage.ap-dcc-gazipur-1.oraclecloud15.com/n/axvjbnqprylg/b/V2Ministry/o/office-bari/2024/12/26c584aa513c4e7b9b7cc65b0f81fd94.pdf,5.4453125,পাকা ফল দেখতে উজ্জ্বল হলুদ বর্ণের এবং টিএসএস ২০.৪৭ %।,-5.66796875
832,সুপারি কখন রোপণ করা উচিত?,295,সুপারি: রোপণের সময়,সাধারণতঃ মে থেকে সেপ্টেম্বর মাস পর্যন্ত চারা রোপণ করা যায়।,https://objectstorage.ap-dcc-gazipur-1.oraclecloud15.com/n/axvjbnqprylg/b/V2Ministry/o/office-bari/2024/12/26c584aa513c4e7b9b7cc65b0f81fd94.pdf,4.34375,292,সুপারি: বীজতলা প্রস্তুতি ও চারা,বীজ সংগ্রহ করার পর দেরী না করে বীজতলায় বীজ রোপণ করতে হবে।,https://objectstorage.ap-dcc-gazipur-1.oraclecloud15.com/n/axvjbnqprylg/b/V2Ministry/o/office-bari/2024/12/26c584aa513c4e7b9b7cc65b0f81fd94.pdf,0.352783203125,304,সুপারি: ফলন শুরু হওয়ার সময়,সুপারির চারা লাগানোর পর সঠিক ভাবে যত্ন নিলে ৪-৫ বৎসরের মধ্যেই ফলন আসতে শুরু করে।,https://objectstorage.ap-dcc-gazipur-1.oraclecloud15.com/n/axvjbnqprylg/b/V2Ministry/o/office-bari/2024/12/26c584aa513c4e7b9b7cc65b0f81fd94.pdf,0.041412353515625,সুপারির চারা লাগানোর পর সঠিক ভাবে যত্ন নিলে ৪-৫ বৎসরের মধ্যেই ফলন আসতে শুরু করে।,0.40673828125
833,সয়াবিন-রোপা আউশ-রোপা আমন ফসল বিন্যাসের পোকামাকড় বা ক্ষতিকর প্রাণী ব্যবস্থাপনায় কী বলা হয়েছে?,445,সয়াবিন-রোপা আউশ-রোপা আমন ফসল বিন্যাস: পোকামাকড় বা ক্ষতিকর প্রাণী ব্যবস্থাপনা,বিছাপোকার আক্রমণ দেখা দিলে নাইট্রো ৫০৫ ইসি প্রতি লিটার পানিতে ২ মিলি হিসেবে মিশিয়ে স্প্রে মেশিনের মাধ্যমে ছিটিয়ে দিতে হবে।,https://objectstorage.ap-dcc-gazipur-1.oraclecloud15.com/n/axvjbnqprylg/b/V2Ministry/o/office-bari/2024/12/26c584aa513c4e7b9b7cc65b0f81fd94.pdf,4.23828125,450,ভুট্টা-রোপা আউশ-রোপা আমন ফসলধারা: পোকামাকড় বা ক্ষতিকর প্রাণী ব্যবস্থাপনা,রোগ বালাই দমন: ভুট্টা: প্রাথমিক পর্যায়ে ভিরতাকো প্রয়োগ করতে হবে স্টেমবোরার পোকা দমনের জন্য।,https://objectstorage.ap-dcc-gazipur-1.oraclecloud15.com/n/axvjbnqprylg/b/V2Ministry/o/office-bari/2024/12/26c584aa513c4e7b9b7cc65b0f81fd94.pdf,1.9921875,484,ঢেঁড়স: জ্যাসিড পোকা ব্যবস্থাপনা: পোকামাকড় বা ক্ষতিকর প্রাণী ব্যবস্থাপনা,"বিভিন্ন প্রজাতির পোকামাকড় ঢেঁড়সে আক্রমণ করে, এর মধ্যে জ্যাসিড পোকা মারাত্মক ক্ষতিসাধন করে থাকে।",https://objectstorage.ap-dcc-gazipur-1.oraclecloud15.com/n/axvjbnqprylg/b/V2Ministry/o/office-bari/2024/12/26c584aa513c4e7b9b7cc65b0f81fd94.pdf,0.6806640625,"বিভিন্ন প্রজাতির পোকামাকড় ঢেঁড়সে আক্রমণ করে, এর মধ্যে জ্যাসিড পোকা মারাত্মক ক্ষতিসাধন করে থাকে।",-5.67578125
834,সুপারি সম্পর্কে বীজতলা উত্তর দক্ষিণে লম্বা প্রসঙ্গে উৎসে কী বলা হয়েছে?,290,সুপারি: বীজতলা প্রস্তুতি ও চারা,বীজতলা উত্তর দক্ষিণে লম্বা হলে ভালো হয়।,https://objectstorage.ap-dcc-gazipur-1.oraclecloud15.com/n/axvjbnqprylg/b/V2Ministry/o/office-bari/2024/12/26c584aa513c4e7b9b7cc65b0f81fd94.pdf,1.6416015625,289,সুপারি: বীজতলা প্রস্তুতি ও চারা,প্রতিটি বীজতলা ১-১.৫ মিটার চওড়া এবং ৩ মিটার লম্বা হওয়া উচিত।,https://objectstorage.ap-dcc-gazipur-1.oraclecloud15.com/n/axvjbnqprylg/b/V2Ministry/o/office-bari/2024/12/26c584aa513c4e7b9b7cc65b0f81fd94.pdf,-1.33984375,286,সুপারি: বীজতলা প্রস্তুতি ও চারা,সুপারির বীজতলা আংশিক ছায়াযুক্ত হলে উত্তম।,https://objectstorage.ap-dcc-gazipur-1.oraclecloud15.com/n/axvjbnqprylg/b/V2Ministry/o/office-bari/2024/12/26c584aa513c4e7b9b7cc65b0f81fd94.pdf,-3.9453125,বীজতলা উত্তর দক্ষিণে লম্বা হলে ভালো হয়।,1.1787109375
835,ছাদ বাগানের স্মার্ট সেচ সম্পর্কে ইন্টারনেট সংযোগের প্রয়োজন বিষয়ে কী বলা হয়েছে?,415,ছাদ বাগান: স্মার্ট সেচ: সেচ ব্যবস্থাপনা,ওয়াই ফাই নিয়ন্ত্রিত সুইচ ব্যবহার করলে অবশ্যই সেচ পদ্ধতিটি এবং স্মার্ট মোবাইল ফোনে ইন্টারনেট সংযোগ থাকতে হবে।,https://objectstorage.ap-dcc-gazipur-1.oraclecloud15.com/n/axvjbnqprylg/b/V2Ministry/o/office-bari/2024/12/26c584aa513c4e7b9b7cc65b0f81fd94.pdf,3.619140625,414,ছাদ বাগান: স্মার্ট সেচ: সেচ ব্যবস্থাপনা,অপর দিকে ওয়াই ফাই নিয়ন্ত্রিত সুইচ ব্যবহার করা হলে স্মার্ট মোবাইল ফোনের মাধ্যমে যেকোনো স্থান হতে সেচের সময় ও অন্তর সেট করে দেয়া যাবে।,https://objectstorage.ap-dcc-gazipur-1.oraclecloud15.com/n/axvjbnqprylg/b/V2Ministry/o/office-bari/2024/12/26c584aa513c4e7b9b7cc65b0f81fd94.pdf,-0.57958984375,421,ছাদ বাগান: স্মার্ট সেচ: সেচ ব্যবস্থাপনা,"উপসংহার: এই স্মার্ট সেচ ব্যবস্থাপনা পদ্ধতিটি শুধু ছাদ বাগানই নয়, সাধারন বাগানেও ব্যবহার করা সম্ভব।",https://objectstorage.ap-dcc-gazipur-1.oraclecloud15.com/n/axvjbnqprylg/b/V2Ministry/o/office-bari/2024/12/26c584aa513c4e7b9b7cc65b0f81fd94.pdf,-1.2001953125,ওয়াই ফাই নিয়ন্ত্রিত সুইচ ব্যবহার করলে অবশ্যই সেচ পদ্ধতিটি এবং স্মার্ট মোবাইল ফোনে ইন্টারনেট সংযোগ থাকতে হবে।,-1.634765625
836,চীনাবাদাম চাষে কী পরিমাণ ফলন পাওয়া যায়?,135,চীনাবাদাম: ফলন,হেক্টরপ্রতি ফলন ২০০০-২৮০০ কেজি।,https://objectstorage.ap-dcc-gazipur-1.oraclecloud15.com/n/axvjbnqprylg/b/V2Ministry/o/office-bari/2024/12/26c584aa513c4e7b9b7cc65b0f81fd94.pdf,3.86328125,132,চীনাবাদাম: ফসল সংগ্রহ,চীনাবাদাম গাছের শতকরা ৭৫-৮০ ভাগ বাদাম যখন পরিপক্ক হয় তখন ফসল উঠানোর সঠিক সময়।,https://objectstorage.ap-dcc-gazipur-1.oraclecloud15.com/n/axvjbnqprylg/b/V2Ministry/o/office-bari/2024/12/26c584aa513c4e7b9b7cc65b0f81fd94.pdf,0.70263671875,115,চীনাবাদাম: মাটি ও জমির উপযোগিতা,বেলে দো-আঁশ মাটিতে সহজে শিকড় ও পেগ মাটিতে প্রবেশ করতে পারে বিধায় চীনাবাদাম অধিক ফলন দেয়।,https://objectstorage.ap-dcc-gazipur-1.oraclecloud15.com/n/axvjbnqprylg/b/V2Ministry/o/office-bari/2024/12/26c584aa513c4e7b9b7cc65b0f81fd94.pdf,0.318359375,চীনাবাদাম গাছের শতকরা ৭৫-৮০ ভাগ বাদাম যখন পরিপক্ক হয় তখন ফসল উঠানোর সঠিক সময়।,1.7998046875
837,বারি চুইঝাল-১-এর কাণ্ডের বৈশিষ্ট্য কী?,335,বারি চুইঝাল-১: কাণ্ডের বৈশিষ্ট্য,তিন বছর বয়সী গাছের কাণ্ডের ব্যাস ৬-৮ সে.মি.।,https://objectstorage.ap-dcc-gazipur-1.oraclecloud15.com/n/axvjbnqprylg/b/V2Ministry/o/office-bari/2024/12/26c584aa513c4e7b9b7cc65b0f81fd94.pdf,5.3828125,152,বারি চিয়া ১: কাণ্ডের বৈশিষ্ট্য,এ লাইনটির কাণ্ড তুলনামূলকভাবে শক্ত ও মজবুত তাই ঝড়-বাতাসে সহজে হেলে ও ভেঙ্গে পড়েনা এবং তেমন রোগ ও পোকামাকড়ের আক্রমণ হয় না।,https://objectstorage.ap-dcc-gazipur-1.oraclecloud15.com/n/axvjbnqprylg/b/V2Ministry/o/office-bari/2024/12/26c584aa513c4e7b9b7cc65b0f81fd94.pdf,3.6875,354,চুইঝাল: কাণ্ডের বৈশিষ্ট্য,কাণ্ড দেখতে কাঠের মত হলেও রান্নার পর সম্পূর্ণ নরম হয়ে যায়।,https://objectstorage.ap-dcc-gazipur-1.oraclecloud15.com/n/axvjbnqprylg/b/V2Ministry/o/office-bari/2024/12/26c584aa513c4e7b9b7cc65b0f81fd94.pdf,3.5390625,এ লাইনটির কাণ্ড তুলনামূলকভাবে শক্ত ও মজবুত তাই ঝড়-বাতাসে সহজে হেলে ও ভেঙ্গে পড়েনা এবং তেমন রোগ ও পোকামাকড়ের আক্রমণ হয় না।,-1.8984375
838,বারি সুপারি-১-এর খোসাসহ একক শুকনা সুপারির গড় ওজন কত?,270,বারি সুপারি-১: ওজন,খোসা সহ একক শুকনা সুপারির গড় ওজন ১৩.৫৪ গ্রাম।,https://objectstorage.ap-dcc-gazipur-1.oraclecloud15.com/n/axvjbnqprylg/b/V2Ministry/o/office-bari/2024/12/26c584aa513c4e7b9b7cc65b0f81fd94.pdf,9.09375,269,বারি সুপারি-১: ওজন,খোসা সহ একক কাঁচা সুপারির গড় ওজন ৩৫.৬৭ গ্রাম।,https://objectstorage.ap-dcc-gazipur-1.oraclecloud15.com/n/axvjbnqprylg/b/V2Ministry/o/office-bari/2024/12/26c584aa513c4e7b9b7cc65b0f81fd94.pdf,7.30859375,273,বারি সুপারি-১: ফলন,খোসাসহ শুকনা সুপারির গড় ফলন ১০.৫৭ টন/হেক্টর।,https://objectstorage.ap-dcc-gazipur-1.oraclecloud15.com/n/axvjbnqprylg/b/V2Ministry/o/office-bari/2024/12/26c584aa513c4e7b9b7cc65b0f81fd94.pdf,4.9765625,খোসা সহ একক শুকনা সুপারির গড় ওজন ১৩.৫৪ গ্রাম।,7.82421875
839,চীনাবাদামের বীজ শোধনের নির্দেশনা কী?,130,চীনাবাদাম: বীজ শোধন,প্রতি কেজি বীজে ২.৫-৩.০ গ্রাম হিসেবে প্রোভেক্স (ছত্রাক নাশক) মিশিয়ে বীজ শোধন করে নেওয়া ভাল।,https://objectstorage.ap-dcc-gazipur-1.oraclecloud15.com/n/axvjbnqprylg/b/V2Ministry/o/office-bari/2024/12/26c584aa513c4e7b9b7cc65b0f81fd94.pdf,3.83203125,126,চীনাবাদাম: বপন পদ্ধতি,বীজ বপনের আগে খোসা হতে বীজ আলাদা করে নিতে হবে।,https://objectstorage.ap-dcc-gazipur-1.oraclecloud15.com/n/axvjbnqprylg/b/V2Ministry/o/office-bari/2024/12/26c584aa513c4e7b9b7cc65b0f81fd94.pdf,0.2127685546875,141,চীনাবাদাম: চাষ পদ্ধতি,জমিতে ভালভাবে চাষ দিয়ে মাটিতে 'জোঁ' থাকা অবস্থায় লাঙ্গল দিয়ে ২.৫-৩.৫ সে.মি. গভীর নালা টেনে তাতে বীজ বুনে মাটি দিয়ে ঢেকে দিতে হবে।,https://objectstorage.ap-dcc-gazipur-1.oraclecloud15.com/n/axvjbnqprylg/b/V2Ministry/o/office-bari/2024/12/26c584aa513c4e7b9b7cc65b0f81fd94.pdf,-0.99755859375,প্রতি কেজি বীজে ২.৫-৩.০ গ্রাম হিসেবে প্রোভেক্স (ছত্রাক নাশক) মিশিয়ে বীজ শোধন করে নেওয়া ভাল।,-3.31640625
840,মরিচ চাষে বীজ কীভাবে শোধন করতে হবে?,365,মরিচ: বীজ শোধন,বপনের পূর্বে অটোস্টিন (২ গ্রাম/কেজি বীজ) দিয়ে বীজ শোধন করে নিতে হবে।,https://objectstorage.ap-dcc-gazipur-1.oraclecloud15.com/n/axvjbnqprylg/b/V2Ministry/o/office-bari/2024/12/26c584aa513c4e7b9b7cc65b0f81fd94.pdf,5.14453125,364,মরিচ: বীজতলা প্রস্তুতি ও চারা,বীজতলার মাটির উপর ৩-৪ সেন্টিমিটার ধানের খড়ের স্তর তৈরি করে পুড়িয়ে মাটি শোধন করতে হবে।,https://objectstorage.ap-dcc-gazipur-1.oraclecloud15.com/n/axvjbnqprylg/b/V2Ministry/o/office-bari/2024/12/26c584aa513c4e7b9b7cc65b0f81fd94.pdf,2.462890625,186,জোয়ার: বীজ শোধন,বীজকে রোগবালাই মুক্ত করার জন্য বীজ বপনের আগে বীজ শোধন করা উচিত।,https://objectstorage.ap-dcc-gazipur-1.oraclecloud15.com/n/axvjbnqprylg/b/V2Ministry/o/office-bari/2024/12/26c584aa513c4e7b9b7cc65b0f81fd94.pdf,-1.28515625,বপনের পূর্বে অটোস্টিন (২ গ্রাম/কেজি বীজ) দিয়ে বীজ শোধন করে নিতে হবে।,-0.58544921875
841,বারি মুখীকচু-৩-এর গাছপ্রতি মুখীর সংখ্যা এবং ওজন কত?,95,বারি মুখীকচু-৩: ওজন,গাছ প্রতি মুখীর সংখ্যা ২৫-৩০ টি এবং গড় ওজন প্রায় ৮০০ গ্রাম।,https://objectstorage.ap-dcc-gazipur-1.oraclecloud15.com/n/axvjbnqprylg/b/V2Ministry/o/office-bari/2024/12/26c584aa513c4e7b9b7cc65b0f81fd94.pdf,8.625,37,বারি পানিকচু-৯: লতির সংখ্যা ও ওজন,গাছ প্রতি লতির গড় সংখ্যা ৩০ টি এবং গড় ওজন ৮০০ গ্রাম।,https://objectstorage.ap-dcc-gazipur-1.oraclecloud15.com/n/axvjbnqprylg/b/V2Ministry/o/office-bari/2024/12/26c584aa513c4e7b9b7cc65b0f81fd94.pdf,1.431640625,31,বারি পানিকচু-৮: লতির সংখ্যা ও ওজন,গাছপ্রতি লতির গড় সংখ্যা ২৪টি এবং গড় ওজন ৮০০ গ্রাম।,https://objectstorage.ap-dcc-gazipur-1.oraclecloud15.com/n/axvjbnqprylg/b/V2Ministry/o/office-bari/2024/12/26c584aa513c4e7b9b7cc65b0f81fd94.pdf,1.3515625,গাছ প্রতি মুখীর সংখ্যা ২৫-৩০ টি এবং গড় ওজন প্রায় ৮০০ গ্রাম।,4.6875
842,বারি ডাঁটা-৪ বপন বা রোপণের কতদিন পর ফুল আসে?,255,বারি ডাঁটা-৪: ফুল আসার সময়,বারি ডাঁটা-৪ সারা বছর চাষোপযোগী জাত এবং বীজ বপনের ১০০-১০৫ দিন পর ফুল আসে এবং ১২০ দিন পর কাণ্ডে হালকা আঁশ গঠিত হয়।,https://objectstorage.ap-dcc-gazipur-1.oraclecloud15.com/n/axvjbnqprylg/b/V2Ministry/o/office-bari/2024/12/26c584aa513c4e7b9b7cc65b0f81fd94.pdf,7.91796875,250,বারি ডাঁটা-৪: বীজ সংগ্রহের সময়,বীজ উৎপাদনের জন্য বপনের ১৩০-১৫০ দিন পর বীজ সংগ্রহপযোগী হয়।,https://objectstorage.ap-dcc-gazipur-1.oraclecloud15.com/n/axvjbnqprylg/b/V2Ministry/o/office-bari/2024/12/26c584aa513c4e7b9b7cc65b0f81fd94.pdf,3.48828125,249,বারি ডাঁটা-৪: ব্যবহার ও উপযোগিতা,বীজ বপনের ৩০ দিন পর থেকে পাতা শাক হিসেবে এবং ৪২ দিন পর থেকে ডাঁটা খাওয়ার উপযোগী হয়।,https://objectstorage.ap-dcc-gazipur-1.oraclecloud15.com/n/axvjbnqprylg/b/V2Ministry/o/office-bari/2024/12/26c584aa513c4e7b9b7cc65b0f81fd94.pdf,3.1953125,বারি ডাঁটা-৪ সারা বছর চাষোপযোগী জাত এবং বীজ বপনের ১০০-১০৫ দিন পর ফুল আসে এবং ১২০ দিন পর কাণ্ডে হালকা আঁশ গঠিত হয়।,8.265625
843,জোয়ার সেচ সম্পর্কে কী বলা হয়েছে?,182,জোয়ার: মাটি ও জমির উপযোগিতা,"জোয়ার এমন একটি ফসল যা কম উর্বর, অধিক কাদাযুক্ত অগভীর মাটি যেখানে ভুট্টা উৎপাদন সহজ নয় সে সকল জমিতে চাষাবাদ হয়।",https://objectstorage.ap-dcc-gazipur-1.oraclecloud15.com/n/axvjbnqprylg/b/V2Ministry/o/office-bari/2024/12/26c584aa513c4e7b9b7cc65b0f81fd94.pdf,-1.2236328125,185,জোয়ার: সেচ ব্যবস্থাপনা,সেচের ব্যবস্থা না থাকলে সমস্ত সার শেষ চাষের সময় প্রয়োগ করা উত্তম।,https://objectstorage.ap-dcc-gazipur-1.oraclecloud15.com/n/axvjbnqprylg/b/V2Ministry/o/office-bari/2024/12/26c584aa513c4e7b9b7cc65b0f81fd94.pdf,-2.041015625,187,জোয়ার: বপনের সময়,জোয়ার এমন একটি ফসল যা রবি ও খরিফ-১ উভয় মৌসুমে চাষ করা যায়।,https://objectstorage.ap-dcc-gazipur-1.oraclecloud15.com/n/axvjbnqprylg/b/V2Ministry/o/office-bari/2024/12/26c584aa513c4e7b9b7cc65b0f81fd94.pdf,-4.00390625,"জোয়ার এমন একটি ফসল যা কম উর্বর, অধিক কাদাযুক্ত অগভীর মাটি যেখানে ভুট্টা উৎপাদন সহজ নয় সে সকল জমিতে চাষাবাদ হয়।",-0.8037109375
844,বারি বার্লি-১০ এক হাজার দানার ওজন কত?,140,বারি বার্লি-১০: বীজ বা দানার বৈশিষ্ট্য,হাজার দানার ওজন ৩৬-৪০ গ্রাম।,https://objectstorage.ap-dcc-gazipur-1.oraclecloud15.com/n/axvjbnqprylg/b/V2Ministry/o/office-bari/2024/12/26c584aa513c4e7b9b7cc65b0f81fd94.pdf,6.27734375,151,বারি চিয়া ১: বীজ বা দানার বৈশিষ্ট্য,হাজার দানার ওজন ১.২ গ্রাম।,https://objectstorage.ap-dcc-gazipur-1.oraclecloud15.com/n/axvjbnqprylg/b/V2Ministry/o/office-bari/2024/12/26c584aa513c4e7b9b7cc65b0f81fd94.pdf,1.826171875,167,বারি চিনা-২: বীজ বা দানার বৈশিষ্ট্য,হাজার দানার ওজন ৫-৫.৫ গ্রাম।বাংলাদেশের সকল এলাকাতে এই জাতটি চাষ করা যায়।,https://objectstorage.ap-dcc-gazipur-1.oraclecloud15.com/n/axvjbnqprylg/b/V2Ministry/o/office-bari/2024/12/26c584aa513c4e7b9b7cc65b0f81fd94.pdf,0.69775390625,হাজার দানার ওজন ১.২ গ্রাম।,3.2578125
845,পানিকচুর উপযুক্ত মাটির ধরন কী?,40,পানিকচু: মাটি ও জমির উপযোগিতা,পলি দো-আঁশ ও এঁটেল দো-আঁশ মাটি পানিকচু চাষের উপযোগী।,https://objectstorage.ap-dcc-gazipur-1.oraclecloud15.com/n/axvjbnqprylg/b/V2Ministry/o/office-bari/2024/12/26c584aa513c4e7b9b7cc65b0f81fd94.pdf,4.5703125,50,পানিকচু: চারা উৎপাদন ও পরিচর্যা,চারা রোপণের জন্য মাটির গভীরতা হবে ৫-৬ সে.মি.।,https://objectstorage.ap-dcc-gazipur-1.oraclecloud15.com/n/axvjbnqprylg/b/V2Ministry/o/office-bari/2024/12/26c584aa513c4e7b9b7cc65b0f81fd94.pdf,0.20703125,42,পানিকচু: চারা উৎপাদন ও পরিচর্যা,মূল জমিতে চারা রোপণ করতে দেরি হলে পানিকচুর চারা ভেজা মাটি ও ছায়া যুক্ত স্থানে রেখে দিতে হবে।,https://objectstorage.ap-dcc-gazipur-1.oraclecloud15.com/n/axvjbnqprylg/b/V2Ministry/o/office-bari/2024/12/26c584aa513c4e7b9b7cc65b0f81fd94.pdf,-0.177734375,পলি দো-আঁশ ও এঁটেল দো-আঁশ মাটি পানিকচু চাষের উপযোগী।,4.171875
846,বারি মরিচ-৬-এর ফলের বৈশিষ্ট্য কী?,355,বারি মরিচ-৬: ফলের বৈশিষ্ট্য,"বারি মরিচ-৬ কাঁচা অবস্থায় গাঢ় কালচে, ফলের গায়ের পার্শ্বে আংশিক বা সামগ্রিক (মৌসুম ভেদে) কালচে রং থাকে এবং পরিপক্ক অবস্থায় উজ্জ্বল, গাঢ় লাল রং বিশিষ্ট।",https://objectstorage.ap-dcc-gazipur-1.oraclecloud15.com/n/axvjbnqprylg/b/V2Ministry/o/office-bari/2024/12/26c584aa513c4e7b9b7cc65b0f81fd94.pdf,7.78515625,358,বারি মরিচ-৬: ফলের বৈশিষ্ট্য,ফল মাঝারি লম্বা এবং প্রতিটি মরিচের দৈর্ঘ্য ৪-৫ সেমি।,https://objectstorage.ap-dcc-gazipur-1.oraclecloud15.com/n/axvjbnqprylg/b/V2Ministry/o/office-bari/2024/12/26c584aa513c4e7b9b7cc65b0f81fd94.pdf,6.609375,356,বারি মরিচ-৬: পাতার বৈশিষ্ট্য,কাণ্ড ও পাতার অক্ষ কালচে রং দ্বারা আবৃত থাকে।,https://objectstorage.ap-dcc-gazipur-1.oraclecloud15.com/n/axvjbnqprylg/b/V2Ministry/o/office-bari/2024/12/26c584aa513c4e7b9b7cc65b0f81fd94.pdf,4.37890625,"বারি মরিচ-৬ কাঁচা অবস্থায় গাঢ় কালচে, ফলের গায়ের পার্শ্বে আংশিক বা সামগ্রিক (মৌসুম ভেদে) কালচে রং থাকে এবং পরিপক্ক অবস্থায় উজ্জ্বল, গাঢ় লাল রং বিশিষ্ট।",5.3828125
847,বারি সুপারি-২-এর খোসাসহ একক শুকনা সুপারির গড় ওজন কত?,275,বারি সুপারি-২: ওজন,খোসা সহ একক শুকনা সুপারির গড় ওজন ১৪.০৭ গ্রাম।,https://objectstorage.ap-dcc-gazipur-1.oraclecloud15.com/n/axvjbnqprylg/b/V2Ministry/o/office-bari/2024/12/26c584aa513c4e7b9b7cc65b0f81fd94.pdf,9.1015625,274,বারি সুপারি-২: ওজন,খোসা সহ একক কাঁচা সুপারির গড় ওজন ৪০.০০ গ্রাম।,https://objectstorage.ap-dcc-gazipur-1.oraclecloud15.com/n/axvjbnqprylg/b/V2Ministry/o/office-bari/2024/12/26c584aa513c4e7b9b7cc65b0f81fd94.pdf,7.375,278,বারি সুপারি-২: ফলন,খোসাসহ শুকনা সুপারির গড় ফলন ১২.০৭ টন/হেক্টর।,https://objectstorage.ap-dcc-gazipur-1.oraclecloud15.com/n/axvjbnqprylg/b/V2Ministry/o/office-bari/2024/12/26c584aa513c4e7b9b7cc65b0f81fd94.pdf,5.14453125,খোসা সহ একক শুকনা সুপারির গড় ওজন ১৪.০৭ গ্রাম।,6.86328125
848,পালংশাকের কম্পোস্ট ব্যবস্থাপনার মৌসুম-সংক্রান্ত তথ্য কী?,410,পালংশাক: কম্পোস্ট ব্যবস্থাপনা: মৌসুম,রবি মৌসুমে প্রতিটি গাছের গোড়ায় সঠিক পরিমাণে পানি পৌঁছানো খুবই গুরুত্বপূর্ণ বিষয় যা আমাদের ব্যস্তময় জীবনে সম্ভব হয় না।,https://objectstorage.ap-dcc-gazipur-1.oraclecloud15.com/n/axvjbnqprylg/b/V2Ministry/o/office-bari/2024/12/26c584aa513c4e7b9b7cc65b0f81fd94.pdf,3.779296875,406,পালংশাক: কম্পোস্ট ব্যবস্থাপনা: বপনের সময়,প্রযুক্তি ব্যবহারের তথ্য: শস্য: পালংশাক; জাত: বারি পালংশাক-২; বপনের সময়: ১৫-৩০ নভেম্বর।,https://objectstorage.ap-dcc-gazipur-1.oraclecloud15.com/n/axvjbnqprylg/b/V2Ministry/o/office-bari/2024/12/26c584aa513c4e7b9b7cc65b0f81fd94.pdf,3.53125,405,পালংশাক: কম্পোস্ট ব্যবস্থাপনা: প্রযুক্তির উপযোগিতা,"অঞ্চল: কৃষি পরিবেশ অঞ্চল-২৮, এলাকা: গাজীপুর, মৌসুম: রবি।",https://objectstorage.ap-dcc-gazipur-1.oraclecloud15.com/n/axvjbnqprylg/b/V2Ministry/o/office-bari/2024/12/26c584aa513c4e7b9b7cc65b0f81fd94.pdf,3.060546875,প্রযুক্তি ব্যবহারের তথ্য: শস্য: পালংশাক; জাত: বারি পালংশাক-২; বপনের সময়: ১৫-৩০ নভেম্বর।,-0.5302734375
849,গম-পাট-রোপা আমন ফসল বিন্যাস সম্পর্কে রোপা আমন জমি আগাছামুক্ত রাখার সময় বিষয়ে কী বলা হয়েছে?,465,গম-পাট-রোপা আমন ফসল বিন্যাস: আগাছা ব্যবস্থাপনা,রোপা আমন: আমন ধানের জমি ৩০ থেকে ৪০ দিন পর্যন্ত আগাছামুক্ত রাখতে হবে।,https://objectstorage.ap-dcc-gazipur-1.oraclecloud15.com/n/axvjbnqprylg/b/V2Ministry/o/office-bari/2024/12/26c584aa513c4e7b9b7cc65b0f81fd94.pdf,7.16796875,463,গম-পাট-রোপা আমন ফসল বিন্যাস: আগাছা ব্যবস্থাপনা,পাট: পাটের জমি ৩০ থেকে ৪০ দিন পর্যন্ত আগাছামুক্ত রাখতে হবে।,https://objectstorage.ap-dcc-gazipur-1.oraclecloud15.com/n/axvjbnqprylg/b/V2Ministry/o/office-bari/2024/12/26c584aa513c4e7b9b7cc65b0f81fd94.pdf,6.8203125,464,গম-পাট-রোপা আমন ফসল বিন্যাস: আগাছা ব্যবস্থাপনা,বীজ বপনের ৪৫-৫০ দিন পর একবার ও ৭০ হতে ৮০ দিন পর দ্বিতীয়বার নিড়ানি দিতে হবে এবং পাট পাতলা করতে হবে।,https://objectstorage.ap-dcc-gazipur-1.oraclecloud15.com/n/axvjbnqprylg/b/V2Ministry/o/office-bari/2024/12/26c584aa513c4e7b9b7cc65b0f81fd94.pdf,3.51953125,রোপা আমন: আমন ধানের জমি ৩০ থেকে ৪০ দিন পর্যন্ত আগাছামুক্ত রাখতে হবে।,4.80078125
850,গম-পাট-রোপা আমন ফসল বিন্যাসের সেচ ব্যবস্থাপনায় কী নির্দেশনা আছে?,460,গম-পাট-রোপা আমন ফসল বিন্যাস: সেচ ব্যবস্থাপনা,বপনের ১৭-২১ দিন পরে প্রথম সেচ ও দ্বিতীয় সেচ শীষ বের হওয়ার সময় ৫০-৫৫ দিন পর দিতে হবে।,https://objectstorage.ap-dcc-gazipur-1.oraclecloud15.com/n/axvjbnqprylg/b/V2Ministry/o/office-bari/2024/12/26c584aa513c4e7b9b7cc65b0f81fd94.pdf,4.7109375,454,গম-পাট-রোপা আমন ফসল বিন্যাস: সার ব্যবস্থাপনা,সেচসহ চাষের ক্ষেত্রে চারার তিন পাতা বয়সে প্রথম সেচের পর হেক্টরপ্রতি ৭৫-৯০ কেজি ইউরিয়া উপরি প্রয়োগ করতে হবে।,https://objectstorage.ap-dcc-gazipur-1.oraclecloud15.com/n/axvjbnqprylg/b/V2Ministry/o/office-bari/2024/12/26c584aa513c4e7b9b7cc65b0f81fd94.pdf,4.4921875,459,গম-পাট-রোপা আমন ফসল বিন্যাস: সেচ ব্যবস্থাপনা,মাটির প্রকারভেদে ২-৩টি সেচের প্রয়োজন হয়।,https://objectstorage.ap-dcc-gazipur-1.oraclecloud15.com/n/axvjbnqprylg/b/V2Ministry/o/office-bari/2024/12/26c584aa513c4e7b9b7cc65b0f81fd94.pdf,3.953125,সেচসহ চাষের ক্ষেত্রে চারার তিন পাতা বয়সে প্রথম সেচের পর হেক্টরপ্রতি ৭৫-৯০ কেজি ইউরিয়া উপরি প্রয়োগ করতে হবে।,-4.8671875
851,বারি সোলার টানেল ড্রায়ার মাপ বা মাত্রা কত?,495,বারি সোলার টানেল ড্রায়ার: মাত্রা ও মাপ,"লম্বা ৩২০০ মিমি, চওড়া ১২০০মিমি, উচ্চতা ৭২০ মিমি।",https://objectstorage.ap-dcc-gazipur-1.oraclecloud15.com/n/axvjbnqprylg/b/V2Ministry/o/office-bari/2024/12/26c584aa513c4e7b9b7cc65b0f81fd94.pdf,7.53515625,498,বারি সোলার টানেল ড্রায়ার: আয়-ব্যয় ও মুনাফা,"মূল্য: ২০,০০০.০০ টাকা (এমএস)।",https://objectstorage.ap-dcc-gazipur-1.oraclecloud15.com/n/axvjbnqprylg/b/V2Ministry/o/office-bari/2024/12/26c584aa513c4e7b9b7cc65b0f81fd94.pdf,-3.396484375,496,বারি সোলার টানেল ড্রায়ার: সংরক্ষণ,দ্রব্য একদিনে না শুকালে সেগুলো ড্রায়ারের ভিতরে রেখেই ড্রায়ারসহ নিরাপদ স্থানে সংরক্ষণ করা যেতে পারে।,https://objectstorage.ap-dcc-gazipur-1.oraclecloud15.com/n/axvjbnqprylg/b/V2Ministry/o/office-bari/2024/12/26c584aa513c4e7b9b7cc65b0f81fd94.pdf,-3.412109375,"লম্বা ৩২০০ মিমি, চওড়া ১২০০মিমি, উচ্চতা ৭২০ মিমি।",-3.12109375
852,চীনাবাদামের উপযুক্ত মাটির ধরন কী?,110,চীনাবাদাম: মাটি ও জমির উপযোগিতা,ক্যালসিয়াম ও জৈব পদার্থ সমৃদ্ধ বেলে দো-আঁশ মাটি চীনাবাদাম উৎপাদনের জন্য উপযুক্ত।,https://objectstorage.ap-dcc-gazipur-1.oraclecloud15.com/n/axvjbnqprylg/b/V2Ministry/o/office-bari/2024/12/26c584aa513c4e7b9b7cc65b0f81fd94.pdf,5.94140625,122,চীনাবাদাম: জমি প্রস্তুতি,চীনাবাদাম গাছের ফুল নিষিক্ত হবার পর গর্ভদণ্ড বা পেগ মাটির নিচে যায় বিধায় জমিতে ৩-৪ টি চাষ ও মই দিয়ে মাটি ঝুরঝুরে করে নিতে হবে।,https://objectstorage.ap-dcc-gazipur-1.oraclecloud15.com/n/axvjbnqprylg/b/V2Ministry/o/office-bari/2024/12/26c584aa513c4e7b9b7cc65b0f81fd94.pdf,1.904296875,141,চীনাবাদাম: চাষ পদ্ধতি,জমিতে ভালভাবে চাষ দিয়ে মাটিতে 'জোঁ' থাকা অবস্থায় লাঙ্গল দিয়ে ২.৫-৩.৫ সে.মি. গভীর নালা টেনে তাতে বীজ বুনে মাটি দিয়ে ঢেকে দিতে হবে।,https://objectstorage.ap-dcc-gazipur-1.oraclecloud15.com/n/axvjbnqprylg/b/V2Ministry/o/office-bari/2024/12/26c584aa513c4e7b9b7cc65b0f81fd94.pdf,1.3623046875,ক্যালসিয়াম ও জৈব পদার্থ সমৃদ্ধ বেলে দো-আঁশ মাটি চীনাবাদাম উৎপাদনের জন্য উপযুক্ত।,6.43359375
853,বারি কাঁঠাল-৫-এর রং বা বর্ণ কেমন?,215,বারি কাঁঠাল-৫: রং ও বর্ণ,ফল সাধারণত সবুজাভ হলুদ রঙের হয়।,https://objectstorage.ap-dcc-gazipur-1.oraclecloud15.com/n/axvjbnqprylg/b/V2Ministry/o/office-bari/2024/12/26c584aa513c4e7b9b7cc65b0f81fd94.pdf,5.9140625,216,বারি কাঁঠাল-৫: রং ও বর্ণ,"কোষ গুলি মোটামুটি শক্ত, রস যুক্ত, গাঢ় হলুদ বর্ণের হয় এবং বেশ সুমিষ্ট (টিএসএস-২৭.৪%)।",https://objectstorage.ap-dcc-gazipur-1.oraclecloud15.com/n/axvjbnqprylg/b/V2Ministry/o/office-bari/2024/12/26c584aa513c4e7b9b7cc65b0f81fd94.pdf,5.84765625,219,বারি কাঁঠাল-৬: রং ও বর্ণ,"পাল্প শক্ত, উজ্জল হলুদ বর্ণের ও আঠাববিহীন।",https://objectstorage.ap-dcc-gazipur-1.oraclecloud15.com/n/axvjbnqprylg/b/V2Ministry/o/office-bari/2024/12/26c584aa513c4e7b9b7cc65b0f81fd94.pdf,1.39453125,ফল সাধারণত সবুজাভ হলুদ রঙের হয়।,-5.4453125
854,চীনাবাদাম চাষে বীজ কীভাবে শোধন করতে হবে?,130,চীনাবাদাম: বীজ শোধন,প্রতি কেজি বীজে ২.৫-৩.০ গ্রাম হিসেবে প্রোভেক্স (ছত্রাক নাশক) মিশিয়ে বীজ শোধন করে নেওয়া ভাল।,https://objectstorage.ap-dcc-gazipur-1.oraclecloud15.com/n/axvjbnqprylg/b/V2Ministry/o/office-bari/2024/12/26c584aa513c4e7b9b7cc65b0f81fd94.pdf,5.2421875,141,চীনাবাদাম: চাষ পদ্ধতি,জমিতে ভালভাবে চাষ দিয়ে মাটিতে 'জোঁ' থাকা অবস্থায় লাঙ্গল দিয়ে ২.৫-৩.৫ সে.মি. গভীর নালা টেনে তাতে বীজ বুনে মাটি দিয়ে ঢেকে দিতে হবে।,https://objectstorage.ap-dcc-gazipur-1.oraclecloud15.com/n/axvjbnqprylg/b/V2Ministry/o/office-bari/2024/12/26c584aa513c4e7b9b7cc65b0f81fd94.pdf,1.4326171875,126,চীনাবাদাম: বপন পদ্ধতি,বীজ বপনের আগে খোসা হতে বীজ আলাদা করে নিতে হবে।,https://objectstorage.ap-dcc-gazipur-1.oraclecloud15.com/n/axvjbnqprylg/b/V2Ministry/o/office-bari/2024/12/26c584aa513c4e7b9b7cc65b0f81fd94.pdf,0.0960693359375,প্রতি কেজি বীজে ২.৫-৩.০ গ্রাম হিসেবে প্রোভেক্স (ছত্রাক নাশক) মিশিয়ে বীজ শোধন করে নেওয়া ভাল।,-1.912109375
855,কাসাভা কখন বা কীভাবে সংগ্রহ করতে হবে?,90,কাসাভা: ফসল সংগ্রহ,চারা রোপণের ৭ মাস পর থেকে কাসাভা গাছ থেকে কন্দ সংগ্রহ করা যায়।,https://objectstorage.ap-dcc-gazipur-1.oraclecloud15.com/n/axvjbnqprylg/b/V2Ministry/o/office-bari/2024/12/26c584aa513c4e7b9b7cc65b0f81fd94.pdf,2.931640625,92,কাসাভা: ফসল সংগ্রহ,কাসাভার সবচেয়ে বড় সুবিধা হল কন্দ গাছের সাথে সংরক্ষিত থাকে এবং প্রয়োজনমত সংগ্রহ করা যায় তবে ৯-১০ মাসের পর থেকে তিতা হয়ে যায়।,https://objectstorage.ap-dcc-gazipur-1.oraclecloud15.com/n/axvjbnqprylg/b/V2Ministry/o/office-bari/2024/12/26c584aa513c4e7b9b7cc65b0f81fd94.pdf,2.234375,85,কাসাভা: ফসল সংগ্রহ,কাণ্ড থেকে কাটিং সংগ্রহ করার পর কাটিংগুলিকে একত্রিত করে পলিথিন ব্যাগে মুড়িয়ে ছায়াযুক্ত স্থানে ৩ থেকে ৫ দিন রেখে দিলে স্প্রাউটিং তাড়াতাড়ি হয়।,https://objectstorage.ap-dcc-gazipur-1.oraclecloud15.com/n/axvjbnqprylg/b/V2Ministry/o/office-bari/2024/12/26c584aa513c4e7b9b7cc65b0f81fd94.pdf,0.58056640625,চারা রোপণের ৭ মাস পর থেকে কাসাভা গাছ থেকে কন্দ সংগ্রহ করা যায়।,2.978515625
856,মেটে আলু চাষে কী পরিমাণ ফলন পাওয়া যায়?,75,মেটে আলু: ফলন,জাতটির কন্দের গড় ফলন ১১৭.৮ টন/হেক্টর।,https://objectstorage.ap-dcc-gazipur-1.oraclecloud15.com/n/axvjbnqprylg/b/V2Ministry/o/office-bari/2024/12/26c584aa513c4e7b9b7cc65b0f81fd94.pdf,3.630859375,9,বারি আলু-১০১: ফলন,হেক্টরপ্রতি গড় ফলন ৪৫.৮২ টন যা অনুকূল পরিবেশে বাংলাদেশের আবহাওয়ায় সর্বোচ্চ ৫০ টন পর্যন্ত হয়।,https://objectstorage.ap-dcc-gazipur-1.oraclecloud15.com/n/axvjbnqprylg/b/V2Ministry/o/office-bari/2024/12/26c584aa513c4e7b9b7cc65b0f81fd94.pdf,-1.0498046875,13,বারি আলু-১০২: ফলন,হেক্টর প্রতি গড় ফলন ৩৬.০০ টন যা অনুকূল পরিবেশে বাংলাদেশের আবহাওয়ায় সর্বোচ্চ ৪০.০০ টন পর্যন্ত হয়।,https://objectstorage.ap-dcc-gazipur-1.oraclecloud15.com/n/axvjbnqprylg/b/V2Ministry/o/office-bari/2024/12/26c584aa513c4e7b9b7cc65b0f81fd94.pdf,-1.0693359375,হেক্টরপ্রতি গড় ফলন ৪৫.৮২ টন যা অনুকূল পরিবেশে বাংলাদেশের আবহাওয়ায় সর্বোচ্চ ৫০ টন পর্যন্ত হয়।,-1.41015625
857,কাঁঠালের জলাবদ্ধতা ও পানি নিষ্কাশন সম্পর্কে কী নির্দেশনা আছে?,221,কাঁঠাল: জলাবদ্ধতা ও পানি নিষ্কাশন,সাধারণত উঁচু ও মাঝারি উঁচু জমি যেখানে পানি নিষ্কাশনের সুব্যবস্থা রয়েছে এমন উর্বর জমি কাঁঠালের চাষের জন্য উপযোগী।,https://objectstorage.ap-dcc-gazipur-1.oraclecloud15.com/n/axvjbnqprylg/b/V2Ministry/o/office-bari/2024/12/26c584aa513c4e7b9b7cc65b0f81fd94.pdf,2.580078125,220,কাঁঠাল: জলাবদ্ধতা ও পানি নিষ্কাশন,কাঁঠাল গাছ জলাবদ্ধতা সহ্য করতে পারে না।,https://objectstorage.ap-dcc-gazipur-1.oraclecloud15.com/n/axvjbnqprylg/b/V2Ministry/o/office-bari/2024/12/26c584aa513c4e7b9b7cc65b0f81fd94.pdf,2.09375,234,কাঁঠাল: জলাবদ্ধতা ও পানি নিষ্কাশন,বর্ষা মৌসুমে বৃষ্টির পানি দ্রুত নিষ্কাশনের সুব্যবস্থা করা আবশ্যক।,https://objectstorage.ap-dcc-gazipur-1.oraclecloud15.com/n/axvjbnqprylg/b/V2Ministry/o/office-bari/2024/12/26c584aa513c4e7b9b7cc65b0f81fd94.pdf,1.904296875,সাধারণত উঁচু ও মাঝারি উঁচু জমি যেখানে পানি নিষ্কাশনের সুব্যবস্থা রয়েছে এমন উর্বর জমি কাঁঠালের চাষের জন্য উপযোগী।,-0.5078125
858,পানিকচু সম্পর্কে চারা রোপণের গভীরতা বিষয়ে কী বলা হয়েছে?,50,পানিকচু: চারা উৎপাদন ও পরিচর্যা,চারা রোপণের জন্য মাটির গভীরতা হবে ৫-৬ সে.মি.।,https://objectstorage.ap-dcc-gazipur-1.oraclecloud15.com/n/axvjbnqprylg/b/V2Ministry/o/office-bari/2024/12/26c584aa513c4e7b9b7cc65b0f81fd94.pdf,4.4765625,49,পানিকচু: রোপণ বা বপনের দূরত্ব,সারি থেকে সারির দূরত্ব ৬০ সে.মি. এবং গাছ থেকে গাছের দূরত্ব ৪৫ সে.মি. রাখতে হবে।,https://objectstorage.ap-dcc-gazipur-1.oraclecloud15.com/n/axvjbnqprylg/b/V2Ministry/o/office-bari/2024/12/26c584aa513c4e7b9b7cc65b0f81fd94.pdf,0.1925048828125,42,পানিকচু: চারা উৎপাদন ও পরিচর্যা,মূল জমিতে চারা রোপণ করতে দেরি হলে পানিকচুর চারা ভেজা মাটি ও ছায়া যুক্ত স্থানে রেখে দিতে হবে।,https://objectstorage.ap-dcc-gazipur-1.oraclecloud15.com/n/axvjbnqprylg/b/V2Ministry/o/office-bari/2024/12/26c584aa513c4e7b9b7cc65b0f81fd94.pdf,-0.115966796875,চারা রোপণের জন্য মাটির গভীরতা হবে ৫-৬ সে.মি.।,1.2685546875
859,মাঠের ইঁদুর ব্যবস্থাপনা সম্পর্কে গোবরের বল শুকানোর সময় বিষয়ে কী বলা হয়েছে?,475,মাঠের ইঁদুর ব্যবস্থাপনা: পোকামাকড় বা ক্ষতিকর প্রাণী ব্যবস্থাপনা,গোবরের বল গুলোকে ২ দিন পর্যন্ত শুকিয়ে ইঁদুর তাড়ানোর কাজে ব্যবহার করা হয়।,https://objectstorage.ap-dcc-gazipur-1.oraclecloud15.com/n/axvjbnqprylg/b/V2Ministry/o/office-bari/2024/12/26c584aa513c4e7b9b7cc65b0f81fd94.pdf,5.02734375,478,মাঠের ইঁদুর ব্যবস্থাপনা: সংরক্ষণ,তৈরিকৃত গোবরের বল ১ মাস পর্যন্ত প্লাস্টিক জারে সংরক্ষণ করে ব্যবহার করা যায়।,https://objectstorage.ap-dcc-gazipur-1.oraclecloud15.com/n/axvjbnqprylg/b/V2Ministry/o/office-bari/2024/12/26c584aa513c4e7b9b7cc65b0f81fd94.pdf,1.9619140625,477,মাঠের ইঁদুর ব্যবস্থাপনা: পোকামাকড় বা ক্ষতিকর প্রাণী ব্যবস্থাপনা,একদিন পরে গর্তের খোলা মুখে আবার গোবরের বল দিতে হয়।,https://objectstorage.ap-dcc-gazipur-1.oraclecloud15.com/n/axvjbnqprylg/b/V2Ministry/o/office-bari/2024/12/26c584aa513c4e7b9b7cc65b0f81fd94.pdf,1.6435546875,গোবরের বল গুলোকে ২ দিন পর্যন্ত শুকিয়ে ইঁদুর তাড়ানোর কাজে ব্যবহার করা হয়।,3.611328125
860,অড়হর সারিতে বপন করলে প্রতি হেক্টরে কত বীজ লাগে?,205,অড়হর: বীজের হার,সারিতে বপন করলে প্রতি হেক্টরে ১ কেজি বীজের প্রয়োজন হবে।,https://objectstorage.ap-dcc-gazipur-1.oraclecloud15.com/n/axvjbnqprylg/b/V2Ministry/o/office-bari/2024/12/26c584aa513c4e7b9b7cc65b0f81fd94.pdf,6.86328125,211,অড়হর: ফলন,অড়হর জাতের বীজের ফলন প্রতি হেক্টরে ১.৫-১.৮ টন।,https://objectstorage.ap-dcc-gazipur-1.oraclecloud15.com/n/axvjbnqprylg/b/V2Ministry/o/office-bari/2024/12/26c584aa513c4e7b9b7cc65b0f81fd94.pdf,4.40234375,200,বারি অড়হর-১: বীজ বা দানার বৈশিষ্ট্য,১০০ বীজের ওজন ১১-১২ গ্রাম এবং ফলন প্রতি হেক্টরে প্রায় ১.৫-১.৮ টন।,https://objectstorage.ap-dcc-gazipur-1.oraclecloud15.com/n/axvjbnqprylg/b/V2Ministry/o/office-bari/2024/12/26c584aa513c4e7b9b7cc65b0f81fd94.pdf,3.193359375,অড়হর জাতের বীজের ফলন প্রতি হেক্টরে ১.৫-১.৮ টন।,5.76171875
861,মেটে আলুর সার প্রয়োগ সম্পর্কে কী বলা হয়েছে?,73,মেটে আলু: সার ব্যবস্থাপনা,ইউরিয়া অর্ধেক এবং অবশিষ্ট এমপি সারের অর্ধেক বীজ রোপণের ৩৫-৪০ দিন পর এবং অর্ধেক ইউরিয়া ও অবশিষ্ট এমপি সার বীজ রোপণের ৭০-৮০ দিনের মধ্যে উপরি প্রয়োগ করতে হবে।,https://objectstorage.ap-dcc-gazipur-1.oraclecloud15.com/n/axvjbnqprylg/b/V2Ministry/o/office-bari/2024/12/26c584aa513c4e7b9b7cc65b0f81fd94.pdf,2.650390625,71,মেটে আলু: সার ব্যবস্থাপনা,"হেক্টরপ্রতি ২০ টন গোবর বা খামারজাত সার ও ২ টন ছাই, ২৬০ কেজি ইউরিয়া, ৩০০ কেজি টিএসপি এবং ১৬০ কেজি এমপি সার প্রয়োগ করতে হবে।",https://objectstorage.ap-dcc-gazipur-1.oraclecloud15.com/n/axvjbnqprylg/b/V2Ministry/o/office-bari/2024/12/26c584aa513c4e7b9b7cc65b0f81fd94.pdf,2.537109375,70,মেটে আলু: সার ব্যবস্থাপনা,মেটে আলুতে জৈব সারের ব্যাপক প্রভাব রয়েছে।,https://objectstorage.ap-dcc-gazipur-1.oraclecloud15.com/n/axvjbnqprylg/b/V2Ministry/o/office-bari/2024/12/26c584aa513c4e7b9b7cc65b0f81fd94.pdf,1.0126953125,মেটে আলুতে জৈব সারের ব্যাপক প্রভাব রয়েছে।,0.1824951171875
862,বারি বার্লি-১০-এর হাজার দানার ওজন কত?,140,বারি বার্লি-১০: বীজ বা দানার বৈশিষ্ট্য,হাজার দানার ওজন ৩৬-৪০ গ্রাম।,https://objectstorage.ap-dcc-gazipur-1.oraclecloud15.com/n/axvjbnqprylg/b/V2Ministry/o/office-bari/2024/12/26c584aa513c4e7b9b7cc65b0f81fd94.pdf,7.11328125,151,বারি চিয়া ১: বীজ বা দানার বৈশিষ্ট্য,হাজার দানার ওজন ১.২ গ্রাম।,https://objectstorage.ap-dcc-gazipur-1.oraclecloud15.com/n/axvjbnqprylg/b/V2Ministry/o/office-bari/2024/12/26c584aa513c4e7b9b7cc65b0f81fd94.pdf,2.251953125,167,বারি চিনা-২: বীজ বা দানার বৈশিষ্ট্য,হাজার দানার ওজন ৫-৫.৫ গ্রাম।বাংলাদেশের সকল এলাকাতে এই জাতটি চাষ করা যায়।,https://objectstorage.ap-dcc-gazipur-1.oraclecloud15.com/n/axvjbnqprylg/b/V2Ministry/o/office-bari/2024/12/26c584aa513c4e7b9b7cc65b0f81fd94.pdf,1.291015625,হাজার দানার ওজন ১.২ গ্রাম।,4.10546875
863,বারি ঝাড়শীম-৪ সম্পর্কে গাছপ্রতি পডের সংখ্যা ও ওজন বিষয়ে কী বলা হয়েছে?,260,বারি ঝাড়শীম-৪: ফলের বৈশিষ্ট্য,প্রতি গাছে পডের সংখ্যা প্রায় ১৮ টি ও গড় ওজন ২২৮.২৬ গ্রাম।,https://objectstorage.ap-dcc-gazipur-1.oraclecloud15.com/n/axvjbnqprylg/b/V2Ministry/o/office-bari/2024/12/26c584aa513c4e7b9b7cc65b0f81fd94.pdf,7.4609375,261,বারি ঝাড়শীম-৪: বীজ বা দানার বৈশিষ্ট্য,প্রতি পডে ৭-৯ টি বীজ থাকে এবং ১০০ টি বীজের ওজন ৯৭.২৭ গ্রাম।,https://objectstorage.ap-dcc-gazipur-1.oraclecloud15.com/n/axvjbnqprylg/b/V2Ministry/o/office-bari/2024/12/26c584aa513c4e7b9b7cc65b0f81fd94.pdf,5.9765625,259,বারি ঝাড়শীম-৪: ফলের বৈশিষ্ট্য,১৮-২৩ সে.মি. লম্বা ও ১.০-১.৩ সেমি চওড়া প্রতি পডের গড় ওজন ১৬.১২ গ্রাম।,https://objectstorage.ap-dcc-gazipur-1.oraclecloud15.com/n/axvjbnqprylg/b/V2Ministry/o/office-bari/2024/12/26c584aa513c4e7b9b7cc65b0f81fd94.pdf,5.94921875,প্রতি গাছে পডের সংখ্যা প্রায় ১৮ টি ও গড় ওজন ২২৮.২৬ গ্রাম।,2.36328125
864,অড়হর সার ব্যবস্থাপনায় কী নির্দেশনা আছে?,210,অড়হর: সার ব্যবস্থাপনা,সার ব্যবস্থাপনা: অড়হর ফসলে তেমন একটা সারের প্রয়োজন হয় না।,https://objectstorage.ap-dcc-gazipur-1.oraclecloud15.com/n/axvjbnqprylg/b/V2Ministry/o/office-bari/2024/12/26c584aa513c4e7b9b7cc65b0f81fd94.pdf,1.46484375,22,আলু: সার ব্যবস্থাপনা,"অর্ধেক ইউরিয়া, সম্পূর্ণ টিএসপি, এমওপি, জিপসাম, ম্যাগনেসিয়াম সালফেট ও বোরন সার রোপণের সময় সারির দুই পার্শ্বে বা জমিতে মিশিয়ে দিতে হবে।",https://objectstorage.ap-dcc-gazipur-1.oraclecloud15.com/n/axvjbnqprylg/b/V2Ministry/o/office-bari/2024/12/26c584aa513c4e7b9b7cc65b0f81fd94.pdf,-2.392578125,23,আলু: সার ব্যবস্থাপনা,সার প্রয়োগের পর সাথে সাথে সার ও বীজ মাটি দিয়ে ভেলী তুলে ঢেকে দিতে হবে।,https://objectstorage.ap-dcc-gazipur-1.oraclecloud15.com/n/axvjbnqprylg/b/V2Ministry/o/office-bari/2024/12/26c584aa513c4e7b9b7cc65b0f81fd94.pdf,-3.083984375,সার ব্যবস্থাপনা: অড়হর ফসলে তেমন একটা সারের প্রয়োজন হয় না।,-0.38037109375
865,বারি চীনাবাদাম-১২-এর ১০০টি খোসাছাড়া বাদামের ওজন কত?,105,বারি চীনাবাদাম-১২: বীজ বা দানার বৈশিষ্ট্য,১০০ বাদামের (খোসা ছাড়া) ওজন ৫৫-৬০ গ্রাম।,https://objectstorage.ap-dcc-gazipur-1.oraclecloud15.com/n/axvjbnqprylg/b/V2Ministry/o/office-bari/2024/12/26c584aa513c4e7b9b7cc65b0f81fd94.pdf,7.84375,131,চীনাবাদাম: বীজের হার,হেক্টর প্রতি ১০০ কেজি বা একর প্রতি ৪০ কেজি খোসাসহ বীজের প্রয়োজন হয়।,https://objectstorage.ap-dcc-gazipur-1.oraclecloud15.com/n/axvjbnqprylg/b/V2Ministry/o/office-bari/2024/12/26c584aa513c4e7b9b7cc65b0f81fd94.pdf,-1.08984375,275,বারি সুপারি-২: ওজন,খোসা সহ একক শুকনা সুপারির গড় ওজন ১৪.০৭ গ্রাম।,https://objectstorage.ap-dcc-gazipur-1.oraclecloud15.com/n/axvjbnqprylg/b/V2Ministry/o/office-bari/2024/12/26c584aa513c4e7b9b7cc65b0f81fd94.pdf,-1.66015625,১০০ বাদামের (খোসা ছাড়া) ওজন ৫৫-৬০ গ্রাম।,6.48046875
866,মরিচের সেচ ব্যবস্থাপনায় কী নির্দেশনা আছে?,370,মরিচ: সেচ ব্যবস্থাপনা,চারা রোপণের পরপর জমিতে পানি সেচ দেওয়ার ব্যবস্থা করতে হবে।,https://objectstorage.ap-dcc-gazipur-1.oraclecloud15.com/n/axvjbnqprylg/b/V2Ministry/o/office-bari/2024/12/26c584aa513c4e7b9b7cc65b0f81fd94.pdf,2.220703125,399,মরিচের সাথে পাতা জাতীয় সবজি আন্তঃফসল: সেচ ব্যবস্থাপনা,জমির আর্দ্রতার উপর নির্ভর করে ৩/৪টি সেচ দিতে হবে।,https://objectstorage.ap-dcc-gazipur-1.oraclecloud15.com/n/axvjbnqprylg/b/V2Ministry/o/office-bari/2024/12/26c584aa513c4e7b9b7cc65b0f81fd94.pdf,1.2666015625,398,মরিচের সাথে পাতা জাতীয় সবজি আন্তঃফসল: সেচ ব্যবস্থাপনা,সেচ মাটিতে অতিরিক্ত আর্দ্রতা রাখা যাবে না।,https://objectstorage.ap-dcc-gazipur-1.oraclecloud15.com/n/axvjbnqprylg/b/V2Ministry/o/office-bari/2024/12/26c584aa513c4e7b9b7cc65b0f81fd94.pdf,1.240234375,সেচ মাটিতে অতিরিক্ত আর্দ্রতা রাখা যাবে না।,-3.880859375
867,বারি কফি-১-এর ফলন কত?,305,বারি কফি-১: ফলন,কফির জাত বারি কফি-১ উচ্চ ফলনশীল (গাছ প্রতি গড় ফলন ৭.৯৪ কেজি) ও নিয়মিত ফলদানকারী।,https://objectstorage.ap-dcc-gazipur-1.oraclecloud15.com/n/axvjbnqprylg/b/V2Ministry/o/office-bari/2024/12/26c584aa513c4e7b9b7cc65b0f81fd94.pdf,7.8046875,307,বারি কফি-১: ফলের বৈশিষ্ট্য,১০০টি ফলের গড় ওজন ১০২ গ্রাম।,https://objectstorage.ap-dcc-gazipur-1.oraclecloud15.com/n/axvjbnqprylg/b/V2Ministry/o/office-bari/2024/12/26c584aa513c4e7b9b7cc65b0f81fd94.pdf,3.53515625,306,বারি কফি-১: ফলের বৈশিষ্ট্য,ফলের গড় দৈর্ঘ্য ১.৩০ সে.মি. এবং প্রস্থ ১.২০ সে.মি.।,https://objectstorage.ap-dcc-gazipur-1.oraclecloud15.com/n/axvjbnqprylg/b/V2Ministry/o/office-bari/2024/12/26c584aa513c4e7b9b7cc65b0f81fd94.pdf,2.29296875,কফির জাত বারি কফি-১ উচ্চ ফলনশীল (গাছ প্রতি গড় ফলন ৭.৯৪ কেজি) ও নিয়মিত ফলদানকারী।,7.4453125
868,বারি চিনা-২ কীভাবে বপন করতে হবে?,170,বারি চিনা-২: বপন পদ্ধতি,সারিতে বুনলে দু'সারির মাঝে দূরত্ব রাখতে হবে ২০-৩০ সে.মি.।,https://objectstorage.ap-dcc-gazipur-1.oraclecloud15.com/n/axvjbnqprylg/b/V2Ministry/o/office-bari/2024/12/26c584aa513c4e7b9b7cc65b0f81fd94.pdf,2.796875,171,বারি চিনা-২: বীজের হার,ছিটিয়ে বুনলে হেক্টর প্রতি ২০ কেজি এবং সারিতে বুনলে ১৮ কেজি বীজ বুনতে হবে।,https://objectstorage.ap-dcc-gazipur-1.oraclecloud15.com/n/axvjbnqprylg/b/V2Ministry/o/office-bari/2024/12/26c584aa513c4e7b9b7cc65b0f81fd94.pdf,2.181640625,172,বারি চিনা-২: চারা উৎপাদন ও পরিচর্যা,বীজ গজানোর ১২-১৫ দিন পর চারা পাতলা করে দিতে হবে।,https://objectstorage.ap-dcc-gazipur-1.oraclecloud15.com/n/axvjbnqprylg/b/V2Ministry/o/office-bari/2024/12/26c584aa513c4e7b9b7cc65b0f81fd94.pdf,1.05859375,ছিটিয়ে বুনলে হেক্টর প্রতি ২০ কেজি এবং সারিতে বুনলে ১৮ কেজি বীজ বুনতে হবে।,-5.2734375
869,আলুর টিউবার মথ ব্যবস্থাপনার সংরক্ষণ সম্পর্কে কী নির্দেশনা আছে?,490,আলু: টিউবার মথ ব্যবস্থাপনা: সংরক্ষণ,উল্লেখযোগ্য বৈশিষ্ট্য: পোকামাকড় ও রোগমুক্ত টিউবার সংগ্রহ করে ঘরে উত্তম বাতাস চলাচল করে এমন স্থানে আলু সংরক্ষণ করতে হবে।,https://objectstorage.ap-dcc-gazipur-1.oraclecloud15.com/n/axvjbnqprylg/b/V2Ministry/o/office-bari/2024/12/26c584aa513c4e7b9b7cc65b0f81fd94.pdf,4.5546875,491,আলু: টিউবার মথ ব্যবস্থাপনা: পোকামাকড় বা ক্ষতিকর প্রাণী ব্যবস্থাপনা,আর্থ-সামাজিক প্রেক্ষাপট: প্রযুক্তি ব্যবহারে আলুর সুতলি পোকা দমন করার মাধ্যমে আলুর সংগ্রহোত্তর ক্ষতি কমানো সম্ভব।,https://objectstorage.ap-dcc-gazipur-1.oraclecloud15.com/n/axvjbnqprylg/b/V2Ministry/o/office-bari/2024/12/26c584aa513c4e7b9b7cc65b0f81fd94.pdf,-0.2303466796875,488,আলু: টিউবার মথ ব্যবস্থাপনা: ক্ষতির প্রভাব,আক্রান্ত অংশে পরবর্তীতে রোগের আক্রমণ হতে পারে ফলে খাদ্য এবং বীজ হিসাবে ব্যবহারের অনুপযোগী হয়ে যায়।,https://objectstorage.ap-dcc-gazipur-1.oraclecloud15.com/n/axvjbnqprylg/b/V2Ministry/o/office-bari/2024/12/26c584aa513c4e7b9b7cc65b0f81fd94.pdf,-1.0751953125,উল্লেখযোগ্য বৈশিষ্ট্য: পোকামাকড় ও রোগমুক্ত টিউবার সংগ্রহ করে ঘরে উত্তম বাতাস চলাচল করে এমন স্থানে আলু সংরক্ষণ করতে হবে।,1.0478515625
870,চর এলাকায় বিনা চাষে পেঁয়াজের আগাছা দমন সম্পর্কে কী নির্দেশনা আছে?,432,চর এলাকায় বিনা চাষে পেঁয়াজ: আগাছা ব্যবস্থাপনা,চর এলাকায় পেঁয়াজ বীজ বপনের ২০-২৫ দিনের মধ্যে আগাছা দমনের ব্যবস্থা নিতে হবে।,https://objectstorage.ap-dcc-gazipur-1.oraclecloud15.com/n/axvjbnqprylg/b/V2Ministry/o/office-bari/2024/12/26c584aa513c4e7b9b7cc65b0f81fd94.pdf,5.5078125,433,চর এলাকায় বিনা চাষে পেঁয়াজ: আগাছা ব্যবস্থাপনা,জমিতে আগাছার পরিমাণ বেশি হলে ৪০-৫০ দিনের মধ্যে দ্বিতীয়বার নিড়ানী দিয়ে আগাছা দমন করতে হবে।,https://objectstorage.ap-dcc-gazipur-1.oraclecloud15.com/n/axvjbnqprylg/b/V2Ministry/o/office-bari/2024/12/26c584aa513c4e7b9b7cc65b0f81fd94.pdf,4.67578125,428,চর এলাকায় বিনা চাষে পেঁয়াজ: সার ব্যবস্থাপনা,চর এলাকায় সাধারণত সেচের সাথে সাথেই জমিতে সার প্রয়োগ করতে হবে যাতে প্রয়োগকৃত সার দ্রুত মাটিতে মিশে যায়।,https://objectstorage.ap-dcc-gazipur-1.oraclecloud15.com/n/axvjbnqprylg/b/V2Ministry/o/office-bari/2024/12/26c584aa513c4e7b9b7cc65b0f81fd94.pdf,1.5322265625,চর এলাকায় পেঁয়াজ বীজ বপনের ২০-২৫ দিনের মধ্যে আগাছা দমনের ব্যবস্থা নিতে হবে।,3.73828125
871,পালংশাকের কম্পোস্ট ব্যবস্থাপনা কোন মৌসুমে চাষ করা হয় বা উপযোগী?,406,পালংশাক: কম্পোস্ট ব্যবস্থাপনা: বপনের সময়,প্রযুক্তি ব্যবহারের তথ্য: শস্য: পালংশাক; জাত: বারি পালংশাক-২; বপনের সময়: ১৫-৩০ নভেম্বর।,https://objectstorage.ap-dcc-gazipur-1.oraclecloud15.com/n/axvjbnqprylg/b/V2Ministry/o/office-bari/2024/12/26c584aa513c4e7b9b7cc65b0f81fd94.pdf,3.6875,405,পালংশাক: কম্পোস্ট ব্যবস্থাপনা: প্রযুক্তির উপযোগিতা,"অঞ্চল: কৃষি পরিবেশ অঞ্চল-২৮, এলাকা: গাজীপুর, মৌসুম: রবি।",https://objectstorage.ap-dcc-gazipur-1.oraclecloud15.com/n/axvjbnqprylg/b/V2Ministry/o/office-bari/2024/12/26c584aa513c4e7b9b7cc65b0f81fd94.pdf,2.431640625,410,পালংশাক: কম্পোস্ট ব্যবস্থাপনা: মৌসুম,রবি মৌসুমে প্রতিটি গাছের গোড়ায় সঠিক পরিমাণে পানি পৌঁছানো খুবই গুরুত্বপূর্ণ বিষয় যা আমাদের ব্যস্তময় জীবনে সম্ভব হয় না।,https://objectstorage.ap-dcc-gazipur-1.oraclecloud15.com/n/axvjbnqprylg/b/V2Ministry/o/office-bari/2024/12/26c584aa513c4e7b9b7cc65b0f81fd94.pdf,2.29296875,প্রযুক্তি ব্যবহারের তথ্য: শস্য: পালংশাক; জাত: বারি পালংশাক-২; বপনের সময়: ১৫-৩০ নভেম্বর।,-0.06719970703125
872,বারি লটকন-২-এর ফল সম্পর্কে কী তথ্য আছে?,238,বারি লটকন-২: ফলন,ত্রিশ বছর বয়সী প্রতিটি গাছে গড় ফলের সংখ্যা ২৮৫৮ টি এবং ফলন প্রতি বছরে ৬১.৫৭ কেজি/ গাছ এবং ৯.৬১ টন/হেক্টর।,https://objectstorage.ap-dcc-gazipur-1.oraclecloud15.com/n/axvjbnqprylg/b/V2Ministry/o/office-bari/2024/12/26c584aa513c4e7b9b7cc65b0f81fd94.pdf,5.2890625,236,বারি লটকন-২: ফলের বৈশিষ্ট্য,পাকা ফল দেখতে উজ্জ্বল হলুদ বর্ণের এবং টিএসএস ২০.৪৭ %।,https://objectstorage.ap-dcc-gazipur-1.oraclecloud15.com/n/axvjbnqprylg/b/V2Ministry/o/office-bari/2024/12/26c584aa513c4e7b9b7cc65b0f81fd94.pdf,5.140625,235,বারি লটকন-২: ফলের বৈশিষ্ট্য,গোলাকৃতি ফলের গড় ওজন ২১.৫৭ গ্রাম।,https://objectstorage.ap-dcc-gazipur-1.oraclecloud15.com/n/axvjbnqprylg/b/V2Ministry/o/office-bari/2024/12/26c584aa513c4e7b9b7cc65b0f81fd94.pdf,5.0546875,পাকা ফল দেখতে উজ্জ্বল হলুদ বর্ণের এবং টিএসএস ২০.৪৭ %।,-7.89453125
873,বারি কাসাভা-২-এর কন্দ বা রাইজোমের বৈশিষ্ট্য কী?,80,বারি কাসাভা-২: কন্দ বা রাইজোমের বৈশিষ্ট্য,টিউবার হালকা বাদামী এবং এর মাংসল ক্রিম বর্ণের হয়।,https://objectstorage.ap-dcc-gazipur-1.oraclecloud15.com/n/axvjbnqprylg/b/V2Ministry/o/office-bari/2024/12/26c584aa513c4e7b9b7cc65b0f81fd94.pdf,5.9296875,81,বারি কাসাভা-২: কাণ্ডের বৈশিষ্ট্য,গাছের দৈর্ঘ্য ২২৮.৮ সেমি. যার কাণ্ড ধুসর বর্ণের।,https://objectstorage.ap-dcc-gazipur-1.oraclecloud15.com/n/axvjbnqprylg/b/V2Ministry/o/office-bari/2024/12/26c584aa513c4e7b9b7cc65b0f81fd94.pdf,3.041015625,78,বারি কাসাভা-১: কন্দ বা রাইজোমের বৈশিষ্ট্য,টিউবার ঘন বাদামী এবং এর মাংসল সাদা বর্ণের হয়।,https://objectstorage.ap-dcc-gazipur-1.oraclecloud15.com/n/axvjbnqprylg/b/V2Ministry/o/office-bari/2024/12/26c584aa513c4e7b9b7cc65b0f81fd94.pdf,2.7890625,গাছের দৈর্ঘ্য ২২৮.৮ সেমি. যার কাণ্ড ধুসর বর্ণের।,-6.8515625
874,চীনাবাদাম চাষের জন্য কী ধরনের মাটি উপযোগী?,110,চীনাবাদাম: মাটি ও জমির উপযোগিতা,ক্যালসিয়াম ও জৈব পদার্থ সমৃদ্ধ বেলে দো-আঁশ মাটি চীনাবাদাম উৎপাদনের জন্য উপযুক্ত।,https://objectstorage.ap-dcc-gazipur-1.oraclecloud15.com/n/axvjbnqprylg/b/V2Ministry/o/office-bari/2024/12/26c584aa513c4e7b9b7cc65b0f81fd94.pdf,6.6640625,113,চীনাবাদাম: মাটি ও জমির উপযোগিতা,চীনাবাদাম উৎপাদনের জন্য চরাঞ্চলের বেলে মাটি সবচেয়ে ভাল।,https://objectstorage.ap-dcc-gazipur-1.oraclecloud15.com/n/axvjbnqprylg/b/V2Ministry/o/office-bari/2024/12/26c584aa513c4e7b9b7cc65b0f81fd94.pdf,6.546875,115,চীনাবাদাম: মাটি ও জমির উপযোগিতা,বেলে দো-আঁশ মাটিতে সহজে শিকড় ও পেগ মাটিতে প্রবেশ করতে পারে বিধায় চীনাবাদাম অধিক ফলন দেয়।,https://objectstorage.ap-dcc-gazipur-1.oraclecloud15.com/n/axvjbnqprylg/b/V2Ministry/o/office-bari/2024/12/26c584aa513c4e7b9b7cc65b0f81fd94.pdf,5.484375,চীনাবাদাম উৎপাদনের জন্য চরাঞ্চলের বেলে মাটি সবচেয়ে ভাল।,7.2265625
875,জোয়ার সেচ ব্যবস্থাপনায় কী নির্দেশনা আছে?,185,জোয়ার: সেচ ব্যবস্থাপনা,সেচের ব্যবস্থা না থাকলে সমস্ত সার শেষ চাষের সময় প্রয়োগ করা উত্তম।,https://objectstorage.ap-dcc-gazipur-1.oraclecloud15.com/n/axvjbnqprylg/b/V2Ministry/o/office-bari/2024/12/26c584aa513c4e7b9b7cc65b0f81fd94.pdf,0.1634521484375,387,মসুর: অণুজীব সার: সেচ ব্যবস্থাপনা,জমিতে পর্যাপ্ত 'জো' না থাকলে বীজ বপনের পর জমিতে সেচ দিতে হবে।,https://objectstorage.ap-dcc-gazipur-1.oraclecloud15.com/n/axvjbnqprylg/b/V2Ministry/o/office-bari/2024/12/26c584aa513c4e7b9b7cc65b0f81fd94.pdf,-1.80859375,348,চুইঝাল: সেচ ব্যবস্থাপনা,"সার ও সেচ ব্যবস্থাপনা: চারা রোপণের কমপক্ষে ১০-১৫ দিন আগে গর্ত প্রতি ১০ কেজি পচা গোবর সার, ১১৫ গ্রাম টিএসপি, ১০০ গ্রাম এমওপি সার মিশিয়ে দিয়ে গর্ত ভরাট করে রেখে দিতে হয়।",https://objectstorage.ap-dcc-gazipur-1.oraclecloud15.com/n/axvjbnqprylg/b/V2Ministry/o/office-bari/2024/12/26c584aa513c4e7b9b7cc65b0f81fd94.pdf,-2.943359375,"সার ও সেচ ব্যবস্থাপনা: চারা রোপণের কমপক্ষে ১০-১৫ দিন আগে গর্ত প্রতি ১০ কেজি পচা গোবর সার, ১১৫ গ্রাম টিএসপি, ১০০ গ্রাম এমওপি সার মিশিয়ে দিয়ে গর্ত ভরাট করে রেখে দিতে হয়।",-3.611328125
876,মরিচের সাথে পাতা জাতীয় সবজি আন্তঃফসলের আগাছা দমন সম্পর্কে কী নির্দেশনা আছে?,400,মরিচের সাথে পাতা জাতীয় সবজি আন্তঃফসল: আগাছা ব্যবস্থাপনা,আগাছা দমন জমিতে আগাছার পরিমাণের উপর নির্ভর করে নিড়ানী দিতে হবে।,https://objectstorage.ap-dcc-gazipur-1.oraclecloud15.com/n/axvjbnqprylg/b/V2Ministry/o/office-bari/2024/12/26c584aa513c4e7b9b7cc65b0f81fd94.pdf,3.796875,401,মরিচের সাথে পাতা জাতীয় সবজি আন্তঃফসল: আগাছা ব্যবস্থাপনা,যদি আগাছা বেশি থাকে তাহলে নিড়ানী বেশি দিতে হবে।,https://objectstorage.ap-dcc-gazipur-1.oraclecloud15.com/n/axvjbnqprylg/b/V2Ministry/o/office-bari/2024/12/26c584aa513c4e7b9b7cc65b0f81fd94.pdf,1.7333984375,397,মরিচের সাথে পাতা জাতীয় সবজি আন্তঃফসল: রোপণ বা বপনের দূরত্ব,"বপন/রোপণ দূরত্ব মরিচের স্বাভাবিক সারি (৬০ সেমি × ৫০ সেমি),পাতা জাতীয় সবজি (২০ সেমি) বপন/রোপণ পদ্ধতি দুই সারি মরিচের মাঝে দুই সারিপাতা জাতীয় সবজির বীজ বপন করা হয়।",https://objectstorage.ap-dcc-gazipur-1.oraclecloud15.com/n/axvjbnqprylg/b/V2Ministry/o/office-bari/2024/12/26c584aa513c4e7b9b7cc65b0f81fd94.pdf,1.2373046875,"বপন/রোপণ দূরত্ব মরিচের স্বাভাবিক সারি (৬০ সেমি × ৫০ সেমি),পাতা জাতীয় সবজি (২০ সেমি) বপন/রোপণ পদ্ধতি দুই সারি মরিচের মাঝে দুই সারিপাতা জাতীয় সবজির বীজ বপন করা হয়।",-1.13671875
877,বারি আলু-১০২-এর গাছের উচ্চতা কত?,10,বারি আলু-১০২: গাছের উচ্চতা,গাছ মধ্যম উচ্চতা সম্পন্ন ইন্টারমিডিয়েট টাইপ এবং গড়ে ৪-৫টি কাণ্ড থাকে।,https://objectstorage.ap-dcc-gazipur-1.oraclecloud15.com/n/axvjbnqprylg/b/V2Ministry/o/office-bari/2024/12/26c584aa513c4e7b9b7cc65b0f81fd94.pdf,2.509765625,137,বারি বার্লি-১০: গাছের উচ্চতা,গাছের উচ্চতা ৯০-৯৫ সে.মি.।,https://objectstorage.ap-dcc-gazipur-1.oraclecloud15.com/n/axvjbnqprylg/b/V2Ministry/o/office-bari/2024/12/26c584aa513c4e7b9b7cc65b0f81fd94.pdf,2.47265625,165,বারি চিনা-২: গাছের উচ্চতা,গাছের উচ্চতা ৮২-৮৪ সে.মি.।,https://objectstorage.ap-dcc-gazipur-1.oraclecloud15.com/n/axvjbnqprylg/b/V2Ministry/o/office-bari/2024/12/26c584aa513c4e7b9b7cc65b0f81fd94.pdf,2.08984375,গাছের উচ্চতা ৮২-৮৪ সে.মি.।,0.59716796875
878,বারি ডাঁটা-৪-এর বীজ সংগ্রহের সময় কত?,250,বারি ডাঁটা-৪: বীজ সংগ্রহের সময়,বীজ উৎপাদনের জন্য বপনের ১৩০-১৫০ দিন পর বীজ সংগ্রহপযোগী হয়।,https://objectstorage.ap-dcc-gazipur-1.oraclecloud15.com/n/axvjbnqprylg/b/V2Ministry/o/office-bari/2024/12/26c584aa513c4e7b9b7cc65b0f81fd94.pdf,6.9453125,255,বারি ডাঁটা-৪: ফুল আসার সময়,বারি ডাঁটা-৪ সারা বছর চাষোপযোগী জাত এবং বীজ বপনের ১০০-১০৫ দিন পর ফুল আসে এবং ১২০ দিন পর কাণ্ডে হালকা আঁশ গঠিত হয়।,https://objectstorage.ap-dcc-gazipur-1.oraclecloud15.com/n/axvjbnqprylg/b/V2Ministry/o/office-bari/2024/12/26c584aa513c4e7b9b7cc65b0f81fd94.pdf,4.3828125,249,বারি ডাঁটা-৪: ব্যবহার ও উপযোগিতা,বীজ বপনের ৩০ দিন পর থেকে পাতা শাক হিসেবে এবং ৪২ দিন পর থেকে ডাঁটা খাওয়ার উপযোগী হয়।,https://objectstorage.ap-dcc-gazipur-1.oraclecloud15.com/n/axvjbnqprylg/b/V2Ministry/o/office-bari/2024/12/26c584aa513c4e7b9b7cc65b0f81fd94.pdf,2.77734375,বারি ডাঁটা-৪ সারা বছর চাষোপযোগী জাত এবং বীজ বপনের ১০০-১০৫ দিন পর ফুল আসে এবং ১২০ দিন পর কাণ্ডে হালকা আঁশ গঠিত হয়।,4.44921875
879,লটকনের সার প্রয়োগের অবস্থান বা দূরত্ব কী?,245,লটকন: সার ব্যবস্থাপনা,চারার বৃদ্ধি পর্যায়ে সার এবং গোবর গাছের গোড়া থেকে ১.০-১.৫ মিটার দূরে প্রয়োগ করতে হবে এবং মাটির সাথে মিশিয়ে দিতে হবে।,https://objectstorage.ap-dcc-gazipur-1.oraclecloud15.com/n/axvjbnqprylg/b/V2Ministry/o/office-bari/2024/12/26c584aa513c4e7b9b7cc65b0f81fd94.pdf,3.388671875,244,লটকন: রোপণ বা বপনের দূরত্ব,রোপণ দূরত্ব ৮ মিটার × ৮ মিটার।,https://objectstorage.ap-dcc-gazipur-1.oraclecloud15.com/n/axvjbnqprylg/b/V2Ministry/o/office-bari/2024/12/26c584aa513c4e7b9b7cc65b0f81fd94.pdf,0.11419677734375,349,চুইঝাল: সার ব্যবস্থাপনা,প্রতি বছর বর্ষার আগে ও পরে গাছের গোড়া থেকে ৫০ সেমি দূরে সার প্রয়োগ করতে হবে।,https://objectstorage.ap-dcc-gazipur-1.oraclecloud15.com/n/axvjbnqprylg/b/V2Ministry/o/office-bari/2024/12/26c584aa513c4e7b9b7cc65b0f81fd94.pdf,-2.919921875,চারার বৃদ্ধি পর্যায়ে সার এবং গোবর গাছের গোড়া থেকে ১.০-১.৫ মিটার দূরে প্রয়োগ করতে হবে এবং মাটির সাথে মিশিয়ে দিতে হবে।,-1.68359375
880,ছাদ বাগানের স্মার্ট সেচ বিষয়ে খুব সহজেই সেচ সম্পর্কে কী তথ্য আছে?,420,ছাদ বাগান: স্মার্ট সেচ: সেচ ব্যবস্থাপনা,খুব সহজেই সেচ সিডিউল এবং সেচের পানির পরিমাণ ডিজিটাল পদ্ধতিতে বা স্মার্ট মাধ্যমে নিয়ন্ত্রণ করা যায়।,https://objectstorage.ap-dcc-gazipur-1.oraclecloud15.com/n/axvjbnqprylg/b/V2Ministry/o/office-bari/2024/12/26c584aa513c4e7b9b7cc65b0f81fd94.pdf,6.0390625,416,ছাদ বাগান: স্মার্ট সেচ: সেচ ব্যবস্থাপনা,এভাবেই স্মার্ট সেচ পদ্ধতিটিতে সেচের সময় ও নির্দিষ্ট অন্তর স্বয়ংক্রিয় ভাবে নিয়ন্ত্রণ করা হয়।,https://objectstorage.ap-dcc-gazipur-1.oraclecloud15.com/n/axvjbnqprylg/b/V2Ministry/o/office-bari/2024/12/26c584aa513c4e7b9b7cc65b0f81fd94.pdf,3.173828125,412,ছাদ বাগান: স্মার্ট সেচ: সেচ ব্যবস্থাপনা,স্মার্ট সেচ পদ্ধতির আর্কিটেকচার স্মার্ট সেচ ব্যবস্থাপনা পদ্ধতিটির গুরুত্বপূর্ণ অংশসমূহের বর্ণনা পানির ট্যাংক ব্যবহার করা হয় যা ছাদে অবস্থিত থাকে।,https://objectstorage.ap-dcc-gazipur-1.oraclecloud15.com/n/axvjbnqprylg/b/V2Ministry/o/office-bari/2024/12/26c584aa513c4e7b9b7cc65b0f81fd94.pdf,2.63671875,খুব সহজেই সেচ সিডিউল এবং সেচের পানির পরিমাণ ডিজিটাল পদ্ধতিতে বা স্মার্ট মাধ্যমে নিয়ন্ত্রণ করা যায়।,0.1739501953125
881,বারি কাঁঠাল-৫-এর রং-সংক্রান্ত বৈশিষ্ট্য কী?,216,বারি কাঁঠাল-৫: রং ও বর্ণ,"কোষ গুলি মোটামুটি শক্ত, রস যুক্ত, গাঢ় হলুদ বর্ণের হয় এবং বেশ সুমিষ্ট (টিএসএস-২৭.৪%)।",https://objectstorage.ap-dcc-gazipur-1.oraclecloud15.com/n/axvjbnqprylg/b/V2Ministry/o/office-bari/2024/12/26c584aa513c4e7b9b7cc65b0f81fd94.pdf,4.484375,215,বারি কাঁঠাল-৫: রং ও বর্ণ,ফল সাধারণত সবুজাভ হলুদ রঙের হয়।,https://objectstorage.ap-dcc-gazipur-1.oraclecloud15.com/n/axvjbnqprylg/b/V2Ministry/o/office-bari/2024/12/26c584aa513c4e7b9b7cc65b0f81fd94.pdf,4.4453125,214,বারি কাঁঠাল-৫: ফলের বৈশিষ্ট্য,ফলের আকার মাঝারি এবং ফলের ওজন মোটামুটি ৪-৫ কিলো গ্রাম পর্যন্ত হয়ে থাকে।,https://objectstorage.ap-dcc-gazipur-1.oraclecloud15.com/n/axvjbnqprylg/b/V2Ministry/o/office-bari/2024/12/26c584aa513c4e7b9b7cc65b0f81fd94.pdf,0.658203125,ফল সাধারণত সবুজাভ হলুদ রঙের হয়।,-6.01953125
882,ছাদ বাগানের স্মার্ট সেচ বিষয়ে ইন্টারনেট সংযোগের প্রয়োজন সম্পর্কে কী তথ্য আছে?,415,ছাদ বাগান: স্মার্ট সেচ: সেচ ব্যবস্থাপনা,ওয়াই ফাই নিয়ন্ত্রিত সুইচ ব্যবহার করলে অবশ্যই সেচ পদ্ধতিটি এবং স্মার্ট মোবাইল ফোনে ইন্টারনেট সংযোগ থাকতে হবে।,https://objectstorage.ap-dcc-gazipur-1.oraclecloud15.com/n/axvjbnqprylg/b/V2Ministry/o/office-bari/2024/12/26c584aa513c4e7b9b7cc65b0f81fd94.pdf,4.875,414,ছাদ বাগান: স্মার্ট সেচ: সেচ ব্যবস্থাপনা,অপর দিকে ওয়াই ফাই নিয়ন্ত্রিত সুইচ ব্যবহার করা হলে স্মার্ট মোবাইল ফোনের মাধ্যমে যেকোনো স্থান হতে সেচের সময় ও অন্তর সেট করে দেয়া যাবে।,https://objectstorage.ap-dcc-gazipur-1.oraclecloud15.com/n/axvjbnqprylg/b/V2Ministry/o/office-bari/2024/12/26c584aa513c4e7b9b7cc65b0f81fd94.pdf,0.525390625,420,ছাদ বাগান: স্মার্ট সেচ: সেচ ব্যবস্থাপনা,খুব সহজেই সেচ সিডিউল এবং সেচের পানির পরিমাণ ডিজিটাল পদ্ধতিতে বা স্মার্ট মাধ্যমে নিয়ন্ত্রণ করা যায়।,https://objectstorage.ap-dcc-gazipur-1.oraclecloud15.com/n/axvjbnqprylg/b/V2Ministry/o/office-bari/2024/12/26c584aa513c4e7b9b7cc65b0f81fd94.pdf,-0.12127685546875,ওয়াই ফাই নিয়ন্ত্রিত সুইচ ব্যবহার করলে অবশ্যই সেচ পদ্ধতিটি এবং স্মার্ট মোবাইল ফোনে ইন্টারনেট সংযোগ থাকতে হবে।,-1.96875
883,বন্যার পানিতে তলানোর আশঙ্কা থাকলে পানিকচু চারা কখন লাগানো ভালো?,45,পানিকচু: চারা উৎপাদন ও পরিচর্যা,যে সব জায়গা বন্যার পানিতে তলিয়ে যাবার সম্ভাবনা আছে সেখানে কার্তিক মাসেই চারা লাগানো ভালো।,https://objectstorage.ap-dcc-gazipur-1.oraclecloud15.com/n/axvjbnqprylg/b/V2Ministry/o/office-bari/2024/12/26c584aa513c4e7b9b7cc65b0f81fd94.pdf,5.296875,43,পানিকচু: রোপণের সময়,আগাম ফসলের জন্য কার্তিক ও নাবী ফসলের জন্য মধ্য ফাল্গুন থেকে মধ্য বৈশাখ মাসে লাগানো যায়।,https://objectstorage.ap-dcc-gazipur-1.oraclecloud15.com/n/axvjbnqprylg/b/V2Ministry/o/office-bari/2024/12/26c584aa513c4e7b9b7cc65b0f81fd94.pdf,-0.309326171875,60,পানিকচু: ফসল সংগ্রহ,চারা লাগানোর ২ মাস পর থেকে ৫ মাস পর্যন্ত লতি সংগ্রহ করা যায়।,https://objectstorage.ap-dcc-gazipur-1.oraclecloud15.com/n/axvjbnqprylg/b/V2Ministry/o/office-bari/2024/12/26c584aa513c4e7b9b7cc65b0f81fd94.pdf,-1.34375,যে সব জায়গা বন্যার পানিতে তলিয়ে যাবার সম্ভাবনা আছে সেখানে কার্তিক মাসেই চারা লাগানো ভালো।,5.7265625
884,লটকনের চারা সম্পর্কে কী তথ্য দেওয়া হয়েছে?,242,লটকন: চারা উৎপাদন ও পরিচর্যা,চারা গর্তের ঠিক মাঝখানে খাড়াভাবে লাগাতে হবে এবং চারার চারিদিকের মাটি হাত দিয়ে চেপে ভালভাবে বসিয়ে দিতে হবে।,https://objectstorage.ap-dcc-gazipur-1.oraclecloud15.com/n/axvjbnqprylg/b/V2Ministry/o/office-bari/2024/12/26c584aa513c4e7b9b7cc65b0f81fd94.pdf,1.310546875,243,লটকন: চারা উৎপাদন ও পরিচর্যা,তারপর চারাটি খুঁটির সাথে বেঁধে দিতে হবে এবং চারার গোড়ায় ঝাঁঝরি দিয়ে পানি দিতে হবে।,https://objectstorage.ap-dcc-gazipur-1.oraclecloud15.com/n/axvjbnqprylg/b/V2Ministry/o/office-bari/2024/12/26c584aa513c4e7b9b7cc65b0f81fd94.pdf,0.814453125,240,লটকন: চারা উৎপাদন ও পরিচর্যা,চারা রোপণ করার ১৫-২০ দিন পূর্বে ৬০ সেমি × ৬০ সেমি × ৬০ সেমি আকারের গর্ত করতে হবে।,https://objectstorage.ap-dcc-gazipur-1.oraclecloud15.com/n/axvjbnqprylg/b/V2Ministry/o/office-bari/2024/12/26c584aa513c4e7b9b7cc65b0f81fd94.pdf,0.3427734375,চারা গর্তের ঠিক মাঝখানে খাড়াভাবে লাগাতে হবে এবং চারার চারিদিকের মাটি হাত দিয়ে চেপে ভালভাবে বসিয়ে দিতে হবে।,-8.7734375
885,বারি কাসাভা-২-এর কন্দ বা রাইজোম সম্পর্কে কী বলা হয়েছে?,80,বারি কাসাভা-২: কন্দ বা রাইজোমের বৈশিষ্ট্য,টিউবার হালকা বাদামী এবং এর মাংসল ক্রিম বর্ণের হয়।,https://objectstorage.ap-dcc-gazipur-1.oraclecloud15.com/n/axvjbnqprylg/b/V2Ministry/o/office-bari/2024/12/26c584aa513c4e7b9b7cc65b0f81fd94.pdf,2.427734375,78,বারি কাসাভা-১: কন্দ বা রাইজোমের বৈশিষ্ট্য,টিউবার ঘন বাদামী এবং এর মাংসল সাদা বর্ণের হয়।,https://objectstorage.ap-dcc-gazipur-1.oraclecloud15.com/n/axvjbnqprylg/b/V2Ministry/o/office-bari/2024/12/26c584aa513c4e7b9b7cc65b0f81fd94.pdf,0.0653076171875,81,বারি কাসাভা-২: কাণ্ডের বৈশিষ্ট্য,গাছের দৈর্ঘ্য ২২৮.৮ সেমি. যার কাণ্ড ধুসর বর্ণের।,https://objectstorage.ap-dcc-gazipur-1.oraclecloud15.com/n/axvjbnqprylg/b/V2Ministry/o/office-bari/2024/12/26c584aa513c4e7b9b7cc65b0f81fd94.pdf,-0.276123046875,গাছের দৈর্ঘ্য ২২৮.৮ সেমি. যার কাণ্ড ধুসর বর্ণের।,-9.3046875
886,চীনাবাদাম সম্পর্কে বেলে দো-আঁশ মাটির সুবিধা বিষয়ে কী বলা হয়েছে?,115,চীনাবাদাম: মাটি ও জমির উপযোগিতা,বেলে দো-আঁশ মাটিতে সহজে শিকড় ও পেগ মাটিতে প্রবেশ করতে পারে বিধায় চীনাবাদাম অধিক ফলন দেয়।,https://objectstorage.ap-dcc-gazipur-1.oraclecloud15.com/n/axvjbnqprylg/b/V2Ministry/o/office-bari/2024/12/26c584aa513c4e7b9b7cc65b0f81fd94.pdf,3.52734375,110,চীনাবাদাম: মাটি ও জমির উপযোগিতা,ক্যালসিয়াম ও জৈব পদার্থ সমৃদ্ধ বেলে দো-আঁশ মাটি চীনাবাদাম উৎপাদনের জন্য উপযুক্ত।,https://objectstorage.ap-dcc-gazipur-1.oraclecloud15.com/n/axvjbnqprylg/b/V2Ministry/o/office-bari/2024/12/26c584aa513c4e7b9b7cc65b0f81fd94.pdf,3.4765625,113,চীনাবাদাম: মাটি ও জমির উপযোগিতা,চীনাবাদাম উৎপাদনের জন্য চরাঞ্চলের বেলে মাটি সবচেয়ে ভাল।,https://objectstorage.ap-dcc-gazipur-1.oraclecloud15.com/n/axvjbnqprylg/b/V2Ministry/o/office-bari/2024/12/26c584aa513c4e7b9b7cc65b0f81fd94.pdf,1.30859375,ক্যালসিয়াম ও জৈব পদার্থ সমৃদ্ধ বেলে দো-আঁশ মাটি চীনাবাদাম উৎপাদনের জন্য উপযুক্ত।,3.02734375
887,কাসাভা সম্পর্কে কন্দ সংগ্রহের সময় বিষয়ে কী বলা হয়েছে?,90,কাসাভা: ফসল সংগ্রহ,চারা রোপণের ৭ মাস পর থেকে কাসাভা গাছ থেকে কন্দ সংগ্রহ করা যায়।,https://objectstorage.ap-dcc-gazipur-1.oraclecloud15.com/n/axvjbnqprylg/b/V2Ministry/o/office-bari/2024/12/26c584aa513c4e7b9b7cc65b0f81fd94.pdf,2.3828125,92,কাসাভা: ফসল সংগ্রহ,কাসাভার সবচেয়ে বড় সুবিধা হল কন্দ গাছের সাথে সংরক্ষিত থাকে এবং প্রয়োজনমত সংগ্রহ করা যায় তবে ৯-১০ মাসের পর থেকে তিতা হয়ে যায়।,https://objectstorage.ap-dcc-gazipur-1.oraclecloud15.com/n/axvjbnqprylg/b/V2Ministry/o/office-bari/2024/12/26c584aa513c4e7b9b7cc65b0f81fd94.pdf,2.12890625,83,কাসাভা: রোপণের সময়,রোপণের সময়: সেচ সুবিধা থাকলে বছরের যে কোন সময় কাসাভা রোপণ করা যায়।,https://objectstorage.ap-dcc-gazipur-1.oraclecloud15.com/n/axvjbnqprylg/b/V2Ministry/o/office-bari/2024/12/26c584aa513c4e7b9b7cc65b0f81fd94.pdf,-1.017578125,চারা রোপণের ৭ মাস পর থেকে কাসাভা গাছ থেকে কন্দ সংগ্রহ করা যায়।,2.220703125
888,বারি অড়হর-১-এর গাছ কতটা লম্বা হয়?,195,বারি অড়হর-১: গাছের উচ্চতা,অড়হরের জাত বারি অড়হর-১ বৈশিষ্ট্য গাছ খাড়া ও শক্ত এবং গাছের উচ্চতা ২-৩ মিটার।,https://objectstorage.ap-dcc-gazipur-1.oraclecloud15.com/n/axvjbnqprylg/b/V2Ministry/o/office-bari/2024/12/26c584aa513c4e7b9b7cc65b0f81fd94.pdf,5.5,206,অড়হর: গাছের গঠন ও বৃদ্ধি,"অড়হরের গাছ ২-৩ মিটার লম্বা, ঝোঁপালো ও ডালপালা যুক্ত হয় বলে সারি করে বপন করতে হবে।",https://objectstorage.ap-dcc-gazipur-1.oraclecloud15.com/n/axvjbnqprylg/b/V2Ministry/o/office-bari/2024/12/26c584aa513c4e7b9b7cc65b0f81fd94.pdf,3.7109375,267,বারি সুপারি-১: গাছের উচ্চতা,গাছের গড় উচ্চতা (৫০ বছর বয়সে) ১০.৭৭ মি।,https://objectstorage.ap-dcc-gazipur-1.oraclecloud15.com/n/axvjbnqprylg/b/V2Ministry/o/office-bari/2024/12/26c584aa513c4e7b9b7cc65b0f81fd94.pdf,1.3837890625,অড়হরের জাত বারি অড়হর-১ বৈশিষ্ট্য গাছ খাড়া ও শক্ত এবং গাছের উচ্চতা ২-৩ মিটার।,6.62890625
889,পানিকচু চাষের জন্য কী ধরনের মাটি উপযোগী?,40,পানিকচু: মাটি ও জমির উপযোগিতা,পলি দো-আঁশ ও এঁটেল দো-আঁশ মাটি পানিকচু চাষের উপযোগী।,https://objectstorage.ap-dcc-gazipur-1.oraclecloud15.com/n/axvjbnqprylg/b/V2Ministry/o/office-bari/2024/12/26c584aa513c4e7b9b7cc65b0f81fd94.pdf,6.77734375,50,পানিকচু: চারা উৎপাদন ও পরিচর্যা,চারা রোপণের জন্য মাটির গভীরতা হবে ৫-৬ সে.মি.।,https://objectstorage.ap-dcc-gazipur-1.oraclecloud15.com/n/axvjbnqprylg/b/V2Ministry/o/office-bari/2024/12/26c584aa513c4e7b9b7cc65b0f81fd94.pdf,1.3740234375,42,পানিকচু: চারা উৎপাদন ও পরিচর্যা,মূল জমিতে চারা রোপণ করতে দেরি হলে পানিকচুর চারা ভেজা মাটি ও ছায়া যুক্ত স্থানে রেখে দিতে হবে।,https://objectstorage.ap-dcc-gazipur-1.oraclecloud15.com/n/axvjbnqprylg/b/V2Ministry/o/office-bari/2024/12/26c584aa513c4e7b9b7cc65b0f81fd94.pdf,1.2177734375,পলি দো-আঁশ ও এঁটেল দো-আঁশ মাটি পানিকচু চাষের উপযোগী।,6.546875
890,বারি চিয়া ১-এর অবমুক্তি বা অনুমোদনের বছর কী?,150,বারি চিয়া ১: অবমুক্তি বা অনুমোদন,২০২৩ সালে বারি চিয়া ১ জাতটি অবমুক্ত করে।,https://objectstorage.ap-dcc-gazipur-1.oraclecloud15.com/n/axvjbnqprylg/b/V2Ministry/o/office-bari/2024/12/26c584aa513c4e7b9b7cc65b0f81fd94.pdf,6.73828125,151,বারি চিয়া ১: বীজ বা দানার বৈশিষ্ট্য,হাজার দানার ওজন ১.২ গ্রাম।,https://objectstorage.ap-dcc-gazipur-1.oraclecloud15.com/n/axvjbnqprylg/b/V2Ministry/o/office-bari/2024/12/26c584aa513c4e7b9b7cc65b0f81fd94.pdf,-1.0517578125,152,বারি চিয়া ১: কাণ্ডের বৈশিষ্ট্য,এ লাইনটির কাণ্ড তুলনামূলকভাবে শক্ত ও মজবুত তাই ঝড়-বাতাসে সহজে হেলে ও ভেঙ্গে পড়েনা এবং তেমন রোগ ও পোকামাকড়ের আক্রমণ হয় না।,https://objectstorage.ap-dcc-gazipur-1.oraclecloud15.com/n/axvjbnqprylg/b/V2Ministry/o/office-bari/2024/12/26c584aa513c4e7b9b7cc65b0f81fd94.pdf,-1.90234375,২০২৩ সালে বারি চিয়া ১ জাতটি অবমুক্ত করে।,4.328125
891,বারি কফি-১ সম্পর্কে পাকা অবস্থায় লাল বিষয়ে কী বলা হয়েছে?,330,বারি কফি-১: ফলের বৈশিষ্ট্য,পাকা অবস্থায় ফল লাল বর্ণ ধারণ করে।,https://objectstorage.ap-dcc-gazipur-1.oraclecloud15.com/n/axvjbnqprylg/b/V2Ministry/o/office-bari/2024/12/26c584aa513c4e7b9b7cc65b0f81fd94.pdf,3.03125,308,বারি কফি-১: বীজ বা দানার বৈশিষ্ট্য,বিন/বীজ গোলাকৃতির সবুজাভ বাদামী রং ধারণ করে।,https://objectstorage.ap-dcc-gazipur-1.oraclecloud15.com/n/axvjbnqprylg/b/V2Ministry/o/office-bari/2024/12/26c584aa513c4e7b9b7cc65b0f81fd94.pdf,-2.90234375,305,বারি কফি-১: ফলন,কফির জাত বারি কফি-১ উচ্চ ফলনশীল (গাছ প্রতি গড় ফলন ৭.৯৪ কেজি) ও নিয়মিত ফলদানকারী।,https://objectstorage.ap-dcc-gazipur-1.oraclecloud15.com/n/axvjbnqprylg/b/V2Ministry/o/office-bari/2024/12/26c584aa513c4e7b9b7cc65b0f81fd94.pdf,-3.064453125,পাকা অবস্থায় ফল লাল বর্ণ ধারণ করে।,-0.8095703125
892,গম-পাট-রোপা আমন ফসল বিন্যাসের সার ব্যবস্থাপনায় কী নির্দেশনা আছে?,455,গম-পাট-রোপা আমন ফসল বিন্যাস: সার ব্যবস্থাপনা,পাট: পাট বপনের সময় ইউরিয়া ব্যাতীত অন্যান্য সার শেষ চাষে সমানভাবে ছিটিয়ে মাটির সাথে মিশিয়ে দিতে হবে।,https://objectstorage.ap-dcc-gazipur-1.oraclecloud15.com/n/axvjbnqprylg/b/V2Ministry/o/office-bari/2024/12/26c584aa513c4e7b9b7cc65b0f81fd94.pdf,5.171875,456,গম-পাট-রোপা আমন ফসল বিন্যাস: সার ব্যবস্থাপনা,রোপা আমন: ইউরিয়া ও অর্ধেক পটাশ সার বাদে অন্যান্য সকল সার শেষ জমি প্রস্তুতের সময় মাটির সাথে ভালভাবে মিশিয়ে দিতে হবে।,https://objectstorage.ap-dcc-gazipur-1.oraclecloud15.com/n/axvjbnqprylg/b/V2Ministry/o/office-bari/2024/12/26c584aa513c4e7b9b7cc65b0f81fd94.pdf,4.87109375,454,গম-পাট-রোপা আমন ফসল বিন্যাস: সার ব্যবস্থাপনা,সেচসহ চাষের ক্ষেত্রে চারার তিন পাতা বয়সে প্রথম সেচের পর হেক্টরপ্রতি ৭৫-৯০ কেজি ইউরিয়া উপরি প্রয়োগ করতে হবে।,https://objectstorage.ap-dcc-gazipur-1.oraclecloud15.com/n/axvjbnqprylg/b/V2Ministry/o/office-bari/2024/12/26c584aa513c4e7b9b7cc65b0f81fd94.pdf,4.39453125,রোপা আমন: ইউরিয়া ও অর্ধেক পটাশ সার বাদে অন্যান্য সকল সার শেষ জমি প্রস্তুতের সময় মাটির সাথে ভালভাবে মিশিয়ে দিতে হবে।,-0.861328125
893,চিনা কখন বা কীভাবে সংগ্রহ করতে হবে?,180,চিনা: ফসল সংগ্রহ,জাতটি ৯৬-১০৫ দিনে ফসল সংগ্রহ উপযোগী হয়।,https://objectstorage.ap-dcc-gazipur-1.oraclecloud15.com/n/axvjbnqprylg/b/V2Ministry/o/office-bari/2024/12/26c584aa513c4e7b9b7cc65b0f81fd94.pdf,0.1170654296875,132,চীনাবাদাম: ফসল সংগ্রহ,চীনাবাদাম গাছের শতকরা ৭৫-৮০ ভাগ বাদাম যখন পরিপক্ক হয় তখন ফসল উঠানোর সঠিক সময়।,https://objectstorage.ap-dcc-gazipur-1.oraclecloud15.com/n/axvjbnqprylg/b/V2Ministry/o/office-bari/2024/12/26c584aa513c4e7b9b7cc65b0f81fd94.pdf,-1.8583984375,174,চিনা: রোপণ বা বপনের দূরত্ব,৬-৮ সেমি দূরত্বে একটি করে চারা রেখে মাঝের চারাগুলো তুলে ফেলতে হবে।,https://objectstorage.ap-dcc-gazipur-1.oraclecloud15.com/n/axvjbnqprylg/b/V2Ministry/o/office-bari/2024/12/26c584aa513c4e7b9b7cc65b0f81fd94.pdf,-4.63671875,জাতটি ৯৬-১০৫ দিনে ফসল সংগ্রহ উপযোগী হয়।,-4.18359375
894,বারি আলু-১০১-এর পরিপক্বতার সময় কত?,5,বারি আলু-১০১: পরিপক্বতার সময়,৯০-৯৫ দিনে আলু পরিপক্কতা লাভ করে।,https://objectstorage.ap-dcc-gazipur-1.oraclecloud15.com/n/axvjbnqprylg/b/V2Ministry/o/office-bari/2024/12/26c584aa513c4e7b9b7cc65b0f81fd94.pdf,7.234375,2,বারি আলু-১০১: ব্যবহার ও উপযোগিতা,আলুর জাত বারি আলু-১০১ (ব্ল্যাকবেরী) জাতটি চিপস প্রক্রিয়াজাতকরণ আলু হিসাবে উপযোগী।,https://objectstorage.ap-dcc-gazipur-1.oraclecloud15.com/n/axvjbnqprylg/b/V2Ministry/o/office-bari/2024/12/26c584aa513c4e7b9b7cc65b0f81fd94.pdf,0.48388671875,139,বারি বার্লি-১০: পরিপক্বতার সময়,পরিপক্ক হতে ৯৫-১০৫ দিন সময় লাগে।,https://objectstorage.ap-dcc-gazipur-1.oraclecloud15.com/n/axvjbnqprylg/b/V2Ministry/o/office-bari/2024/12/26c584aa513c4e7b9b7cc65b0f81fd94.pdf,0.141845703125,৯০-৯৫ দিনে আলু পরিপক্কতা লাভ করে।,1.7373046875
895,অড়হর সারি পদ্ধতিতে বীজের হার কত?,205,অড়হর: বীজের হার,সারিতে বপন করলে প্রতি হেক্টরে ১ কেজি বীজের প্রয়োজন হবে।,https://objectstorage.ap-dcc-gazipur-1.oraclecloud15.com/n/axvjbnqprylg/b/V2Ministry/o/office-bari/2024/12/26c584aa513c4e7b9b7cc65b0f81fd94.pdf,4.0234375,211,অড়হর: ফলন,অড়হর জাতের বীজের ফলন প্রতি হেক্টরে ১.৫-১.৮ টন।,https://objectstorage.ap-dcc-gazipur-1.oraclecloud15.com/n/axvjbnqprylg/b/V2Ministry/o/office-bari/2024/12/26c584aa513c4e7b9b7cc65b0f81fd94.pdf,1.7470703125,200,বারি অড়হর-১: বীজ বা দানার বৈশিষ্ট্য,১০০ বীজের ওজন ১১-১২ গ্রাম এবং ফলন প্রতি হেক্টরে প্রায় ১.৫-১.৮ টন।,https://objectstorage.ap-dcc-gazipur-1.oraclecloud15.com/n/axvjbnqprylg/b/V2Ministry/o/office-bari/2024/12/26c584aa513c4e7b9b7cc65b0f81fd94.pdf,-0.70166015625,অড়হর জাতের বীজের ফলন প্রতি হেক্টরে ১.৫-১.৮ টন।,2.4453125
896,মাঠের ইঁদুর ব্যবস্থাপনা বিষয়ে কোন বিষ ব্যবহার সম্পর্কে কী তথ্য আছে?,480,মাঠের ইঁদুর ব্যবস্থাপনা: পোকামাকড় বা ক্ষতিকর প্রাণী ব্যবস্থাপনা,কোন বিষ ব্যবহার না করে খুবই কম খরচে ইঁদুর তাড়ানো সম্ভব হবে।,https://objectstorage.ap-dcc-gazipur-1.oraclecloud15.com/n/axvjbnqprylg/b/V2Ministry/o/office-bari/2024/12/26c584aa513c4e7b9b7cc65b0f81fd94.pdf,4.48046875,487,মাঠের ইঁদুর ব্যবস্থাপনা: পোকামাকড় বা ক্ষতিকর প্রাণী ব্যবস্থাপনা,প্রযুক্তিটি ব্যবহারে ক্ষতিকারক রাসায়নিক কীটনাশক প্রয়োগের প্রয়োজন হয় না।,https://objectstorage.ap-dcc-gazipur-1.oraclecloud15.com/n/axvjbnqprylg/b/V2Ministry/o/office-bari/2024/12/26c584aa513c4e7b9b7cc65b0f81fd94.pdf,1.623046875,471,মাঠের ইঁদুর ব্যবস্থাপনা: নিরাপত্তা ও পরিবেশগত প্রভাব,প্রযুক্তি: কেরোসিন মিশ্রিত গোবরের বল দিয়ে মাঠের ইঁদুর তাড়ানো প্রযুক্তির বৈশিষ্ট্য এই পদ্ধতিতে মানুষ বা অন্য কোন উপকারী প্রাণীর ক্ষতি হয় না অর্থাৎ এটি একটি নিরাপদ পদ্ধতি।,https://objectstorage.ap-dcc-gazipur-1.oraclecloud15.com/n/axvjbnqprylg/b/V2Ministry/o/office-bari/2024/12/26c584aa513c4e7b9b7cc65b0f81fd94.pdf,1.1708984375,প্রযুক্তি: কেরোসিন মিশ্রিত গোবরের বল দিয়ে মাঠের ইঁদুর তাড়ানো প্রযুক্তির বৈশিষ্ট্য এই পদ্ধতিতে মানুষ বা অন্য কোন উপকারী প্রাণীর ক্ষতি হয় না অর্থাৎ এটি একটি নিরাপদ পদ্ধতি।,-3.666015625
897,জোয়ার বপন বা রোপণে কী দূরত্ব রাখতে হয়?,190,জোয়ার: রোপণ বা বপনের দূরত্ব,বীজ বপনের দূরত্ব: সারি থেকে সারি ৬০ সেমি. এবং গাছ থেকে গাছের দূরত্ব ২০ সেমি.।,https://objectstorage.ap-dcc-gazipur-1.oraclecloud15.com/n/axvjbnqprylg/b/V2Ministry/o/office-bari/2024/12/26c584aa513c4e7b9b7cc65b0f81fd94.pdf,5.41796875,207,অড়হর: রোপণ বা বপনের দূরত্ব,ভালভাবে গাছের বৃদ্ধির জন্য সারি থেকে সারির দূরত্ব ২ থেকে ২.৫ মিটার এবং গাছ হতে গাছের দূরত্ব ২ মিটার করে রাখতে হবে।,https://objectstorage.ap-dcc-gazipur-1.oraclecloud15.com/n/axvjbnqprylg/b/V2Ministry/o/office-bari/2024/12/26c584aa513c4e7b9b7cc65b0f81fd94.pdf,2.947265625,147,বার্লি: রোপণ বা বপনের দূরত্ব,সারিতে বপন করলে সারি থেকে সারির দূরত্ব ২৫ সে.মি. এবং গাছ থেকে গাছের দূরত্ব ১০ সে.মি হওয়া উত্তম।,https://objectstorage.ap-dcc-gazipur-1.oraclecloud15.com/n/axvjbnqprylg/b/V2Ministry/o/office-bari/2024/12/26c584aa513c4e7b9b7cc65b0f81fd94.pdf,2.935546875,বীজ বপনের দূরত্ব: সারি থেকে সারি ৬০ সেমি. এবং গাছ থেকে গাছের দূরত্ব ২০ সেমি.।,0.410888671875
898,বারি পানিকচু-৯ বিষয়ে লতির গঠন সম্পর্কে কী তথ্য আছে?,35,বারি পানিকচু-৯: লতির বৈশিষ্ট্য,এর লতি তুলনামূলক চিকন এবং লম্বা।,https://objectstorage.ap-dcc-gazipur-1.oraclecloud15.com/n/axvjbnqprylg/b/V2Ministry/o/office-bari/2024/12/26c584aa513c4e7b9b7cc65b0f81fd94.pdf,3.52734375,34,বারি পানিকচু-৯: লতির বৈশিষ্ট্য,বারি পানিকচু-৯ এর প্রধান ভক্ষণযোগ্য অংশ হলো লতি।,https://objectstorage.ap-dcc-gazipur-1.oraclecloud15.com/n/axvjbnqprylg/b/V2Ministry/o/office-bari/2024/12/26c584aa513c4e7b9b7cc65b0f81fd94.pdf,3.361328125,36,বারি পানিকচু-৯: লতির সংখ্যা ও ওজন,"প্রতিটি লতির গড় ওজন ৩৩ গ্রাম, দৈর্ঘ্য ৬৪ সেমি এবং ব্যাস প্রায় ১.০ সেমি।",https://objectstorage.ap-dcc-gazipur-1.oraclecloud15.com/n/axvjbnqprylg/b/V2Ministry/o/office-bari/2024/12/26c584aa513c4e7b9b7cc65b0f81fd94.pdf,3.15625,বারি পানিকচু-৯ এর প্রধান ভক্ষণযোগ্য অংশ হলো লতি।,2.28125
899,কফির রং বা বর্ণ কেমন?,328,বারি কফি-১: রং ও বর্ণ,উভয় প্রকার কফির ফুল সাদা রঙের হয়।,https://objectstorage.ap-dcc-gazipur-1.oraclecloud15.com/n/axvjbnqprylg/b/V2Ministry/o/office-bari/2024/12/26c584aa513c4e7b9b7cc65b0f81fd94.pdf,3.5859375,315,কফি: রং ও বর্ণ,গাঢ় লাল রঙের রোগ মুক্ত ফল হাত দিয়ে বেছে বেছে সংগ্রহ করতে হবে।,https://objectstorage.ap-dcc-gazipur-1.oraclecloud15.com/n/axvjbnqprylg/b/V2Ministry/o/office-bari/2024/12/26c584aa513c4e7b9b7cc65b0f81fd94.pdf,1.6767578125,308,বারি কফি-১: বীজ বা দানার বৈশিষ্ট্য,বিন/বীজ গোলাকৃতির সবুজাভ বাদামী রং ধারণ করে।,https://objectstorage.ap-dcc-gazipur-1.oraclecloud15.com/n/axvjbnqprylg/b/V2Ministry/o/office-bari/2024/12/26c584aa513c4e7b9b7cc65b0f81fd94.pdf,-1.21875,উভয় প্রকার কফির ফুল সাদা রঙের হয়।,2.263671875
900,ভুট্টা-রোপা আউশ-রোপা আমন ফসলধারার পোকামাকড় বা ক্ষতিকর প্রাণী ব্যবস্থাপনায় কী বলা হয়েছে?,450,ভুট্টা-রোপা আউশ-রোপা আমন ফসলধারা: পোকামাকড় বা ক্ষতিকর প্রাণী ব্যবস্থাপনা,রোগ বালাই দমন: ভুট্টা: প্রাথমিক পর্যায়ে ভিরতাকো প্রয়োগ করতে হবে স্টেমবোরার পোকা দমনের জন্য।,https://objectstorage.ap-dcc-gazipur-1.oraclecloud15.com/n/axvjbnqprylg/b/V2Ministry/o/office-bari/2024/12/26c584aa513c4e7b9b7cc65b0f81fd94.pdf,4.453125,445,সয়াবিন-রোপা আউশ-রোপা আমন ফসল বিন্যাস: পোকামাকড় বা ক্ষতিকর প্রাণী ব্যবস্থাপনা,বিছাপোকার আক্রমণ দেখা দিলে নাইট্রো ৫০৫ ইসি প্রতি লিটার পানিতে ২ মিলি হিসেবে মিশিয়ে স্প্রে মেশিনের মাধ্যমে ছিটিয়ে দিতে হবে।,https://objectstorage.ap-dcc-gazipur-1.oraclecloud15.com/n/axvjbnqprylg/b/V2Ministry/o/office-bari/2024/12/26c584aa513c4e7b9b7cc65b0f81fd94.pdf,2.244140625,451,ভুট্টা-রোপা আউশ-রোপা আমন ফসলধারা: রোগ ব্যবস্থাপনা,রোপা আউশ: স্টেমবোরার পোকা দমনের জন্য ভিরতাকো এবং শীথ ব্লাইট দমনের জন্য ফুলিকুর ০.৫ মিলি/ লিটার হারে প্রয়োগ করতে হবে।,https://objectstorage.ap-dcc-gazipur-1.oraclecloud15.com/n/axvjbnqprylg/b/V2Ministry/o/office-bari/2024/12/26c584aa513c4e7b9b7cc65b0f81fd94.pdf,1.267578125,রোপা আউশ: স্টেমবোরার পোকা দমনের জন্য ভিরতাকো এবং শীথ ব্লাইট দমনের জন্য ফুলিকুর ০.৫ মিলি/ লিটার হারে প্রয়োগ করতে হবে।,-3.64453125
901,সয়াবিন-রোপা আউশ-রোপা আমন ফসল বিন্যাস বিষয়ে আউশ আমন ধান সম্পর্কে কী তথ্য আছে?,435,সয়াবিন-রোপা আউশ-রোপা আমন ফসল বিন্যাস: ফলন,তিন ফসল ভিত্তিক উন্নত এ ফসল বিন্যাসে আউশ মৌসুমে ব্রি ধান৪৮ অন্তর্ভুক্ত করায় ধানের সমতুল্য ফলন ১২.৬৫ টন/হেক্টর/বছর পাওয়া গেছে যা প্রচলিত ফসল বিন্যাসের চেয়ে ৫৬% বেশি।,https://objectstorage.ap-dcc-gazipur-1.oraclecloud15.com/n/axvjbnqprylg/b/V2Ministry/o/office-bari/2024/12/26c584aa513c4e7b9b7cc65b0f81fd94.pdf,6.78125,440,সয়াবিন-রোপা আউশ-রোপা আমন ফসল বিন্যাস: আগাছা ব্যবস্থাপনা,আউশ/আমন ধান: জমি ৩০-৪০ দিন পর্যন্ত আগাছা মুক্ত রাখতে হবে।,https://objectstorage.ap-dcc-gazipur-1.oraclecloud15.com/n/axvjbnqprylg/b/V2Ministry/o/office-bari/2024/12/26c584aa513c4e7b9b7cc65b0f81fd94.pdf,4.78515625,443,সয়াবিন-রোপা আউশ-রোপা আমন ফসল বিন্যাস: চারা উৎপাদন ও পরিচর্যা,দশ সারি পরপর ১ সারি বাদ দিয়ে চারা রোপণ করলে ধান গাছ পর্যাপ্ত আলো বাতাস পায়।,https://objectstorage.ap-dcc-gazipur-1.oraclecloud15.com/n/axvjbnqprylg/b/V2Ministry/o/office-bari/2024/12/26c584aa513c4e7b9b7cc65b0f81fd94.pdf,3.328125,তিন ফসল ভিত্তিক উন্নত এ ফসল বিন্যাসে আউশ মৌসুমে ব্রি ধান৪৮ অন্তর্ভুক্ত করায় ধানের সমতুল্য ফলন ১২.৬৫ টন/হেক্টর/বছর পাওয়া গেছে যা প্রচলিত ফসল বিন্যাসের চেয়ে ৫৬% বেশি।,-0.1220703125
902,সয়াবিন-রোপা আউশ-রোপা আমন ফসল বিন্যাসের ফলন কত?,435,সয়াবিন-রোপা আউশ-রোপা আমন ফসল বিন্যাস: ফলন,তিন ফসল ভিত্তিক উন্নত এ ফসল বিন্যাসে আউশ মৌসুমে ব্রি ধান৪৮ অন্তর্ভুক্ত করায় ধানের সমতুল্য ফলন ১২.৬৫ টন/হেক্টর/বছর পাওয়া গেছে যা প্রচলিত ফসল বিন্যাসের চেয়ে ৫৬% বেশি।,https://objectstorage.ap-dcc-gazipur-1.oraclecloud15.com/n/axvjbnqprylg/b/V2Ministry/o/office-bari/2024/12/26c584aa513c4e7b9b7cc65b0f81fd94.pdf,7.9609375,444,সয়াবিন-রোপা আউশ-রোপা আমন ফসল বিন্যাস: সেচ ব্যবস্থাপনা,সেচ প্রয়োগ: সয়াবিন: প্রথম সেচ বীজ বপনের ২০-২৫ দিনের মধ্যে (ফুল ধরার পূর্বে) এবং দ্বিতীয় সেচ বীজ বপনের ৫৫-৬০ দিনের মধ্যে (শুটি গঠনের সময়) দিতে হবে।,https://objectstorage.ap-dcc-gazipur-1.oraclecloud15.com/n/axvjbnqprylg/b/V2Ministry/o/office-bari/2024/12/26c584aa513c4e7b9b7cc65b0f81fd94.pdf,1.3955078125,436,সয়াবিন-রোপা আউশ-রোপা আমন ফসল বিন্যাস: আয়-ব্যয় ও মুনাফা,আধুনিক ফসল ব্যবস্থাপনা অনুসরণ করায় উন্নত এ ফসল বিন্যাসে নিট মুনাফা শতকরা ৪২ ভাগ বৃদ্ধি পেয়েছে।,https://objectstorage.ap-dcc-gazipur-1.oraclecloud15.com/n/axvjbnqprylg/b/V2Ministry/o/office-bari/2024/12/26c584aa513c4e7b9b7cc65b0f81fd94.pdf,1.3876953125,তিন ফসল ভিত্তিক উন্নত এ ফসল বিন্যাসে আউশ মৌসুমে ব্রি ধান৪৮ অন্তর্ভুক্ত করায় ধানের সমতুল্য ফলন ১২.৬৫ টন/হেক্টর/বছর পাওয়া গেছে যা প্রচলিত ফসল বিন্যাসের চেয়ে ৫৬% বেশি।,1.9033203125
903,মরিচের সেচ সম্পর্কে কী বলা হয়েছে?,370,মরিচ: সেচ ব্যবস্থাপনা,চারা রোপণের পরপর জমিতে পানি সেচ দেওয়ার ব্যবস্থা করতে হবে।,https://objectstorage.ap-dcc-gazipur-1.oraclecloud15.com/n/axvjbnqprylg/b/V2Ministry/o/office-bari/2024/12/26c584aa513c4e7b9b7cc65b0f81fd94.pdf,0.41650390625,399,মরিচের সাথে পাতা জাতীয় সবজি আন্তঃফসল: সেচ ব্যবস্থাপনা,জমির আর্দ্রতার উপর নির্ভর করে ৩/৪টি সেচ দিতে হবে।,https://objectstorage.ap-dcc-gazipur-1.oraclecloud15.com/n/axvjbnqprylg/b/V2Ministry/o/office-bari/2024/12/26c584aa513c4e7b9b7cc65b0f81fd94.pdf,-0.890625,398,মরিচের সাথে পাতা জাতীয় সবজি আন্তঃফসল: সেচ ব্যবস্থাপনা,সেচ মাটিতে অতিরিক্ত আর্দ্রতা রাখা যাবে না।,https://objectstorage.ap-dcc-gazipur-1.oraclecloud15.com/n/axvjbnqprylg/b/V2Ministry/o/office-bari/2024/12/26c584aa513c4e7b9b7cc65b0f81fd94.pdf,-1.2666015625,সেচ মাটিতে অতিরিক্ত আর্দ্রতা রাখা যাবে না।,-6.28125
904,বারি চিনা-২-এর গাছের উচ্চতা কত?,165,বারি চিনা-২: গাছের উচ্চতা,গাছের উচ্চতা ৮২-৮৪ সে.মি.।,https://objectstorage.ap-dcc-gazipur-1.oraclecloud15.com/n/axvjbnqprylg/b/V2Ministry/o/office-bari/2024/12/26c584aa513c4e7b9b7cc65b0f81fd94.pdf,7.6484375,107,বারি চীনাবাদাম-১২: গাছের উচ্চতা,গাছের উচ্চতা ৩০-৪৫ সে.মি.।,https://objectstorage.ap-dcc-gazipur-1.oraclecloud15.com/n/axvjbnqprylg/b/V2Ministry/o/office-bari/2024/12/26c584aa513c4e7b9b7cc65b0f81fd94.pdf,3.322265625,213,বারি কাঁঠাল-৫: গাছের উচ্চতা,গাছের উচ্চতা সাধারণতঃ ১০-১২ মিটার পর্যন্ত হয়ে থাকে।,https://objectstorage.ap-dcc-gazipur-1.oraclecloud15.com/n/axvjbnqprylg/b/V2Ministry/o/office-bari/2024/12/26c584aa513c4e7b9b7cc65b0f81fd94.pdf,1.345703125,গাছের উচ্চতা ৮২-৮৪ সে.মি.।,-0.0926513671875
905,বারি আলু-১০৩-এর গাছ কতটা লম্বা হয়?,15,বারি আলু-১০৩: গাছের উচ্চতা,গাছ মধ্যম উচ্চতাসম্পন্ন ইন্টারমিডিয়েট টাইপ এবং গড়ে ৪-৬টি কাণ্ড থাকে।,https://objectstorage.ap-dcc-gazipur-1.oraclecloud15.com/n/axvjbnqprylg/b/V2Ministry/o/office-bari/2024/12/26c584aa513c4e7b9b7cc65b0f81fd94.pdf,0.53173828125,495,বারি সোলার টানেল ড্রায়ার: মাত্রা ও মাপ,"লম্বা ৩২০০ মিমি, চওড়া ১২০০মিমি, উচ্চতা ৭২০ মিমি।",https://objectstorage.ap-dcc-gazipur-1.oraclecloud15.com/n/axvjbnqprylg/b/V2Ministry/o/office-bari/2024/12/26c584aa513c4e7b9b7cc65b0f81fd94.pdf,-1.6376953125,195,বারি অড়হর-১: গাছের উচ্চতা,অড়হরের জাত বারি অড়হর-১ বৈশিষ্ট্য গাছ খাড়া ও শক্ত এবং গাছের উচ্চতা ২-৩ মিটার।,https://objectstorage.ap-dcc-gazipur-1.oraclecloud15.com/n/axvjbnqprylg/b/V2Ministry/o/office-bari/2024/12/26c584aa513c4e7b9b7cc65b0f81fd94.pdf,-2.423828125,"লম্বা ৩২০০ মিমি, চওড়া ১২০০মিমি, উচ্চতা ৭২০ মিমি।",-2.359375
906,সয়াবিন-রোপা আউশ-রোপা আমন ফসল বিন্যাস সম্পর্কে আউশ আমন ধান বিষয়ে কী বলা হয়েছে?,435,সয়াবিন-রোপা আউশ-রোপা আমন ফসল বিন্যাস: ফলন,তিন ফসল ভিত্তিক উন্নত এ ফসল বিন্যাসে আউশ মৌসুমে ব্রি ধান৪৮ অন্তর্ভুক্ত করায় ধানের সমতুল্য ফলন ১২.৬৫ টন/হেক্টর/বছর পাওয়া গেছে যা প্রচলিত ফসল বিন্যাসের চেয়ে ৫৬% বেশি।,https://objectstorage.ap-dcc-gazipur-1.oraclecloud15.com/n/axvjbnqprylg/b/V2Ministry/o/office-bari/2024/12/26c584aa513c4e7b9b7cc65b0f81fd94.pdf,5.015625,440,সয়াবিন-রোপা আউশ-রোপা আমন ফসল বিন্যাস: আগাছা ব্যবস্থাপনা,আউশ/আমন ধান: জমি ৩০-৪০ দিন পর্যন্ত আগাছা মুক্ত রাখতে হবে।,https://objectstorage.ap-dcc-gazipur-1.oraclecloud15.com/n/axvjbnqprylg/b/V2Ministry/o/office-bari/2024/12/26c584aa513c4e7b9b7cc65b0f81fd94.pdf,3.72265625,443,সয়াবিন-রোপা আউশ-রোপা আমন ফসল বিন্যাস: চারা উৎপাদন ও পরিচর্যা,দশ সারি পরপর ১ সারি বাদ দিয়ে চারা রোপণ করলে ধান গাছ পর্যাপ্ত আলো বাতাস পায়।,https://objectstorage.ap-dcc-gazipur-1.oraclecloud15.com/n/axvjbnqprylg/b/V2Ministry/o/office-bari/2024/12/26c584aa513c4e7b9b7cc65b0f81fd94.pdf,1.7587890625,তিন ফসল ভিত্তিক উন্নত এ ফসল বিন্যাসে আউশ মৌসুমে ব্রি ধান৪৮ অন্তর্ভুক্ত করায় ধানের সমতুল্য ফলন ১২.৬৫ টন/হেক্টর/বছর পাওয়া গেছে যা প্রচলিত ফসল বিন্যাসের চেয়ে ৫৬% বেশি।,-0.368408203125
907,মটরশুটির পটাশিয়াম সার ব্যবস্থাপনার আয়-ব্যয় বা মুনাফা সম্পর্কে কী তথ্য আছে?,470,মটরশুটি: পটাশিয়াম সার ব্যবস্থাপনা: আয়-ব্যয় ও মুনাফা,"তিন বৎসরের গবেষণায় প্রতীয়মান হয়েছে, রবি মৌসুমে হেক্টরপ্রতি ৩৭,৭৭৮ টাকা খরচ করে প্রায় ১,৫৯,৭২২ টাকার সবুজ শুঁটি এবং প্রায় ৫৮,২২২ টাকার বীজ উৎপাদন করা যায়।",https://objectstorage.ap-dcc-gazipur-1.oraclecloud15.com/n/axvjbnqprylg/b/V2Ministry/o/office-bari/2024/12/26c584aa513c4e7b9b7cc65b0f81fd94.pdf,6.2890625,468,মটরশুটি: পটাশিয়াম সার ব্যবস্থাপনা: প্রযুক্তির উপযোগিতা,পটাশিয়াম সার ভিত্তিক সমন্বিত সার ব্যবস্থাপনায় প্রচলিত চাষ পদ্ধতি থেকে মটরশুঁটির সবুজ শুঁটির ফলন ২০-৪০% বেশি পাওয়া যায়।,https://objectstorage.ap-dcc-gazipur-1.oraclecloud15.com/n/axvjbnqprylg/b/V2Ministry/o/office-bari/2024/12/26c584aa513c4e7b9b7cc65b0f81fd94.pdf,1.33984375,469,গম-পাট-রোপা আমন ফসল বিন্যাস: রোগ ব্যবস্থাপনা,"মাটিতে পটাশিয়াম সার ব্যবহারের ফলে গাছের অন্যান্য খাদ্যোপাদানের মাত্রা ঠিক থাকে এবং পটাশিয়াম গাছকে রোগের আক্রমণ, ঠান্ডা ও খরা থেকে রক্ষা করে।",https://objectstorage.ap-dcc-gazipur-1.oraclecloud15.com/n/axvjbnqprylg/b/V2Ministry/o/office-bari/2024/12/26c584aa513c4e7b9b7cc65b0f81fd94.pdf,-3.205078125,পটাশিয়াম সার ভিত্তিক সমন্বিত সার ব্যবস্থাপনায় প্রচলিত চাষ পদ্ধতি থেকে মটরশুঁটির সবুজ শুঁটির ফলন ২০-৪০% বেশি পাওয়া যায়।,0.159912109375
908,মরিচের সাথে পাতা জাতীয় সবজি আন্তঃফসলের আগাছা ব্যবস্থাপনায় কী করতে বলা হয়েছে?,400,মরিচের সাথে পাতা জাতীয় সবজি আন্তঃফসল: আগাছা ব্যবস্থাপনা,আগাছা দমন জমিতে আগাছার পরিমাণের উপর নির্ভর করে নিড়ানী দিতে হবে।,https://objectstorage.ap-dcc-gazipur-1.oraclecloud15.com/n/axvjbnqprylg/b/V2Ministry/o/office-bari/2024/12/26c584aa513c4e7b9b7cc65b0f81fd94.pdf,4.09375,401,মরিচের সাথে পাতা জাতীয় সবজি আন্তঃফসল: আগাছা ব্যবস্থাপনা,যদি আগাছা বেশি থাকে তাহলে নিড়ানী বেশি দিতে হবে।,https://objectstorage.ap-dcc-gazipur-1.oraclecloud15.com/n/axvjbnqprylg/b/V2Ministry/o/office-bari/2024/12/26c584aa513c4e7b9b7cc65b0f81fd94.pdf,3.462890625,399,মরিচের সাথে পাতা জাতীয় সবজি আন্তঃফসল: সেচ ব্যবস্থাপনা,জমির আর্দ্রতার উপর নির্ভর করে ৩/৪টি সেচ দিতে হবে।,https://objectstorage.ap-dcc-gazipur-1.oraclecloud15.com/n/axvjbnqprylg/b/V2Ministry/o/office-bari/2024/12/26c584aa513c4e7b9b7cc65b0f81fd94.pdf,1.5078125,আগাছা দমন জমিতে আগাছার পরিমাণের উপর নির্ভর করে নিড়ানী দিতে হবে।,-4.98828125
909,চীনাবাদামের আবহাওয়া সম্পর্কে কী বলা হয়েছে?,120,চীনাবাদাম: আবহাওয়া ও জলবায়ু,শুষ্ক আবহাওয়া পরিপক্কতা ও কর্তনের জন্য দরকার হয় তবে বিশেষ করে ফুল ও পেগ গঠনের সময় জমিতে রসের অভাব হলে ফলন অনেকটা কম হয়।,https://objectstorage.ap-dcc-gazipur-1.oraclecloud15.com/n/axvjbnqprylg/b/V2Ministry/o/office-bari/2024/12/26c584aa513c4e7b9b7cc65b0f81fd94.pdf,3.568359375,134,চীনাবাদাম: ফসলোত্তর ব্যবস্থাপনা,গাছ থেকে ছড়ানো খোসাসহ পরিপক্ক পুষ্ট বাদাম উজ্জ্বল রোদে ১ম ও ২য় দিন দৈনিক ৪ ঘন্টা করে শুকাতে হয়।,https://objectstorage.ap-dcc-gazipur-1.oraclecloud15.com/n/axvjbnqprylg/b/V2Ministry/o/office-bari/2024/12/26c584aa513c4e7b9b7cc65b0f81fd94.pdf,-1.9521484375,132,চীনাবাদাম: ফসল সংগ্রহ,চীনাবাদাম গাছের শতকরা ৭৫-৮০ ভাগ বাদাম যখন পরিপক্ক হয় তখন ফসল উঠানোর সঠিক সময়।,https://objectstorage.ap-dcc-gazipur-1.oraclecloud15.com/n/axvjbnqprylg/b/V2Ministry/o/office-bari/2024/12/26c584aa513c4e7b9b7cc65b0f81fd94.pdf,-5.6875,চীনাবাদাম গাছের শতকরা ৭৫-৮০ ভাগ বাদাম যখন পরিপক্ক হয় তখন ফসল উঠানোর সঠিক সময়।,-5.55078125
910,বারি চিনা-২-এর বপন পদ্ধতি সম্পর্কে কী বলা হয়েছে?,170,বারি চিনা-২: বপন পদ্ধতি,সারিতে বুনলে দু'সারির মাঝে দূরত্ব রাখতে হবে ২০-৩০ সে.মি.।,https://objectstorage.ap-dcc-gazipur-1.oraclecloud15.com/n/axvjbnqprylg/b/V2Ministry/o/office-bari/2024/12/26c584aa513c4e7b9b7cc65b0f81fd94.pdf,0.8076171875,169,বারি চিনা-২: বপনের সময়,চিনার চাষ রবি মৌসুমে করা হয়।,https://objectstorage.ap-dcc-gazipur-1.oraclecloud15.com/n/axvjbnqprylg/b/V2Ministry/o/office-bari/2024/12/26c584aa513c4e7b9b7cc65b0f81fd94.pdf,0.3046875,171,বারি চিনা-২: বীজের হার,ছিটিয়ে বুনলে হেক্টর প্রতি ২০ কেজি এবং সারিতে বুনলে ১৮ কেজি বীজ বুনতে হবে।,https://objectstorage.ap-dcc-gazipur-1.oraclecloud15.com/n/axvjbnqprylg/b/V2Ministry/o/office-bari/2024/12/26c584aa513c4e7b9b7cc65b0f81fd94.pdf,0.152099609375,ছিটিয়ে বুনলে হেক্টর প্রতি ২০ কেজি এবং সারিতে বুনলে ১৮ কেজি বীজ বুনতে হবে।,-7.73046875
911,কাঁঠাল চাষে পানি জমে থাকা নিয়ে কী বলা হয়েছে?,221,কাঁঠাল: জলাবদ্ধতা ও পানি নিষ্কাশন,সাধারণত উঁচু ও মাঝারি উঁচু জমি যেখানে পানি নিষ্কাশনের সুব্যবস্থা রয়েছে এমন উর্বর জমি কাঁঠালের চাষের জন্য উপযোগী।,https://objectstorage.ap-dcc-gazipur-1.oraclecloud15.com/n/axvjbnqprylg/b/V2Ministry/o/office-bari/2024/12/26c584aa513c4e7b9b7cc65b0f81fd94.pdf,-0.48095703125,220,কাঁঠাল: জলাবদ্ধতা ও পানি নিষ্কাশন,কাঁঠাল গাছ জলাবদ্ধতা সহ্য করতে পারে না।,https://objectstorage.ap-dcc-gazipur-1.oraclecloud15.com/n/axvjbnqprylg/b/V2Ministry/o/office-bari/2024/12/26c584aa513c4e7b9b7cc65b0f81fd94.pdf,-0.89697265625,232,কাঁঠাল: জলাবদ্ধতা ও পানি নিষ্কাশন,কাঁঠাল গাছ জলাবদ্ধতার প্রতি অত্যন্ত সংবেদনশীল।,https://objectstorage.ap-dcc-gazipur-1.oraclecloud15.com/n/axvjbnqprylg/b/V2Ministry/o/office-bari/2024/12/26c584aa513c4e7b9b7cc65b0f81fd94.pdf,-1.15234375,সাধারণত উঁচু ও মাঝারি উঁচু জমি যেখানে পানি নিষ্কাশনের সুব্যবস্থা রয়েছে এমন উর্বর জমি কাঁঠালের চাষের জন্য উপযোগী।,-1.4677734375
912,চুইঝাল কীভাবে বংশবিস্তার করা হয়?,340,চুইঝাল: বংশবিস্তার,চুইঝালের বংশবিস্তার বীজ ও লতার/শাখার মাধ্যমে হয়ে থাকে।,https://objectstorage.ap-dcc-gazipur-1.oraclecloud15.com/n/axvjbnqprylg/b/V2Ministry/o/office-bari/2024/12/26c584aa513c4e7b9b7cc65b0f81fd94.pdf,5.28125,342,চুইঝাল: কাণ্ডের বৈশিষ্ট্য,অঙ্গজ প্রজনন বা লতা কাটিং পদ্ধতিতে এর কাণ্ড বা শাখা ৩০ থেকে ৩৫ সেন্টিমিটার লম্বা করে কেটে সরাসরি মাটিতে রোপণ করা হয়।,https://objectstorage.ap-dcc-gazipur-1.oraclecloud15.com/n/axvjbnqprylg/b/V2Ministry/o/office-bari/2024/12/26c584aa513c4e7b9b7cc65b0f81fd94.pdf,-1.94140625,347,চুইঝাল: জলাবদ্ধতা ও পানি নিষ্কাশন,দো-আঁশ ও বেলে দো-আঁশ মাটি এবং পানি নিষ্কাশনের সুবিধাযুক্ত ও ছায়াময় উঁচু জমিতে সাধারণত চুইঝাল চাষ করা হয়।,https://objectstorage.ap-dcc-gazipur-1.oraclecloud15.com/n/axvjbnqprylg/b/V2Ministry/o/office-bari/2024/12/26c584aa513c4e7b9b7cc65b0f81fd94.pdf,-2.455078125,চুইঝালের বংশবিস্তার বীজ ও লতার/শাখার মাধ্যমে হয়ে থাকে।,6.44140625
913,বারি মেটে আলু-৪-এর শুষ্ক পদার্থ সম্পর্কে কী তথ্য আছে?,65,বারি মেটে আলু-৪: শুষ্ক পদার্থ,শুষ্ক পদার্থের পরিমাণ ২৯.৯৪ ± ১।,https://objectstorage.ap-dcc-gazipur-1.oraclecloud15.com/n/axvjbnqprylg/b/V2Ministry/o/office-bari/2024/12/26c584aa513c4e7b9b7cc65b0f81fd94.pdf,6.234375,63,বারি মেটে আলু-৩: শুষ্ক পদার্থ,শুষ্ক পদার্থের পরিমাণ ২৮.৫৬ ± ১।,https://objectstorage.ap-dcc-gazipur-1.oraclecloud15.com/n/axvjbnqprylg/b/V2Ministry/o/office-bari/2024/12/26c584aa513c4e7b9b7cc65b0f81fd94.pdf,2.2734375,18,বারি আলু-১০৩: শুষ্ক পদার্থ,শুষ্ক পদার্থ ২০% এর উপরে যা অনুকূল পরিবেশে ২২% পর্যন্ত হয়।,https://objectstorage.ap-dcc-gazipur-1.oraclecloud15.com/n/axvjbnqprylg/b/V2Ministry/o/office-bari/2024/12/26c584aa513c4e7b9b7cc65b0f81fd94.pdf,1.369140625,শুষ্ক পদার্থের পরিমাণ ২৯.৯৪ ± ১।,-2.6953125
914,সুপারি সম্পর্কে গোবর ও রাসায়নিক সার বিষয়ে কী বলা হয়েছে?,288,সুপারি: সার ব্যবস্থাপনা,"বীজতলার জমির উর্বরতা অনুযায়ী হেক্টরপ্রতি ১৫-২০ টন গোবর বা জৈব সার প্রয়োগ করতে হবে, তবে কোনো রাসায়নিক সার প্রয়োগের প্রয়োজন নেই।",https://objectstorage.ap-dcc-gazipur-1.oraclecloud15.com/n/axvjbnqprylg/b/V2Ministry/o/office-bari/2024/12/26c584aa513c4e7b9b7cc65b0f81fd94.pdf,1.0146484375,300,সুপারি: সার ব্যবস্থাপনা,সেপ্টেম্বর মাসে প্রথম বার রাসায়নিক সার প্রয়োগের সময়ে (বছরে একবার) সম্পূর্ণ গোবর/কম্পোস্ট সার প্রয়োগ করতে হবে।,https://objectstorage.ap-dcc-gazipur-1.oraclecloud15.com/n/axvjbnqprylg/b/V2Ministry/o/office-bari/2024/12/26c584aa513c4e7b9b7cc65b0f81fd94.pdf,0.385986328125,303,সুপারি: সার ব্যবস্থাপনা,যদি রাসায়নিক সার প্রয়োগের একমাস পূর্বে জৈব সার প্রয়োগ করা যায় তাহলে ভাল হয়।,https://objectstorage.ap-dcc-gazipur-1.oraclecloud15.com/n/axvjbnqprylg/b/V2Ministry/o/office-bari/2024/12/26c584aa513c4e7b9b7cc65b0f81fd94.pdf,-2.64453125,"বীজতলার জমির উর্বরতা অনুযায়ী হেক্টরপ্রতি ১৫-২০ টন গোবর বা জৈব সার প্রয়োগ করতে হবে, তবে কোনো রাসায়নিক সার প্রয়োগের প্রয়োজন নেই।",-3.357421875
915,চুইঝাল: পলিব্যাগ উৎপাদিত চারা পরবর্তীতে প্রসঙ্গে কী তথ্য আছে?,345,চুইঝাল: চারা উৎপাদন ও পরিচর্যা,পলিব্যাগ উৎপাদিত চারা পরবর্তীতে মূল জমিতে রোপণ করা হয়।,https://objectstorage.ap-dcc-gazipur-1.oraclecloud15.com/n/axvjbnqprylg/b/V2Ministry/o/office-bari/2024/12/26c584aa513c4e7b9b7cc65b0f81fd94.pdf,5.78125,344,চুইঝাল: চারা উৎপাদন ও পরিচর্যা,"পলিব্যাগে চারা তৈরির ক্ষেত্রে একটি, দুইটি বা তিনটি গিট সম্পন্ন লতার কাটিং নেয়া হয়।",https://objectstorage.ap-dcc-gazipur-1.oraclecloud15.com/n/axvjbnqprylg/b/V2Ministry/o/office-bari/2024/12/26c584aa513c4e7b9b7cc65b0f81fd94.pdf,2.515625,343,চুইঝাল: চারা উৎপাদন ও পরিচর্যা,বাণিজ্যিকভাবে চুইঝালের বিভিন্ন কাটিং পলিব্যাগে চারা তৈরি করা হয়।,https://objectstorage.ap-dcc-gazipur-1.oraclecloud15.com/n/axvjbnqprylg/b/V2Ministry/o/office-bari/2024/12/26c584aa513c4e7b9b7cc65b0f81fd94.pdf,2.4140625,পলিব্যাগ উৎপাদিত চারা পরবর্তীতে মূল জমিতে রোপণ করা হয়।,1.1376953125
916,বারি ডাঁটা-৪-এর ফুল আসার সময় সম্পর্কে কী তথ্য আছে?,255,বারি ডাঁটা-৪: ফুল আসার সময়,বারি ডাঁটা-৪ সারা বছর চাষোপযোগী জাত এবং বীজ বপনের ১০০-১০৫ দিন পর ফুল আসে এবং ১২০ দিন পর কাণ্ডে হালকা আঁশ গঠিত হয়।,https://objectstorage.ap-dcc-gazipur-1.oraclecloud15.com/n/axvjbnqprylg/b/V2Ministry/o/office-bari/2024/12/26c584aa513c4e7b9b7cc65b0f81fd94.pdf,7.80078125,247,বারি ডাঁটা-৪: কাণ্ডের বৈশিষ্ট্য,"ডাঁটার জাত বারি ডাঁটা-৪ বছরের যে কোন সময় বাংলাদেশের সর্বত্র চাষোপযোগী, উচ্চ ফলনশীল, কাণ্ড নরম ও কম আঁশযুক্ত।",https://objectstorage.ap-dcc-gazipur-1.oraclecloud15.com/n/axvjbnqprylg/b/V2Ministry/o/office-bari/2024/12/26c584aa513c4e7b9b7cc65b0f81fd94.pdf,1.6953125,250,বারি ডাঁটা-৪: বীজ সংগ্রহের সময়,বীজ উৎপাদনের জন্য বপনের ১৩০-১৫০ দিন পর বীজ সংগ্রহপযোগী হয়।,https://objectstorage.ap-dcc-gazipur-1.oraclecloud15.com/n/axvjbnqprylg/b/V2Ministry/o/office-bari/2024/12/26c584aa513c4e7b9b7cc65b0f81fd94.pdf,1.083984375,বারি ডাঁটা-৪ সারা বছর চাষোপযোগী জাত এবং বীজ বপনের ১০০-১০৫ দিন পর ফুল আসে এবং ১২০ দিন পর কাণ্ডে হালকা আঁশ গঠিত হয়।,6.26171875
917,পানিকচু চারা লাগানোর কত মাস পর থেকে কত মাস পর্যন্ত লতি সংগ্রহ করা যায়?,60,পানিকচু: ফসল সংগ্রহ,চারা লাগানোর ২ মাস পর থেকে ৫ মাস পর্যন্ত লতি সংগ্রহ করা যায়।,https://objectstorage.ap-dcc-gazipur-1.oraclecloud15.com/n/axvjbnqprylg/b/V2Ministry/o/office-bari/2024/12/26c584aa513c4e7b9b7cc65b0f81fd94.pdf,7.73828125,55,পানিকচু: আগাছা ব্যবস্থাপনা,চারা লাগানোর পর থেকে ৩ মাস পর্যন্ত জমিতে আগাছা জন্মাতে পারে।,https://objectstorage.ap-dcc-gazipur-1.oraclecloud15.com/n/axvjbnqprylg/b/V2Ministry/o/office-bari/2024/12/26c584aa513c4e7b9b7cc65b0f81fd94.pdf,1.787109375,97,বারি মুখীকচু-৩: ফসল সংগ্রহ,লাগানোর প্রায় ৭ থেকে ৯ মাস পর মুখীকচু সংগ্রহ করা যায়।,https://objectstorage.ap-dcc-gazipur-1.oraclecloud15.com/n/axvjbnqprylg/b/V2Ministry/o/office-bari/2024/12/26c584aa513c4e7b9b7cc65b0f81fd94.pdf,1.0693359375,চারা লাগানোর ২ মাস পর থেকে ৫ মাস পর্যন্ত লতি সংগ্রহ করা যায়।,7.11328125
918,মাঠের ইঁদুর ব্যবস্থাপনা সম্পর্কে কোন বিষ ব্যবহার বিষয়ে কী বলা হয়েছে?,480,মাঠের ইঁদুর ব্যবস্থাপনা: পোকামাকড় বা ক্ষতিকর প্রাণী ব্যবস্থাপনা,কোন বিষ ব্যবহার না করে খুবই কম খরচে ইঁদুর তাড়ানো সম্ভব হবে।,https://objectstorage.ap-dcc-gazipur-1.oraclecloud15.com/n/axvjbnqprylg/b/V2Ministry/o/office-bari/2024/12/26c584aa513c4e7b9b7cc65b0f81fd94.pdf,3.404296875,487,মাঠের ইঁদুর ব্যবস্থাপনা: পোকামাকড় বা ক্ষতিকর প্রাণী ব্যবস্থাপনা,প্রযুক্তিটি ব্যবহারে ক্ষতিকারক রাসায়নিক কীটনাশক প্রয়োগের প্রয়োজন হয় না।,https://objectstorage.ap-dcc-gazipur-1.oraclecloud15.com/n/axvjbnqprylg/b/V2Ministry/o/office-bari/2024/12/26c584aa513c4e7b9b7cc65b0f81fd94.pdf,0.84716796875,471,মাঠের ইঁদুর ব্যবস্থাপনা: নিরাপত্তা ও পরিবেশগত প্রভাব,প্রযুক্তি: কেরোসিন মিশ্রিত গোবরের বল দিয়ে মাঠের ইঁদুর তাড়ানো প্রযুক্তির বৈশিষ্ট্য এই পদ্ধতিতে মানুষ বা অন্য কোন উপকারী প্রাণীর ক্ষতি হয় না অর্থাৎ এটি একটি নিরাপদ পদ্ধতি।,https://objectstorage.ap-dcc-gazipur-1.oraclecloud15.com/n/axvjbnqprylg/b/V2Ministry/o/office-bari/2024/12/26c584aa513c4e7b9b7cc65b0f81fd94.pdf,0.32373046875,কোন বিষ ব্যবহার না করে খুবই কম খরচে ইঁদুর তাড়ানো সম্ভব হবে।,-3.21875
919,বারি অড়হর-১-এর গাছের উচ্চতা কত?,195,বারি অড়হর-১: গাছের উচ্চতা,অড়হরের জাত বারি অড়হর-১ বৈশিষ্ট্য গাছ খাড়া ও শক্ত এবং গাছের উচ্চতা ২-৩ মিটার।,https://objectstorage.ap-dcc-gazipur-1.oraclecloud15.com/n/axvjbnqprylg/b/V2Ministry/o/office-bari/2024/12/26c584aa513c4e7b9b7cc65b0f81fd94.pdf,8.078125,267,বারি সুপারি-১: গাছের উচ্চতা,গাছের গড় উচ্চতা (৫০ বছর বয়সে) ১০.৭৭ মি।,https://objectstorage.ap-dcc-gazipur-1.oraclecloud15.com/n/axvjbnqprylg/b/V2Ministry/o/office-bari/2024/12/26c584aa513c4e7b9b7cc65b0f81fd94.pdf,4.14453125,332,বারি চুইঝাল-১: গাছের উচ্চতা,গাছের গড় উচ্চতা ১০-১২ মিটার।,https://objectstorage.ap-dcc-gazipur-1.oraclecloud15.com/n/axvjbnqprylg/b/V2Ministry/o/office-bari/2024/12/26c584aa513c4e7b9b7cc65b0f81fd94.pdf,3.626953125,অড়হরের জাত বারি অড়হর-১ বৈশিষ্ট্য গাছ খাড়া ও শক্ত এবং গাছের উচ্চতা ২-৩ মিটার।,8.1640625
920,গম-পাট-রোপা আমন ফসল বিন্যাসের সার প্রয়োগ সম্পর্কে কী বলা হয়েছে?,454,গম-পাট-রোপা আমন ফসল বিন্যাস: সার ব্যবস্থাপনা,সেচসহ চাষের ক্ষেত্রে চারার তিন পাতা বয়সে প্রথম সেচের পর হেক্টরপ্রতি ৭৫-৯০ কেজি ইউরিয়া উপরি প্রয়োগ করতে হবে।,https://objectstorage.ap-dcc-gazipur-1.oraclecloud15.com/n/axvjbnqprylg/b/V2Ministry/o/office-bari/2024/12/26c584aa513c4e7b9b7cc65b0f81fd94.pdf,4.3359375,457,গম-পাট-রোপা আমন ফসল বিন্যাস: সার ব্যবস্থাপনা,"ইউরিয়া তিন কিস্তিতে চারা রোপণের ৭-১০ দিন, ২০-২৫ দিন এবং ৩৫-৪০ দিন পর উপরি প্রয়োগ করতে হবে।",https://objectstorage.ap-dcc-gazipur-1.oraclecloud15.com/n/axvjbnqprylg/b/V2Ministry/o/office-bari/2024/12/26c584aa513c4e7b9b7cc65b0f81fd94.pdf,3.66796875,455,গম-পাট-রোপা আমন ফসল বিন্যাস: সার ব্যবস্থাপনা,পাট: পাট বপনের সময় ইউরিয়া ব্যাতীত অন্যান্য সার শেষ চাষে সমানভাবে ছিটিয়ে মাটির সাথে মিশিয়ে দিতে হবে।,https://objectstorage.ap-dcc-gazipur-1.oraclecloud15.com/n/axvjbnqprylg/b/V2Ministry/o/office-bari/2024/12/26c584aa513c4e7b9b7cc65b0f81fd94.pdf,3.576171875,পাট: পাট বপনের সময় ইউরিয়া ব্যাতীত অন্যান্য সার শেষ চাষে সমানভাবে ছিটিয়ে মাটির সাথে মিশিয়ে দিতে হবে।,-2.583984375
921,বারি মরিচ-৬-এর ফল সম্পর্কে কী তথ্য আছে?,355,বারি মরিচ-৬: ফলের বৈশিষ্ট্য,"বারি মরিচ-৬ কাঁচা অবস্থায় গাঢ় কালচে, ফলের গায়ের পার্শ্বে আংশিক বা সামগ্রিক (মৌসুম ভেদে) কালচে রং থাকে এবং পরিপক্ক অবস্থায় উজ্জ্বল, গাঢ় লাল রং বিশিষ্ট।",https://objectstorage.ap-dcc-gazipur-1.oraclecloud15.com/n/axvjbnqprylg/b/V2Ministry/o/office-bari/2024/12/26c584aa513c4e7b9b7cc65b0f81fd94.pdf,5.1875,358,বারি মরিচ-৬: ফলের বৈশিষ্ট্য,ফল মাঝারি লম্বা এবং প্রতিটি মরিচের দৈর্ঘ্য ৪-৫ সেমি।,https://objectstorage.ap-dcc-gazipur-1.oraclecloud15.com/n/axvjbnqprylg/b/V2Ministry/o/office-bari/2024/12/26c584aa513c4e7b9b7cc65b0f81fd94.pdf,4.9375,357,বারি মরিচ-৬: ফুলের বৈশিষ্ট্য,ফুলের দল ও পুংকেশর হালকা বেগুনি রঙের।,https://objectstorage.ap-dcc-gazipur-1.oraclecloud15.com/n/axvjbnqprylg/b/V2Ministry/o/office-bari/2024/12/26c584aa513c4e7b9b7cc65b0f81fd94.pdf,2.7578125,"বারি মরিচ-৬ কাঁচা অবস্থায় গাঢ় কালচে, ফলের গায়ের পার্শ্বে আংশিক বা সামগ্রিক (মৌসুম ভেদে) কালচে রং থাকে এবং পরিপক্ক অবস্থায় উজ্জ্বল, গাঢ় লাল রং বিশিষ্ট।",2.4296875
922,সয়াবিন-রোপা আউশ-রোপা আমন ফসল বিন্যাসের ক্ষতিকর পোকা বা প্রাণী দমনে কী তথ্য আছে?,445,সয়াবিন-রোপা আউশ-রোপা আমন ফসল বিন্যাস: পোকামাকড় বা ক্ষতিকর প্রাণী ব্যবস্থাপনা,বিছাপোকার আক্রমণ দেখা দিলে নাইট্রো ৫০৫ ইসি প্রতি লিটার পানিতে ২ মিলি হিসেবে মিশিয়ে স্প্রে মেশিনের মাধ্যমে ছিটিয়ে দিতে হবে।,https://objectstorage.ap-dcc-gazipur-1.oraclecloud15.com/n/axvjbnqprylg/b/V2Ministry/o/office-bari/2024/12/26c584aa513c4e7b9b7cc65b0f81fd94.pdf,5.78125,450,ভুট্টা-রোপা আউশ-রোপা আমন ফসলধারা: পোকামাকড় বা ক্ষতিকর প্রাণী ব্যবস্থাপনা,রোগ বালাই দমন: ভুট্টা: প্রাথমিক পর্যায়ে ভিরতাকো প্রয়োগ করতে হবে স্টেমবোরার পোকা দমনের জন্য।,https://objectstorage.ap-dcc-gazipur-1.oraclecloud15.com/n/axvjbnqprylg/b/V2Ministry/o/office-bari/2024/12/26c584aa513c4e7b9b7cc65b0f81fd94.pdf,3.5078125,451,ভুট্টা-রোপা আউশ-রোপা আমন ফসলধারা: রোগ ব্যবস্থাপনা,রোপা আউশ: স্টেমবোরার পোকা দমনের জন্য ভিরতাকো এবং শীথ ব্লাইট দমনের জন্য ফুলিকুর ০.৫ মিলি/ লিটার হারে প্রয়োগ করতে হবে।,https://objectstorage.ap-dcc-gazipur-1.oraclecloud15.com/n/axvjbnqprylg/b/V2Ministry/o/office-bari/2024/12/26c584aa513c4e7b9b7cc65b0f81fd94.pdf,2.4140625,রোপা আউশ: স্টেমবোরার পোকা দমনের জন্য ভিরতাকো এবং শীথ ব্লাইট দমনের জন্য ফুলিকুর ০.৫ মিলি/ লিটার হারে প্রয়োগ করতে হবে।,-1.37890625
923,বারি অড়হর-১-এর ১০০ বীজের ওজন কত?,200,বারি অড়হর-১: বীজ বা দানার বৈশিষ্ট্য,১০০ বীজের ওজন ১১-১২ গ্রাম এবং ফলন প্রতি হেক্টরে প্রায় ১.৫-১.৮ টন।,https://objectstorage.ap-dcc-gazipur-1.oraclecloud15.com/n/axvjbnqprylg/b/V2Ministry/o/office-bari/2024/12/26c584aa513c4e7b9b7cc65b0f81fd94.pdf,7.65234375,261,বারি ঝাড়শীম-৪: বীজ বা দানার বৈশিষ্ট্য,প্রতি পডে ৭-৯ টি বীজ থাকে এবং ১০০ টি বীজের ওজন ৯৭.২৭ গ্রাম।,https://objectstorage.ap-dcc-gazipur-1.oraclecloud15.com/n/axvjbnqprylg/b/V2Ministry/o/office-bari/2024/12/26c584aa513c4e7b9b7cc65b0f81fd94.pdf,1.130859375,307,বারি কফি-১: ফলের বৈশিষ্ট্য,১০০টি ফলের গড় ওজন ১০২ গ্রাম।,https://objectstorage.ap-dcc-gazipur-1.oraclecloud15.com/n/axvjbnqprylg/b/V2Ministry/o/office-bari/2024/12/26c584aa513c4e7b9b7cc65b0f81fd94.pdf,0.951171875,১০০ বীজের ওজন ১১-১২ গ্রাম এবং ফলন প্রতি হেক্টরে প্রায় ১.৫-১.৮ টন।,3.76953125
924,পানিকচুর আগাছা ব্যবস্থাপনার গুরুত্বপূর্ণ সময় কত?,54,পানিকচু: আগাছা ব্যবস্থাপনা,পানিকচুর জমি সবসময় আগাছামুক্ত রাখতে হবে।,https://objectstorage.ap-dcc-gazipur-1.oraclecloud15.com/n/axvjbnqprylg/b/V2Ministry/o/office-bari/2024/12/26c584aa513c4e7b9b7cc65b0f81fd94.pdf,1.4169921875,55,পানিকচু: আগাছা ব্যবস্থাপনা,চারা লাগানোর পর থেকে ৩ মাস পর্যন্ত জমিতে আগাছা জন্মাতে পারে।,https://objectstorage.ap-dcc-gazipur-1.oraclecloud15.com/n/axvjbnqprylg/b/V2Ministry/o/office-bari/2024/12/26c584aa513c4e7b9b7cc65b0f81fd94.pdf,1.3701171875,43,পানিকচু: রোপণের সময়,আগাম ফসলের জন্য কার্তিক ও নাবী ফসলের জন্য মধ্য ফাল্গুন থেকে মধ্য বৈশাখ মাসে লাগানো যায়।,https://objectstorage.ap-dcc-gazipur-1.oraclecloud15.com/n/axvjbnqprylg/b/V2Ministry/o/office-bari/2024/12/26c584aa513c4e7b9b7cc65b0f81fd94.pdf,-1.5068359375,পানিকচুর জমি সবসময় আগাছামুক্ত রাখতে হবে।,-4.8671875
925,বারি চুইঝাল-১-এর কাণ্ড সম্পর্কে কী তথ্য আছে?,335,বারি চুইঝাল-১: কাণ্ডের বৈশিষ্ট্য,তিন বছর বয়সী গাছের কাণ্ডের ব্যাস ৬-৮ সে.মি.।,https://objectstorage.ap-dcc-gazipur-1.oraclecloud15.com/n/axvjbnqprylg/b/V2Ministry/o/office-bari/2024/12/26c584aa513c4e7b9b7cc65b0f81fd94.pdf,4.0234375,152,বারি চিয়া ১: কাণ্ডের বৈশিষ্ট্য,এ লাইনটির কাণ্ড তুলনামূলকভাবে শক্ত ও মজবুত তাই ঝড়-বাতাসে সহজে হেলে ও ভেঙ্গে পড়েনা এবং তেমন রোগ ও পোকামাকড়ের আক্রমণ হয় না।,https://objectstorage.ap-dcc-gazipur-1.oraclecloud15.com/n/axvjbnqprylg/b/V2Ministry/o/office-bari/2024/12/26c584aa513c4e7b9b7cc65b0f81fd94.pdf,1.94921875,337,বারি চুইঝাল-১: ফসল সংগ্রহ,১.৫-২.০ বছর পর কাণ্ড বা শাখা সংগ্রহ করা যায়।,https://objectstorage.ap-dcc-gazipur-1.oraclecloud15.com/n/axvjbnqprylg/b/V2Ministry/o/office-bari/2024/12/26c584aa513c4e7b9b7cc65b0f81fd94.pdf,1.79296875,এ লাইনটির কাণ্ড তুলনামূলকভাবে শক্ত ও মজবুত তাই ঝড়-বাতাসে সহজে হেলে ও ভেঙ্গে পড়েনা এবং তেমন রোগ ও পোকামাকড়ের আক্রমণ হয় না।,-3.671875
926,বারি অড়হর-১ একশটি বীজের ওজন কত?,200,বারি অড়হর-১: বীজ বা দানার বৈশিষ্ট্য,১০০ বীজের ওজন ১১-১২ গ্রাম এবং ফলন প্রতি হেক্টরে প্রায় ১.৫-১.৮ টন।,https://objectstorage.ap-dcc-gazipur-1.oraclecloud15.com/n/axvjbnqprylg/b/V2Ministry/o/office-bari/2024/12/26c584aa513c4e7b9b7cc65b0f81fd94.pdf,6.3203125,261,বারি ঝাড়শীম-৪: বীজ বা দানার বৈশিষ্ট্য,প্রতি পডে ৭-৯ টি বীজ থাকে এবং ১০০ টি বীজের ওজন ৯৭.২৭ গ্রাম।,https://objectstorage.ap-dcc-gazipur-1.oraclecloud15.com/n/axvjbnqprylg/b/V2Ministry/o/office-bari/2024/12/26c584aa513c4e7b9b7cc65b0f81fd94.pdf,0.8115234375,151,বারি চিয়া ১: বীজ বা দানার বৈশিষ্ট্য,হাজার দানার ওজন ১.২ গ্রাম।,https://objectstorage.ap-dcc-gazipur-1.oraclecloud15.com/n/axvjbnqprylg/b/V2Ministry/o/office-bari/2024/12/26c584aa513c4e7b9b7cc65b0f81fd94.pdf,0.64892578125,১০০ বীজের ওজন ১১-১২ গ্রাম এবং ফলন প্রতি হেক্টরে প্রায় ১.৫-১.৮ টন।,1.6787109375
927,মুখীকচু বিষয়ে ডাবল সারি পদ্ধতির রোপণ দূরত্ব সম্পর্কে কী তথ্য আছে?,100,মুখীকচু: রোপণ বা বপনের দূরত্ব,ডাবল সারি পদ্ধতিতে রোপণ দূরত্ব: ৭৫ সেমি × ৬০ সেমি।,https://objectstorage.ap-dcc-gazipur-1.oraclecloud15.com/n/axvjbnqprylg/b/V2Ministry/o/office-bari/2024/12/26c584aa513c4e7b9b7cc65b0f81fd94.pdf,7.3046875,99,মুখীকচু: রোপণ বা বপনের দূরত্ব,একক সারি পদ্ধতিতে রোপণ দূরত্ব: ৬০ সেমি × ৩৫ সেমি।,https://objectstorage.ap-dcc-gazipur-1.oraclecloud15.com/n/axvjbnqprylg/b/V2Ministry/o/office-bari/2024/12/26c584aa513c4e7b9b7cc65b0f81fd94.pdf,2.919921875,49,পানিকচু: রোপণ বা বপনের দূরত্ব,সারি থেকে সারির দূরত্ব ৬০ সে.মি. এবং গাছ থেকে গাছের দূরত্ব ৪৫ সে.মি. রাখতে হবে।,https://objectstorage.ap-dcc-gazipur-1.oraclecloud15.com/n/axvjbnqprylg/b/V2Ministry/o/office-bari/2024/12/26c584aa513c4e7b9b7cc65b0f81fd94.pdf,1.6455078125,ডাবল সারি পদ্ধতিতে রোপণ দূরত্ব: ৭৫ সেমি × ৬০ সেমি।,3.474609375
928,বারি পানিকচু-৮-এর প্রতি গাছে লতির সংখ্যা ও ওজন কত?,31,বারি পানিকচু-৮: লতির সংখ্যা ও ওজন,গাছপ্রতি লতির গড় সংখ্যা ২৪টি এবং গড় ওজন ৮০০ গ্রাম।,https://objectstorage.ap-dcc-gazipur-1.oraclecloud15.com/n/axvjbnqprylg/b/V2Ministry/o/office-bari/2024/12/26c584aa513c4e7b9b7cc65b0f81fd94.pdf,8.609375,30,বারি পানিকচু-৮: লতির সংখ্যা ও ওজন,"প্রতিটি লতির গড় ওজন ৭০ গ্রাম, দৈর্ঘ্য প্রায় ৫০ সেমি এবং ব্যাস ২ সেমি।",https://objectstorage.ap-dcc-gazipur-1.oraclecloud15.com/n/axvjbnqprylg/b/V2Ministry/o/office-bari/2024/12/26c584aa513c4e7b9b7cc65b0f81fd94.pdf,7.5234375,37,বারি পানিকচু-৯: লতির সংখ্যা ও ওজন,গাছ প্রতি লতির গড় সংখ্যা ৩০ টি এবং গড় ওজন ৮০০ গ্রাম।,https://objectstorage.ap-dcc-gazipur-1.oraclecloud15.com/n/axvjbnqprylg/b/V2Ministry/o/office-bari/2024/12/26c584aa513c4e7b9b7cc65b0f81fd94.pdf,5.125,গাছপ্রতি লতির গড় সংখ্যা ২৪টি এবং গড় ওজন ৮০০ গ্রাম।,3.494140625
929,চর এলাকায় বিনা চাষে পেঁয়াজ বিষয়ে চারা প্রতিষ্ঠিত হওয়া পর্যন্ত আর্দ্রতা সম্পর্কে কী তথ্য আছে?,430,চর এলাকায় বিনা চাষে পেঁয়াজ: চারা উৎপাদন ও পরিচর্যা,পেঁয়াজের চারা মাটিতে প্রতিষ্ঠিত না হওয়া পর্যন্ত জমিতে পর্যাপ্ত আর্দ্রতা নিশ্চিত করতে হবে।,https://objectstorage.ap-dcc-gazipur-1.oraclecloud15.com/n/axvjbnqprylg/b/V2Ministry/o/office-bari/2024/12/26c584aa513c4e7b9b7cc65b0f81fd94.pdf,6.87890625,424,চর এলাকায় বিনা চাষে পেঁয়াজ: চারা উৎপাদন ও পরিচর্যা,অনেক সময় আর্দ্রতার পরিমাণ বেশি হলে কিছু বীজ নষ্ট হয়ে যায় অথবা চারা গজানোর পর চারার গোঁড়া পচে হলুদ হয়ে মরে যায় যা ফিউজেরিয়াম ছত্রাকের কারণে হয়ে থাকে।,https://objectstorage.ap-dcc-gazipur-1.oraclecloud15.com/n/axvjbnqprylg/b/V2Ministry/o/office-bari/2024/12/26c584aa513c4e7b9b7cc65b0f81fd94.pdf,4.18359375,426,চর এলাকায় বিনা চাষে পেঁয়াজ: চারা উৎপাদন ও পরিচর্যা,শুকনো বালু ব্যবহারের সুবিধা হলো এটি দ্রুত পেঁয়াজের বীজ এর আশে পাশের মাটির অতিরিক্ত আর্দ্রতা শোষণ করে নেয় যার ফলে ছত্রাকের আক্রমণ কমে যায় এবং মাঠে কাঙ্ক্ষিত চারা পাওয়া যায়।,https://objectstorage.ap-dcc-gazipur-1.oraclecloud15.com/n/axvjbnqprylg/b/V2Ministry/o/office-bari/2024/12/26c584aa513c4e7b9b7cc65b0f81fd94.pdf,3.2734375,পেঁয়াজের চারা মাটিতে প্রতিষ্ঠিত না হওয়া পর্যন্ত জমিতে পর্যাপ্ত আর্দ্রতা নিশ্চিত করতে হবে।,4.54296875
930,বারি পানিকচু-৯ সম্পর্কে লতির গঠন বিষয়ে কী বলা হয়েছে?,35,বারি পানিকচু-৯: লতির বৈশিষ্ট্য,এর লতি তুলনামূলক চিকন এবং লম্বা।,https://objectstorage.ap-dcc-gazipur-1.oraclecloud15.com/n/axvjbnqprylg/b/V2Ministry/o/office-bari/2024/12/26c584aa513c4e7b9b7cc65b0f81fd94.pdf,2.505859375,34,বারি পানিকচু-৯: লতির বৈশিষ্ট্য,বারি পানিকচু-৯ এর প্রধান ভক্ষণযোগ্য অংশ হলো লতি।,https://objectstorage.ap-dcc-gazipur-1.oraclecloud15.com/n/axvjbnqprylg/b/V2Ministry/o/office-bari/2024/12/26c584aa513c4e7b9b7cc65b0f81fd94.pdf,2.369140625,36,বারি পানিকচু-৯: লতির সংখ্যা ও ওজন,"প্রতিটি লতির গড় ওজন ৩৩ গ্রাম, দৈর্ঘ্য ৬৪ সেমি এবং ব্যাস প্রায় ১.০ সেমি।",https://objectstorage.ap-dcc-gazipur-1.oraclecloud15.com/n/axvjbnqprylg/b/V2Ministry/o/office-bari/2024/12/26c584aa513c4e7b9b7cc65b0f81fd94.pdf,1.873046875,বারি পানিকচু-৯ এর প্রধান ভক্ষণযোগ্য অংশ হলো লতি।,2.068359375
931,সুপারি বিষয়ে গোবর ও রাসায়নিক সার সম্পর্কে কী তথ্য আছে?,288,সুপারি: সার ব্যবস্থাপনা,"বীজতলার জমির উর্বরতা অনুযায়ী হেক্টরপ্রতি ১৫-২০ টন গোবর বা জৈব সার প্রয়োগ করতে হবে, তবে কোনো রাসায়নিক সার প্রয়োগের প্রয়োজন নেই।",https://objectstorage.ap-dcc-gazipur-1.oraclecloud15.com/n/axvjbnqprylg/b/V2Ministry/o/office-bari/2024/12/26c584aa513c4e7b9b7cc65b0f81fd94.pdf,2.62109375,300,সুপারি: সার ব্যবস্থাপনা,সেপ্টেম্বর মাসে প্রথম বার রাসায়নিক সার প্রয়োগের সময়ে (বছরে একবার) সম্পূর্ণ গোবর/কম্পোস্ট সার প্রয়োগ করতে হবে।,https://objectstorage.ap-dcc-gazipur-1.oraclecloud15.com/n/axvjbnqprylg/b/V2Ministry/o/office-bari/2024/12/26c584aa513c4e7b9b7cc65b0f81fd94.pdf,1.6181640625,303,সুপারি: সার ব্যবস্থাপনা,যদি রাসায়নিক সার প্রয়োগের একমাস পূর্বে জৈব সার প্রয়োগ করা যায় তাহলে ভাল হয়।,https://objectstorage.ap-dcc-gazipur-1.oraclecloud15.com/n/axvjbnqprylg/b/V2Ministry/o/office-bari/2024/12/26c584aa513c4e7b9b7cc65b0f81fd94.pdf,-1.0087890625,"বীজতলার জমির উর্বরতা অনুযায়ী হেক্টরপ্রতি ১৫-২০ টন গোবর বা জৈব সার প্রয়োগ করতে হবে, তবে কোনো রাসায়নিক সার প্রয়োগের প্রয়োজন নেই।",-3.142578125
932,মরিচ চাষ বা সংগ্রহের জন্য কেমন আবহাওয়া উপযোগী?,360,মরিচ: আবহাওয়া ও জলবায়ু,মোটামুটি ভাবে ঠান্ডা ও শুষ্ক আবহাওয়া মরিচ চাষের উপযোগী।,https://objectstorage.ap-dcc-gazipur-1.oraclecloud15.com/n/axvjbnqprylg/b/V2Ministry/o/office-bari/2024/12/26c584aa513c4e7b9b7cc65b0f81fd94.pdf,5.19140625,361,মরিচ: তাপমাত্রা,অঙ্কুরোদগমের জন্য ২৭-৩২ ° সেলসিয়াস ও গাছের বৃদ্ধির জন্য ২০-৩৫° সেলসিয়াস তাপমাত্রা উপযুক্ত।,https://objectstorage.ap-dcc-gazipur-1.oraclecloud15.com/n/axvjbnqprylg/b/V2Ministry/o/office-bari/2024/12/26c584aa513c4e7b9b7cc65b0f81fd94.pdf,0.43359375,383,গোল মরিচ: দ্বি-নোড কাটিং: মাটি ও জমির উপযোগিতা,"পানি নিষ্কাশনের সুবিধা সম্পন্ন অম্লীয় উর্বর, দোঁয়াশ মাটি ও ছায়া যুক্ত স্থান গোল মরিচ চাষের জন্য বেশ উপযোগী।",https://objectstorage.ap-dcc-gazipur-1.oraclecloud15.com/n/axvjbnqprylg/b/V2Ministry/o/office-bari/2024/12/26c584aa513c4e7b9b7cc65b0f81fd94.pdf,-0.224365234375,মোটামুটি ভাবে ঠান্ডা ও শুষ্ক আবহাওয়া মরিচ চাষের উপযোগী।,4.7265625
933,বারি চিয়া ১ কোন সালে অবমুক্ত বা অনুমোদিত হয়েছে?,150,বারি চিয়া ১: অবমুক্তি বা অনুমোদন,২০২৩ সালে বারি চিয়া ১ জাতটি অবমুক্ত করে।,https://objectstorage.ap-dcc-gazipur-1.oraclecloud15.com/n/axvjbnqprylg/b/V2Ministry/o/office-bari/2024/12/26c584aa513c4e7b9b7cc65b0f81fd94.pdf,6.15234375,151,বারি চিয়া ১: বীজ বা দানার বৈশিষ্ট্য,হাজার দানার ওজন ১.২ গ্রাম।,https://objectstorage.ap-dcc-gazipur-1.oraclecloud15.com/n/axvjbnqprylg/b/V2Ministry/o/office-bari/2024/12/26c584aa513c4e7b9b7cc65b0f81fd94.pdf,-0.6455078125,152,বারি চিয়া ১: কাণ্ডের বৈশিষ্ট্য,এ লাইনটির কাণ্ড তুলনামূলকভাবে শক্ত ও মজবুত তাই ঝড়-বাতাসে সহজে হেলে ও ভেঙ্গে পড়েনা এবং তেমন রোগ ও পোকামাকড়ের আক্রমণ হয় না।,https://objectstorage.ap-dcc-gazipur-1.oraclecloud15.com/n/axvjbnqprylg/b/V2Ministry/o/office-bari/2024/12/26c584aa513c4e7b9b7cc65b0f81fd94.pdf,-1.568359375,২০২৩ সালে বারি চিয়া ১ জাতটি অবমুক্ত করে।,4.390625
934,মরিচের রং-সংক্রান্ত বৈশিষ্ট্য কী?,355,বারি মরিচ-৬: ফলের বৈশিষ্ট্য,"বারি মরিচ-৬ কাঁচা অবস্থায় গাঢ় কালচে, ফলের গায়ের পার্শ্বে আংশিক বা সামগ্রিক (মৌসুম ভেদে) কালচে রং থাকে এবং পরিপক্ক অবস্থায় উজ্জ্বল, গাঢ় লাল রং বিশিষ্ট।",https://objectstorage.ap-dcc-gazipur-1.oraclecloud15.com/n/axvjbnqprylg/b/V2Ministry/o/office-bari/2024/12/26c584aa513c4e7b9b7cc65b0f81fd94.pdf,2.1328125,375,মরিচ: রং ও বর্ণ,দ্বিস্তর বিশিষ্ট পলিথিন ব্যাগ ও টিনের পাত্রের মধ্যে পলিথিন দিয়ে তার ভিতর মরিচ রাখলে মরিচের রং গুণগত মান খুব ভাল থাকে।,https://objectstorage.ap-dcc-gazipur-1.oraclecloud15.com/n/axvjbnqprylg/b/V2Ministry/o/office-bari/2024/12/26c584aa513c4e7b9b7cc65b0f81fd94.pdf,2.00390625,356,বারি মরিচ-৬: পাতার বৈশিষ্ট্য,কাণ্ড ও পাতার অক্ষ কালচে রং দ্বারা আবৃত থাকে।,https://objectstorage.ap-dcc-gazipur-1.oraclecloud15.com/n/axvjbnqprylg/b/V2Ministry/o/office-bari/2024/12/26c584aa513c4e7b9b7cc65b0f81fd94.pdf,1.1328125,"বারি মরিচ-৬ কাঁচা অবস্থায় গাঢ় কালচে, ফলের গায়ের পার্শ্বে আংশিক বা সামগ্রিক (মৌসুম ভেদে) কালচে রং থাকে এবং পরিপক্ক অবস্থায় উজ্জ্বল, গাঢ় লাল রং বিশিষ্ট।",0.08392333984375
935,বারি আলু-১০২-এর গাছ কতটা লম্বা হয়?,10,বারি আলু-১০২: গাছের উচ্চতা,গাছ মধ্যম উচ্চতা সম্পন্ন ইন্টারমিডিয়েট টাইপ এবং গড়ে ৪-৫টি কাণ্ড থাকে।,https://objectstorage.ap-dcc-gazipur-1.oraclecloud15.com/n/axvjbnqprylg/b/V2Ministry/o/office-bari/2024/12/26c584aa513c4e7b9b7cc65b0f81fd94.pdf,0.26123046875,495,বারি সোলার টানেল ড্রায়ার: মাত্রা ও মাপ,"লম্বা ৩২০০ মিমি, চওড়া ১২০০মিমি, উচ্চতা ৭২০ মিমি।",https://objectstorage.ap-dcc-gazipur-1.oraclecloud15.com/n/axvjbnqprylg/b/V2Ministry/o/office-bari/2024/12/26c584aa513c4e7b9b7cc65b0f81fd94.pdf,-1.359375,13,বারি আলু-১০২: ফলন,হেক্টর প্রতি গড় ফলন ৩৬.০০ টন যা অনুকূল পরিবেশে বাংলাদেশের আবহাওয়ায় সর্বোচ্চ ৪০.০০ টন পর্যন্ত হয়।,https://objectstorage.ap-dcc-gazipur-1.oraclecloud15.com/n/axvjbnqprylg/b/V2Ministry/o/office-bari/2024/12/26c584aa513c4e7b9b7cc65b0f81fd94.pdf,-2.166015625,"লম্বা ৩২০০ মিমি, চওড়া ১২০০মিমি, উচ্চতা ৭২০ মিমি।",-2.326171875
936,বারি চীনাবাদাম-১২ ১০০ বাদামের ওজন কত?,105,বারি চীনাবাদাম-১২: বীজ বা দানার বৈশিষ্ট্য,১০০ বাদামের (খোসা ছাড়া) ওজন ৫৫-৬০ গ্রাম।,https://objectstorage.ap-dcc-gazipur-1.oraclecloud15.com/n/axvjbnqprylg/b/V2Ministry/o/office-bari/2024/12/26c584aa513c4e7b9b7cc65b0f81fd94.pdf,7.05859375,200,বারি অড়হর-১: বীজ বা দানার বৈশিষ্ট্য,১০০ বীজের ওজন ১১-১২ গ্রাম এবং ফলন প্রতি হেক্টরে প্রায় ১.৫-১.৮ টন।,https://objectstorage.ap-dcc-gazipur-1.oraclecloud15.com/n/axvjbnqprylg/b/V2Ministry/o/office-bari/2024/12/26c584aa513c4e7b9b7cc65b0f81fd94.pdf,-0.64404296875,151,বারি চিয়া ১: বীজ বা দানার বৈশিষ্ট্য,হাজার দানার ওজন ১.২ গ্রাম।,https://objectstorage.ap-dcc-gazipur-1.oraclecloud15.com/n/axvjbnqprylg/b/V2Ministry/o/office-bari/2024/12/26c584aa513c4e7b9b7cc65b0f81fd94.pdf,-0.93359375,১০০ বাদামের (খোসা ছাড়া) ওজন ৫৫-৬০ গ্রাম।,4.58984375
937,বারি ডাঁটা-৪-এর বীজ কখন সংগ্রহ করা যায়?,250,বারি ডাঁটা-৪: বীজ সংগ্রহের সময়,বীজ উৎপাদনের জন্য বপনের ১৩০-১৫০ দিন পর বীজ সংগ্রহপযোগী হয়।,https://objectstorage.ap-dcc-gazipur-1.oraclecloud15.com/n/axvjbnqprylg/b/V2Ministry/o/office-bari/2024/12/26c584aa513c4e7b9b7cc65b0f81fd94.pdf,6.4375,249,বারি ডাঁটা-৪: ব্যবহার ও উপযোগিতা,বীজ বপনের ৩০ দিন পর থেকে পাতা শাক হিসেবে এবং ৪২ দিন পর থেকে ডাঁটা খাওয়ার উপযোগী হয়।,https://objectstorage.ap-dcc-gazipur-1.oraclecloud15.com/n/axvjbnqprylg/b/V2Ministry/o/office-bari/2024/12/26c584aa513c4e7b9b7cc65b0f81fd94.pdf,1.7919921875,255,বারি ডাঁটা-৪: ফুল আসার সময়,বারি ডাঁটা-৪ সারা বছর চাষোপযোগী জাত এবং বীজ বপনের ১০০-১০৫ দিন পর ফুল আসে এবং ১২০ দিন পর কাণ্ডে হালকা আঁশ গঠিত হয়।,https://objectstorage.ap-dcc-gazipur-1.oraclecloud15.com/n/axvjbnqprylg/b/V2Ministry/o/office-bari/2024/12/26c584aa513c4e7b9b7cc65b0f81fd94.pdf,1.734375,বারি ডাঁটা-৪ সারা বছর চাষোপযোগী জাত এবং বীজ বপনের ১০০-১০৫ দিন পর ফুল আসে এবং ১২০ দিন পর কাণ্ডে হালকা আঁশ গঠিত হয়।,2.76953125
938,বারি পাটের আঁশ ছাড়ানো যন্ত্র আয়-ব্যয় বা মুনাফা সম্পর্কে কী তথ্য আছে?,500,বারি পাটের আঁশ ছাড়ানো যন্ত্র: আয়-ব্যয় ও মুনাফা,"মূল্য: ৯০,০০০.০০ টাকা (ইঞ্জিন ছাড়া)।",https://objectstorage.ap-dcc-gazipur-1.oraclecloud15.com/n/axvjbnqprylg/b/V2Ministry/o/office-bari/2024/12/26c584aa513c4e7b9b7cc65b0f81fd94.pdf,6.26953125,499,বারি পাটের আঁশ ছাড়ানো যন্ত্র: সংরক্ষণ,বহির্গমন ট্রেতে সংগৃহীত পাটের আঁশ সংগ্রহ করে ভাঁজ করে সংরক্ষণ করুন।,https://objectstorage.ap-dcc-gazipur-1.oraclecloud15.com/n/axvjbnqprylg/b/V2Ministry/o/office-bari/2024/12/26c584aa513c4e7b9b7cc65b0f81fd94.pdf,-0.257568359375,498,বারি সোলার টানেল ড্রায়ার: আয়-ব্যয় ও মুনাফা,"মূল্য: ২০,০০০.০০ টাকা (এমএস)।",https://objectstorage.ap-dcc-gazipur-1.oraclecloud15.com/n/axvjbnqprylg/b/V2Ministry/o/office-bari/2024/12/26c584aa513c4e7b9b7cc65b0f81fd94.pdf,-0.5810546875,"মূল্য: ৯০,০০০.০০ টাকা (ইঞ্জিন ছাড়া)।",-7.01171875
939,বারি আলু-১০৩-এর গাছের উচ্চতা কত?,15,বারি আলু-১০৩: গাছের উচ্চতা,গাছ মধ্যম উচ্চতাসম্পন্ন ইন্টারমিডিয়েট টাইপ এবং গড়ে ৪-৬টি কাণ্ড থাকে।,https://objectstorage.ap-dcc-gazipur-1.oraclecloud15.com/n/axvjbnqprylg/b/V2Ministry/o/office-bari/2024/12/26c584aa513c4e7b9b7cc65b0f81fd94.pdf,3.01171875,137,বারি বার্লি-১০: গাছের উচ্চতা,গাছের উচ্চতা ৯০-৯৫ সে.মি.।,https://objectstorage.ap-dcc-gazipur-1.oraclecloud15.com/n/axvjbnqprylg/b/V2Ministry/o/office-bari/2024/12/26c584aa513c4e7b9b7cc65b0f81fd94.pdf,1.62109375,213,বারি কাঁঠাল-৫: গাছের উচ্চতা,গাছের উচ্চতা সাধারণতঃ ১০-১২ মিটার পর্যন্ত হয়ে থাকে।,https://objectstorage.ap-dcc-gazipur-1.oraclecloud15.com/n/axvjbnqprylg/b/V2Ministry/o/office-bari/2024/12/26c584aa513c4e7b9b7cc65b0f81fd94.pdf,1.029296875,গাছের উচ্চতা ৯০-৯৫ সে.মি.।,-0.314453125
940,বার্লি সারি পদ্ধতিতে বীজের হার কত?,145,বার্লি: বীজের হার,সারিতে বপনকৃত জমিতে হেক্টরপ্রতি ৬০ কেজি বীজ বপন করতে হবে।,https://objectstorage.ap-dcc-gazipur-1.oraclecloud15.com/n/axvjbnqprylg/b/V2Ministry/o/office-bari/2024/12/26c584aa513c4e7b9b7cc65b0f81fd94.pdf,2.974609375,146,বার্লি: বীজের হার,ছিটিয়ে বপন করলে প্রতি হেক্টরে ৭০ কেজি বীজ প্রয়োজন হয়।,https://objectstorage.ap-dcc-gazipur-1.oraclecloud15.com/n/axvjbnqprylg/b/V2Ministry/o/office-bari/2024/12/26c584aa513c4e7b9b7cc65b0f81fd94.pdf,2.568359375,171,বারি চিনা-২: বীজের হার,ছিটিয়ে বুনলে হেক্টর প্রতি ২০ কেজি এবং সারিতে বুনলে ১৮ কেজি বীজ বুনতে হবে।,https://objectstorage.ap-dcc-gazipur-1.oraclecloud15.com/n/axvjbnqprylg/b/V2Ministry/o/office-bari/2024/12/26c584aa513c4e7b9b7cc65b0f81fd94.pdf,-1.4794921875,সারিতে বপনকৃত জমিতে হেক্টরপ্রতি ৬০ কেজি বীজ বপন করতে হবে।,-3.853515625
941,ঝাড়শিমের রোপণ পদ্ধতি সম্পর্কে কী বলা হয়েছে?,265,ঝাড়শিম: রোপণ পদ্ধতি,সরাসরি জমিতে লাইন করে বীজ বুনতে হয়।,https://objectstorage.ap-dcc-gazipur-1.oraclecloud15.com/n/axvjbnqprylg/b/V2Ministry/o/office-bari/2024/12/26c584aa513c4e7b9b7cc65b0f81fd94.pdf,1.501953125,467,গম-পাট-রোপা আমন ফসল বিন্যাস: রোপণ পদ্ধতি,৮ থেকে ১০ সারি পরপর এক সারি বাদ দিয়ে চারা রোপণ করলে ধান গাছ পর্যাপ্ত আলো বাতাস পায়।,https://objectstorage.ap-dcc-gazipur-1.oraclecloud15.com/n/axvjbnqprylg/b/V2Ministry/o/office-bari/2024/12/26c584aa513c4e7b9b7cc65b0f81fd94.pdf,-4.296875,46,পানিকচু: রোপণ পদ্ধতি,৪-৬ পাতা বিশিষ্ট সবল ও সতেজ চারা রোপণের জন্য নির্বাচন করতে হবে।,https://objectstorage.ap-dcc-gazipur-1.oraclecloud15.com/n/axvjbnqprylg/b/V2Ministry/o/office-bari/2024/12/26c584aa513c4e7b9b7cc65b0f81fd94.pdf,-4.4609375,সরাসরি জমিতে লাইন করে বীজ বুনতে হয়।,-7.12890625
942,মেটে আলুর ফলন কত?,75,মেটে আলু: ফলন,জাতটির কন্দের গড় ফলন ১১৭.৮ টন/হেক্টর।,https://objectstorage.ap-dcc-gazipur-1.oraclecloud15.com/n/axvjbnqprylg/b/V2Ministry/o/office-bari/2024/12/26c584aa513c4e7b9b7cc65b0f81fd94.pdf,6.4140625,9,বারি আলু-১০১: ফলন,হেক্টরপ্রতি গড় ফলন ৪৫.৮২ টন যা অনুকূল পরিবেশে বাংলাদেশের আবহাওয়ায় সর্বোচ্চ ৫০ টন পর্যন্ত হয়।,https://objectstorage.ap-dcc-gazipur-1.oraclecloud15.com/n/axvjbnqprylg/b/V2Ministry/o/office-bari/2024/12/26c584aa513c4e7b9b7cc65b0f81fd94.pdf,-0.8212890625,13,বারি আলু-১০২: ফলন,হেক্টর প্রতি গড় ফলন ৩৬.০০ টন যা অনুকূল পরিবেশে বাংলাদেশের আবহাওয়ায় সর্বোচ্চ ৪০.০০ টন পর্যন্ত হয়।,https://objectstorage.ap-dcc-gazipur-1.oraclecloud15.com/n/axvjbnqprylg/b/V2Ministry/o/office-bari/2024/12/26c584aa513c4e7b9b7cc65b0f81fd94.pdf,-0.8525390625,হেক্টরপ্রতি গড় ফলন ৪৫.৮২ টন যা অনুকূল পরিবেশে বাংলাদেশের আবহাওয়ায় সর্বোচ্চ ৫০ টন পর্যন্ত হয়।,-2.001953125
943,আলুর টিউবার মথ ব্যবস্থাপনা কীভাবে সংরক্ষণ করতে হবে?,490,আলু: টিউবার মথ ব্যবস্থাপনা: সংরক্ষণ,উল্লেখযোগ্য বৈশিষ্ট্য: পোকামাকড় ও রোগমুক্ত টিউবার সংগ্রহ করে ঘরে উত্তম বাতাস চলাচল করে এমন স্থানে আলু সংরক্ষণ করতে হবে।,https://objectstorage.ap-dcc-gazipur-1.oraclecloud15.com/n/axvjbnqprylg/b/V2Ministry/o/office-bari/2024/12/26c584aa513c4e7b9b7cc65b0f81fd94.pdf,5.28515625,491,আলু: টিউবার মথ ব্যবস্থাপনা: পোকামাকড় বা ক্ষতিকর প্রাণী ব্যবস্থাপনা,আর্থ-সামাজিক প্রেক্ষাপট: প্রযুক্তি ব্যবহারে আলুর সুতলি পোকা দমন করার মাধ্যমে আলুর সংগ্রহোত্তর ক্ষতি কমানো সম্ভব।,https://objectstorage.ap-dcc-gazipur-1.oraclecloud15.com/n/axvjbnqprylg/b/V2Ministry/o/office-bari/2024/12/26c584aa513c4e7b9b7cc65b0f81fd94.pdf,0.12841796875,488,আলু: টিউবার মথ ব্যবস্থাপনা: ক্ষতির প্রভাব,আক্রান্ত অংশে পরবর্তীতে রোগের আক্রমণ হতে পারে ফলে খাদ্য এবং বীজ হিসাবে ব্যবহারের অনুপযোগী হয়ে যায়।,https://objectstorage.ap-dcc-gazipur-1.oraclecloud15.com/n/axvjbnqprylg/b/V2Ministry/o/office-bari/2024/12/26c584aa513c4e7b9b7cc65b0f81fd94.pdf,-2.130859375,উল্লেখযোগ্য বৈশিষ্ট্য: পোকামাকড় ও রোগমুক্ত টিউবার সংগ্রহ করে ঘরে উত্তম বাতাস চলাচল করে এমন স্থানে আলু সংরক্ষণ করতে হবে।,2.115234375
944,বারি মুখীকচু-৩ গাছে মুখীর সংখ্যা ও গড় ওজন কত?,95,বারি মুখীকচু-৩: ওজন,গাছ প্রতি মুখীর সংখ্যা ২৫-৩০ টি এবং গড় ওজন প্রায় ৮০০ গ্রাম।,https://objectstorage.ap-dcc-gazipur-1.oraclecloud15.com/n/axvjbnqprylg/b/V2Ministry/o/office-bari/2024/12/26c584aa513c4e7b9b7cc65b0f81fd94.pdf,8.28125,37,বারি পানিকচু-৯: লতির সংখ্যা ও ওজন,গাছ প্রতি লতির গড় সংখ্যা ৩০ টি এবং গড় ওজন ৮০০ গ্রাম।,https://objectstorage.ap-dcc-gazipur-1.oraclecloud15.com/n/axvjbnqprylg/b/V2Ministry/o/office-bari/2024/12/26c584aa513c4e7b9b7cc65b0f81fd94.pdf,1.2216796875,31,বারি পানিকচু-৮: লতির সংখ্যা ও ওজন,গাছপ্রতি লতির গড় সংখ্যা ২৪টি এবং গড় ওজন ৮০০ গ্রাম।,https://objectstorage.ap-dcc-gazipur-1.oraclecloud15.com/n/axvjbnqprylg/b/V2Ministry/o/office-bari/2024/12/26c584aa513c4e7b9b7cc65b0f81fd94.pdf,1.1708984375,গাছ প্রতি মুখীর সংখ্যা ২৫-৩০ টি এবং গড় ওজন প্রায় ৮০০ গ্রাম।,4.52734375
945,বারি পাটের আঁশ ছাড়ানো যন্ত্র চাষের অর্থনৈতিক ফলাফল সম্পর্কে কী বলা হয়েছে?,500,বারি পাটের আঁশ ছাড়ানো যন্ত্র: আয়-ব্যয় ও মুনাফা,"মূল্য: ৯০,০০০.০০ টাকা (ইঞ্জিন ছাড়া)।",https://objectstorage.ap-dcc-gazipur-1.oraclecloud15.com/n/axvjbnqprylg/b/V2Ministry/o/office-bari/2024/12/26c584aa513c4e7b9b7cc65b0f81fd94.pdf,-0.287109375,499,বারি পাটের আঁশ ছাড়ানো যন্ত্র: সংরক্ষণ,বহির্গমন ট্রেতে সংগৃহীত পাটের আঁশ সংগ্রহ করে ভাঁজ করে সংরক্ষণ করুন।,https://objectstorage.ap-dcc-gazipur-1.oraclecloud15.com/n/axvjbnqprylg/b/V2Ministry/o/office-bari/2024/12/26c584aa513c4e7b9b7cc65b0f81fd94.pdf,-2.515625,247,বারি ডাঁটা-৪: কাণ্ডের বৈশিষ্ট্য,"ডাঁটার জাত বারি ডাঁটা-৪ বছরের যে কোন সময় বাংলাদেশের সর্বত্র চাষোপযোগী, উচ্চ ফলনশীল, কাণ্ড নরম ও কম আঁশযুক্ত।",https://objectstorage.ap-dcc-gazipur-1.oraclecloud15.com/n/axvjbnqprylg/b/V2Ministry/o/office-bari/2024/12/26c584aa513c4e7b9b7cc65b0f81fd94.pdf,-4.58203125,"ডাঁটার জাত বারি ডাঁটা-৪ বছরের যে কোন সময় বাংলাদেশের সর্বত্র চাষোপযোগী, উচ্চ ফলনশীল, কাণ্ড নরম ও কম আঁশযুক্ত।",-4.6875
946,কাঁঠাল বীজতলায় বপনের পর কতদিনে চারা গজায়?,225,কাঁঠাল: বীজতলা প্রস্তুতি ও চারা,ভাল পাকা কাঁঠাল থেকে পুষ্ট বড় বীজ বের করে ছাই মাখিয়ে ২/৩ দিন ছায়ায় শুকিয়ে বীজতলায় বপন করলে ২০-২৫ দিনে চারা গজাবে।,https://objectstorage.ap-dcc-gazipur-1.oraclecloud15.com/n/axvjbnqprylg/b/V2Ministry/o/office-bari/2024/12/26c584aa513c4e7b9b7cc65b0f81fd94.pdf,6.65625,317,কফি: চারা উৎপাদন ও পরিচর্যা,বীজ বপনের ৩০-৪০ দিনের পর চারা গজায়।,https://objectstorage.ap-dcc-gazipur-1.oraclecloud15.com/n/axvjbnqprylg/b/V2Ministry/o/office-bari/2024/12/26c584aa513c4e7b9b7cc65b0f81fd94.pdf,2.658203125,142,বার্লি: চারা উৎপাদন ও পরিচর্যা,বীজ বপনের পর ১০-১২ দিন পর্যন্ত পাখি তাড়ানোর ব্যবস্থা রাখতে হবে যাতে মাঠে চারার সংখ্যা ঠিক থাকে।,https://objectstorage.ap-dcc-gazipur-1.oraclecloud15.com/n/axvjbnqprylg/b/V2Ministry/o/office-bari/2024/12/26c584aa513c4e7b9b7cc65b0f81fd94.pdf,0.720703125,ভাল পাকা কাঁঠাল থেকে পুষ্ট বড় বীজ বের করে ছাই মাখিয়ে ২/৩ দিন ছায়ায় শুকিয়ে বীজতলায় বপন করলে ২০-২৫ দিনে চারা গজাবে।,6.5234375
947,চীনাবাদামের ফলন কত?,135,চীনাবাদাম: ফলন,হেক্টরপ্রতি ফলন ২০০০-২৮০০ কেজি।,https://objectstorage.ap-dcc-gazipur-1.oraclecloud15.com/n/axvjbnqprylg/b/V2Ministry/o/office-bari/2024/12/26c584aa513c4e7b9b7cc65b0f81fd94.pdf,5.19921875,115,চীনাবাদাম: মাটি ও জমির উপযোগিতা,বেলে দো-আঁশ মাটিতে সহজে শিকড় ও পেগ মাটিতে প্রবেশ করতে পারে বিধায় চীনাবাদাম অধিক ফলন দেয়।,https://objectstorage.ap-dcc-gazipur-1.oraclecloud15.com/n/axvjbnqprylg/b/V2Ministry/o/office-bari/2024/12/26c584aa513c4e7b9b7cc65b0f81fd94.pdf,0.1173095703125,181,চিনা: ফলন,হেক্টরপ্রতি ফলন ২.২৫-২.৫ টন।,https://objectstorage.ap-dcc-gazipur-1.oraclecloud15.com/n/axvjbnqprylg/b/V2Ministry/o/office-bari/2024/12/26c584aa513c4e7b9b7cc65b0f81fd94.pdf,-0.09686279296875,বেলে দো-আঁশ মাটিতে সহজে শিকড় ও পেগ মাটিতে প্রবেশ করতে পারে বিধায় চীনাবাদাম অধিক ফলন দেয়।,-1.2431640625
948,বারি কফি-১ সম্পর্কে বাগানভেদে চারার সংখ্যা বিষয়ে কী বলা হয়েছে?,325,বারি কফি-১: চারা উৎপাদন ও পরিচর্যা,ফল বাগানের ভিতরে বা বাণিজ্যিকভাবে কফি উৎপাদনের ক্ষেত্রে চারা সংখ্যা কম বেশি হয়ে থাকে।,https://objectstorage.ap-dcc-gazipur-1.oraclecloud15.com/n/axvjbnqprylg/b/V2Ministry/o/office-bari/2024/12/26c584aa513c4e7b9b7cc65b0f81fd94.pdf,3.26171875,324,বারি কফি-১: চারা উৎপাদন ও পরিচর্যা,১ হেক্টর জমিতে এরাবিকার জন্য ২০০০টি চারা এবং রোবাস্টার জন্য ১১১২টি চারা প্রয়োজন হয়।,https://objectstorage.ap-dcc-gazipur-1.oraclecloud15.com/n/axvjbnqprylg/b/V2Ministry/o/office-bari/2024/12/26c584aa513c4e7b9b7cc65b0f81fd94.pdf,2.330078125,323,বারি কফি-১: চারা উৎপাদন ও পরিচর্যা,জাতভেদে রোপণ দূরত্বের উপর চারার সংখ্যা নির্ভর করে।,https://objectstorage.ap-dcc-gazipur-1.oraclecloud15.com/n/axvjbnqprylg/b/V2Ministry/o/office-bari/2024/12/26c584aa513c4e7b9b7cc65b0f81fd94.pdf,1.279296875,ফল বাগানের ভিতরে বা বাণিজ্যিকভাবে কফি উৎপাদনের ক্ষেত্রে চারা সংখ্যা কম বেশি হয়ে থাকে।,-0.6220703125
949,গম-পাট-রোপা আমন ফসল বিন্যাসের সেচ সম্পর্কে কী বলা হয়েছে?,460,গম-পাট-রোপা আমন ফসল বিন্যাস: সেচ ব্যবস্থাপনা,বপনের ১৭-২১ দিন পরে প্রথম সেচ ও দ্বিতীয় সেচ শীষ বের হওয়ার সময় ৫০-৫৫ দিন পর দিতে হবে।,https://objectstorage.ap-dcc-gazipur-1.oraclecloud15.com/n/axvjbnqprylg/b/V2Ministry/o/office-bari/2024/12/26c584aa513c4e7b9b7cc65b0f81fd94.pdf,3.322265625,454,গম-পাট-রোপা আমন ফসল বিন্যাস: সার ব্যবস্থাপনা,সেচসহ চাষের ক্ষেত্রে চারার তিন পাতা বয়সে প্রথম সেচের পর হেক্টরপ্রতি ৭৫-৯০ কেজি ইউরিয়া উপরি প্রয়োগ করতে হবে।,https://objectstorage.ap-dcc-gazipur-1.oraclecloud15.com/n/axvjbnqprylg/b/V2Ministry/o/office-bari/2024/12/26c584aa513c4e7b9b7cc65b0f81fd94.pdf,3.017578125,459,গম-পাট-রোপা আমন ফসল বিন্যাস: সেচ ব্যবস্থাপনা,মাটির প্রকারভেদে ২-৩টি সেচের প্রয়োজন হয়।,https://objectstorage.ap-dcc-gazipur-1.oraclecloud15.com/n/axvjbnqprylg/b/V2Ministry/o/office-bari/2024/12/26c584aa513c4e7b9b7cc65b0f81fd94.pdf,2.779296875,বপনের ১৭-২১ দিন পরে প্রথম সেচ ও দ্বিতীয় সেচ শীষ বের হওয়ার সময় ৫০-৫৫ দিন পর দিতে হবে।,-6.37890625
950,পালংশাকের কম্পোস্ট ব্যবস্থাপনা প্রযুক্তি কোথায় বা কোন ক্ষেত্রে উপযোগী?,405,পালংশাক: কম্পোস্ট ব্যবস্থাপনা: প্রযুক্তির উপযোগিতা,"অঞ্চল: কৃষি পরিবেশ অঞ্চল-২৮, এলাকা: গাজীপুর, মৌসুম: রবি।",https://objectstorage.ap-dcc-gazipur-1.oraclecloud15.com/n/axvjbnqprylg/b/V2Ministry/o/office-bari/2024/12/26c584aa513c4e7b9b7cc65b0f81fd94.pdf,3.001953125,404,পালংশাক: কম্পোস্ট ব্যবস্থাপনা: মাটি ও জমির উপযোগিতা,"মাটির আয়তনী ঘনত্ব কমে যায়, পানি ধারণ ক্ষমতা ও জৈব পদার্থের পরিমাণ বাড়ায়।",https://objectstorage.ap-dcc-gazipur-1.oraclecloud15.com/n/axvjbnqprylg/b/V2Ministry/o/office-bari/2024/12/26c584aa513c4e7b9b7cc65b0f81fd94.pdf,2.9453125,407,পালংশাক: কম্পোস্ট ব্যবস্থাপনা: আগাছা ব্যবস্থাপনা,"আগাছা-রোগ-পোকা দমন: বীজ বপনের ১৪ এবং ২৮ দিন পর আগাছা দমন করতে হয়, কোনো প্রকার বালাইনাশকের প্রয়োজন হয় না।",https://objectstorage.ap-dcc-gazipur-1.oraclecloud15.com/n/axvjbnqprylg/b/V2Ministry/o/office-bari/2024/12/26c584aa513c4e7b9b7cc65b0f81fd94.pdf,0.52978515625,"অঞ্চল: কৃষি পরিবেশ অঞ্চল-২৮, এলাকা: গাজীপুর, মৌসুম: রবি।",-9.671875
951,সুপারি সম্পর্কে বীজতলার মাটিতে বালুর পরিমাণ প্রসঙ্গে উৎসে কী বলা হয়েছে?,285,সুপারি: বীজতলা প্রস্তুতি ও চারা,বীজতলার মাটিতে বালুর পরিমাণ কম থাকলে কিছু ভিটি বালু মিশিয়ে নিলে ভাল হয়।,https://objectstorage.ap-dcc-gazipur-1.oraclecloud15.com/n/axvjbnqprylg/b/V2Ministry/o/office-bari/2024/12/26c584aa513c4e7b9b7cc65b0f81fd94.pdf,1.7900390625,279,সুপারি: মাটি ও জমির উপযোগিতা,"সুপারি চাষের জন্য উর্বর ও মাঝারি ধরনের মাটি অর্থাৎ হালকা বুনটের মাটি উত্তম, তবে বেলে দো-আঁশ মাটি সবচেয়ে উপযোগী।",https://objectstorage.ap-dcc-gazipur-1.oraclecloud15.com/n/axvjbnqprylg/b/V2Ministry/o/office-bari/2024/12/26c584aa513c4e7b9b7cc65b0f81fd94.pdf,-1.2646484375,284,সুপারি: বীজতলা প্রস্তুতি ও চারা,"খোলামেলা, সেচের সুবিধা আছে এমন হালকা বুনটের মাটিতে বীজতলা করা উচিত।",https://objectstorage.ap-dcc-gazipur-1.oraclecloud15.com/n/axvjbnqprylg/b/V2Ministry/o/office-bari/2024/12/26c584aa513c4e7b9b7cc65b0f81fd94.pdf,-2.630859375,"সুপারি চাষের জন্য উর্বর ও মাঝারি ধরনের মাটি অর্থাৎ হালকা বুনটের মাটি উত্তম, তবে বেলে দো-আঁশ মাটি সবচেয়ে উপযোগী।",-1.3759765625
952,পানিকচুর লতি সংগ্রহের সময়সীমা কী?,60,পানিকচু: ফসল সংগ্রহ,চারা লাগানোর ২ মাস পর থেকে ৫ মাস পর্যন্ত লতি সংগ্রহ করা যায়।,https://objectstorage.ap-dcc-gazipur-1.oraclecloud15.com/n/axvjbnqprylg/b/V2Ministry/o/office-bari/2024/12/26c584aa513c4e7b9b7cc65b0f81fd94.pdf,5.45703125,102,মুখীকচু: ফসল সংগ্রহ,বীজ রোপণের ছয় মাস পর আগাম ফসল সেপ্টেম্বর (মধ্য-ভাদ্র) মাস থেকে মুখী সংগ্রহের উপযোগী হয় এবং ঐ সময় গাছের পাতা হলুদ বর্ণ ধারণ করতে থাকে এবং ধীরে ধীরে মারা যায়।,https://objectstorage.ap-dcc-gazipur-1.oraclecloud15.com/n/axvjbnqprylg/b/V2Ministry/o/office-bari/2024/12/26c584aa513c4e7b9b7cc65b0f81fd94.pdf,-2.638671875,34,বারি পানিকচু-৯: লতির বৈশিষ্ট্য,বারি পানিকচু-৯ এর প্রধান ভক্ষণযোগ্য অংশ হলো লতি।,https://objectstorage.ap-dcc-gazipur-1.oraclecloud15.com/n/axvjbnqprylg/b/V2Ministry/o/office-bari/2024/12/26c584aa513c4e7b9b7cc65b0f81fd94.pdf,-2.712890625,চারা লাগানোর ২ মাস পর থেকে ৫ মাস পর্যন্ত লতি সংগ্রহ করা যায়।,2.01953125
953,চীনাবাদাম সম্পর্কে বপনের মৌসুম ও সময় বিষয়ে কী বলা হয়েছে?,125,চীনাবাদাম: বপনের সময়,মৌসুমে ফাল্গুন থেকে চৈত্র (মার্চ থেকে এপ্রিল) ও খরিফ-২ মৌসুম শ্রাবণ থেকে ভাদ্র (জুলাই থেকে আগস্ট) মাসে বীজ বপন করতে হয়।,https://objectstorage.ap-dcc-gazipur-1.oraclecloud15.com/n/axvjbnqprylg/b/V2Ministry/o/office-bari/2024/12/26c584aa513c4e7b9b7cc65b0f81fd94.pdf,5.6796875,124,চীনাবাদাম: বপনের সময়,চীনাবাদাম রবি ও খরিফ উভয় মৌসুমে চাষাবাদ করা যায়।,https://objectstorage.ap-dcc-gazipur-1.oraclecloud15.com/n/axvjbnqprylg/b/V2Ministry/o/office-bari/2024/12/26c584aa513c4e7b9b7cc65b0f81fd94.pdf,3.642578125,112,চীনাবাদাম: মৌসুম,রবি মৌসুমে মাঝারি নিচু ও মাঝারি উঁচু এবং খরিফ মৌসুমে উঁচু জমি চীনাবাদাম চাষের জন্য উপযোগী।,https://objectstorage.ap-dcc-gazipur-1.oraclecloud15.com/n/axvjbnqprylg/b/V2Ministry/o/office-bari/2024/12/26c584aa513c4e7b9b7cc65b0f81fd94.pdf,1.5234375,রবি মৌসুমে মাঝারি নিচু ও মাঝারি উঁচু এবং খরিফ মৌসুমে উঁচু জমি চীনাবাদাম চাষের জন্য উপযোগী।,0.490966796875
954,সুপারির উপযুক্ত রোপণের সময় কোনটি?,295,সুপারি: রোপণের সময়,সাধারণতঃ মে থেকে সেপ্টেম্বর মাস পর্যন্ত চারা রোপণ করা যায়।,https://objectstorage.ap-dcc-gazipur-1.oraclecloud15.com/n/axvjbnqprylg/b/V2Ministry/o/office-bari/2024/12/26c584aa513c4e7b9b7cc65b0f81fd94.pdf,3.962890625,294,সুপারি: রোপণ বা বপনের দূরত্ব,বীজ রোপণের সময় সারি থেকে সারির দূরত্ব ৩০ সে.মি. এবং বীজ থেকে বীজের দূরত্ব হবে ২৫ সেমি।,https://objectstorage.ap-dcc-gazipur-1.oraclecloud15.com/n/axvjbnqprylg/b/V2Ministry/o/office-bari/2024/12/26c584aa513c4e7b9b7cc65b0f81fd94.pdf,1.0146484375,304,সুপারি: ফলন শুরু হওয়ার সময়,সুপারির চারা লাগানোর পর সঠিক ভাবে যত্ন নিলে ৪-৫ বৎসরের মধ্যেই ফলন আসতে শুরু করে।,https://objectstorage.ap-dcc-gazipur-1.oraclecloud15.com/n/axvjbnqprylg/b/V2Ministry/o/office-bari/2024/12/26c584aa513c4e7b9b7cc65b0f81fd94.pdf,0.74169921875,সুপারির চারা লাগানোর পর সঠিক ভাবে যত্ন নিলে ৪-৫ বৎসরের মধ্যেই ফলন আসতে শুরু করে।,0.430908203125
955,আলু কখন বা কীভাবে সংগ্রহ করতে হবে?,25,আলু: ফসল সংগ্রহ,"শুষ্ক, উজ্জ্বল ও ভাল আবহাওয়াতে আলু উত্তোলন করতে হবে।",https://objectstorage.ap-dcc-gazipur-1.oraclecloud15.com/n/axvjbnqprylg/b/V2Ministry/o/office-bari/2024/12/26c584aa513c4e7b9b7cc65b0f81fd94.pdf,1.4736328125,490,আলু: টিউবার মথ ব্যবস্থাপনা: সংরক্ষণ,উল্লেখযোগ্য বৈশিষ্ট্য: পোকামাকড় ও রোগমুক্ত টিউবার সংগ্রহ করে ঘরে উত্তম বাতাস চলাচল করে এমন স্থানে আলু সংরক্ষণ করতে হবে।,https://objectstorage.ap-dcc-gazipur-1.oraclecloud15.com/n/axvjbnqprylg/b/V2Ministry/o/office-bari/2024/12/26c584aa513c4e7b9b7cc65b0f81fd94.pdf,0.65283203125,74,মেটে আলু: ফসল সংগ্রহ,যখন অধিকাংশ পাতা হলুদ বর্ণ ধারণ করে অথবা লতা সম্পূর্ণরূপে শুকিয়ে যায় তখন মেটে আলু উত্তোলনের উত্তম সময়।,https://objectstorage.ap-dcc-gazipur-1.oraclecloud15.com/n/axvjbnqprylg/b/V2Ministry/o/office-bari/2024/12/26c584aa513c4e7b9b7cc65b0f81fd94.pdf,-0.360595703125,উল্লেখযোগ্য বৈশিষ্ট্য: পোকামাকড় ও রোগমুক্ত টিউবার সংগ্রহ করে ঘরে উত্তম বাতাস চলাচল করে এমন স্থানে আলু সংরক্ষণ করতে হবে।,0.28759765625
956,মসুর পাতা ঝলসানো রোগ চাষে কী পরিমাণ ফলন পাওয়া যায়?,385,মসুর: পাতা ঝলসানো রোগ: ফলন,এ প্রযুক্তি ব্যবহার করে কৃষক মাঠে উন্নত জাতের মসুর (বারি মসুর-৮) চাষ করলে হেক্টরপ্রতি ১৮০০-২০০০ কেজি ফলন পাওয়া সম্ভব।,https://objectstorage.ap-dcc-gazipur-1.oraclecloud15.com/n/axvjbnqprylg/b/V2Ministry/o/office-bari/2024/12/26c584aa513c4e7b9b7cc65b0f81fd94.pdf,6.203125,384,মসুর: পাতা ঝলসানো রোগ: রোগ ব্যবস্থাপনা,এ প্রযুক্তির মাধ্যমে মসুরের রোগ দমনের সাথে সাথে মসুর ডালের দানাও পরিপুষ্ট হয়।,https://objectstorage.ap-dcc-gazipur-1.oraclecloud15.com/n/axvjbnqprylg/b/V2Ministry/o/office-bari/2024/12/26c584aa513c4e7b9b7cc65b0f81fd94.pdf,-2.55078125,212,অড়হর: ফলন,অনুকুল আবহাওয়া ও যথাযথ যত্ন নিলে ফলন হেক্টর প্রতি ২.০ টন পর্যন্ত পাওয়া যেতে পারে।,https://objectstorage.ap-dcc-gazipur-1.oraclecloud15.com/n/axvjbnqprylg/b/V2Ministry/o/office-bari/2024/12/26c584aa513c4e7b9b7cc65b0f81fd94.pdf,-3.068359375,এ প্রযুক্তি ব্যবহার করে কৃষক মাঠে উন্নত জাতের মসুর (বারি মসুর-৮) চাষ করলে হেক্টরপ্রতি ১৮০০-২০০০ কেজি ফলন পাওয়া সম্ভব।,1.775390625
957,কফি সম্পর্কে সাধারনত উচ্চতার মাস বিষয়ে কী বলা হয়েছে?,320,কফি: চারা উৎপাদন ও পরিচর্যা,সাধারনত ৩০-৪০ সে.মি. উচ্চতার ৬-৭ মাস বয়সের চারা রোপণ করা উত্তম।,https://objectstorage.ap-dcc-gazipur-1.oraclecloud15.com/n/axvjbnqprylg/b/V2Ministry/o/office-bari/2024/12/26c584aa513c4e7b9b7cc65b0f81fd94.pdf,1.892578125,312,কফি: গাছের উচ্চতা,এরাবিকা জাতের জন্য তুলনামূলক বেশি উচ্চতার প্রয়োজন হয়।,https://objectstorage.ap-dcc-gazipur-1.oraclecloud15.com/n/axvjbnqprylg/b/V2Ministry/o/office-bari/2024/12/26c584aa513c4e7b9b7cc65b0f81fd94.pdf,-2.310546875,322,কফি: রোপণ বা বপনের দূরত্ব,সাধারণত এরাবিকা জাতের জন্য ২ × ২.৫ মি. এবং রোবাস্টা জাতের জন্য ৩ × ৩ মি. দূরত্বে চারা রোপণ করতে হবে।,https://objectstorage.ap-dcc-gazipur-1.oraclecloud15.com/n/axvjbnqprylg/b/V2Ministry/o/office-bari/2024/12/26c584aa513c4e7b9b7cc65b0f81fd94.pdf,-5.16796875,সাধারনত ৩০-৪০ সে.মি. উচ্চতার ৬-৭ মাস বয়সের চারা রোপণ করা উত্তম।,-4.10546875
958,বারি সুপারি-২ জাতের একটি খোসাসহ শুকনা সুপারির ওজন কত?,275,বারি সুপারি-২: ওজন,খোসা সহ একক শুকনা সুপারির গড় ওজন ১৪.০৭ গ্রাম।,https://objectstorage.ap-dcc-gazipur-1.oraclecloud15.com/n/axvjbnqprylg/b/V2Ministry/o/office-bari/2024/12/26c584aa513c4e7b9b7cc65b0f81fd94.pdf,8.171875,274,বারি সুপারি-২: ওজন,খোসা সহ একক কাঁচা সুপারির গড় ওজন ৪০.০০ গ্রাম।,https://objectstorage.ap-dcc-gazipur-1.oraclecloud15.com/n/axvjbnqprylg/b/V2Ministry/o/office-bari/2024/12/26c584aa513c4e7b9b7cc65b0f81fd94.pdf,6.5546875,278,বারি সুপারি-২: ফলন,খোসাসহ শুকনা সুপারির গড় ফলন ১২.০৭ টন/হেক্টর।,https://objectstorage.ap-dcc-gazipur-1.oraclecloud15.com/n/axvjbnqprylg/b/V2Ministry/o/office-bari/2024/12/26c584aa513c4e7b9b7cc65b0f81fd94.pdf,4.2578125,খোসা সহ একক শুকনা সুপারির গড় ওজন ১৪.০৭ গ্রাম।,6.59375
959,"বারি সোলার টানেল ড্রায়ার দৈর্ঘ্য, প্রস্থ বা উচ্চতার মাপ কী?",495,বারি সোলার টানেল ড্রায়ার: মাত্রা ও মাপ,"লম্বা ৩২০০ মিমি, চওড়া ১২০০মিমি, উচ্চতা ৭২০ মিমি।",https://objectstorage.ap-dcc-gazipur-1.oraclecloud15.com/n/axvjbnqprylg/b/V2Ministry/o/office-bari/2024/12/26c584aa513c4e7b9b7cc65b0f81fd94.pdf,6.6328125,334,বারি চুইঝাল-১: পাতার বৈশিষ্ট্য,পাতার দৈর্ঘ্য ১৮-২০ সেমি এবং প্রস্থ ১২-১৪ সে.মি.।,https://objectstorage.ap-dcc-gazipur-1.oraclecloud15.com/n/axvjbnqprylg/b/V2Ministry/o/office-bari/2024/12/26c584aa513c4e7b9b7cc65b0f81fd94.pdf,-1.18359375,306,বারি কফি-১: ফলের বৈশিষ্ট্য,ফলের গড় দৈর্ঘ্য ১.৩০ সে.মি. এবং প্রস্থ ১.২০ সে.মি.।,https://objectstorage.ap-dcc-gazipur-1.oraclecloud15.com/n/axvjbnqprylg/b/V2Ministry/o/office-bari/2024/12/26c584aa513c4e7b9b7cc65b0f81fd94.pdf,-2.1484375,"লম্বা ৩২০০ মিমি, চওড়া ১২০০মিমি, উচ্চতা ৭২০ মিমি।",-1.982421875
960,বারি কফি-১ চাষে কী পরিমাণ ফলন পাওয়া যায়?,305,বারি কফি-১: ফলন,কফির জাত বারি কফি-১ উচ্চ ফলনশীল (গাছ প্রতি গড় ফলন ৭.৯৪ কেজি) ও নিয়মিত ফলদানকারী।,https://objectstorage.ap-dcc-gazipur-1.oraclecloud15.com/n/axvjbnqprylg/b/V2Ministry/o/office-bari/2024/12/26c584aa513c4e7b9b7cc65b0f81fd94.pdf,6.0625,307,বারি কফি-১: ফলের বৈশিষ্ট্য,১০০টি ফলের গড় ওজন ১০২ গ্রাম।,https://objectstorage.ap-dcc-gazipur-1.oraclecloud15.com/n/axvjbnqprylg/b/V2Ministry/o/office-bari/2024/12/26c584aa513c4e7b9b7cc65b0f81fd94.pdf,1.177734375,336,বারি চুইঝাল-১: ফলন,তিন বছর বয়সী প্রতি গাছের ফলন ৯-১১ কেজি।,https://objectstorage.ap-dcc-gazipur-1.oraclecloud15.com/n/axvjbnqprylg/b/V2Ministry/o/office-bari/2024/12/26c584aa513c4e7b9b7cc65b0f81fd94.pdf,0.79150390625,কফির জাত বারি কফি-১ উচ্চ ফলনশীল (গাছ প্রতি গড় ফলন ৭.৯৪ কেজি) ও নিয়মিত ফলদানকারী।,6.12890625
961,বারি চিনা-২-এর গাছ কতটা লম্বা হয়?,165,বারি চিনা-২: গাছের উচ্চতা,গাছের উচ্চতা ৮২-৮৪ সে.মি.।,https://objectstorage.ap-dcc-gazipur-1.oraclecloud15.com/n/axvjbnqprylg/b/V2Ministry/o/office-bari/2024/12/26c584aa513c4e7b9b7cc65b0f81fd94.pdf,4.75,81,বারি কাসাভা-২: কাণ্ডের বৈশিষ্ট্য,গাছের দৈর্ঘ্য ২২৮.৮ সেমি. যার কাণ্ড ধুসর বর্ণের।,https://objectstorage.ap-dcc-gazipur-1.oraclecloud15.com/n/axvjbnqprylg/b/V2Ministry/o/office-bari/2024/12/26c584aa513c4e7b9b7cc65b0f81fd94.pdf,0.346435546875,170,বারি চিনা-২: বপন পদ্ধতি,সারিতে বুনলে দু'সারির মাঝে দূরত্ব রাখতে হবে ২০-৩০ সে.মি.।,https://objectstorage.ap-dcc-gazipur-1.oraclecloud15.com/n/axvjbnqprylg/b/V2Ministry/o/office-bari/2024/12/26c584aa513c4e7b9b7cc65b0f81fd94.pdf,-0.491455078125,গাছের দৈর্ঘ্য ২২৮.৮ সেমি. যার কাণ্ড ধুসর বর্ণের।,-1.6484375
962,চুইঝাল সম্পর্কে পলিব্যাগ উৎপাদিত চারা পরবর্তীতে প্রসঙ্গে উৎসে কী বলা হয়েছে?,345,চুইঝাল: চারা উৎপাদন ও পরিচর্যা,পলিব্যাগ উৎপাদিত চারা পরবর্তীতে মূল জমিতে রোপণ করা হয়।,https://objectstorage.ap-dcc-gazipur-1.oraclecloud15.com/n/axvjbnqprylg/b/V2Ministry/o/office-bari/2024/12/26c584aa513c4e7b9b7cc65b0f81fd94.pdf,2.8984375,343,চুইঝাল: চারা উৎপাদন ও পরিচর্যা,বাণিজ্যিকভাবে চুইঝালের বিভিন্ন কাটিং পলিব্যাগে চারা তৈরি করা হয়।,https://objectstorage.ap-dcc-gazipur-1.oraclecloud15.com/n/axvjbnqprylg/b/V2Ministry/o/office-bari/2024/12/26c584aa513c4e7b9b7cc65b0f81fd94.pdf,0.1402587890625,344,চুইঝাল: চারা উৎপাদন ও পরিচর্যা,"পলিব্যাগে চারা তৈরির ক্ষেত্রে একটি, দুইটি বা তিনটি গিট সম্পন্ন লতার কাটিং নেয়া হয়।",https://objectstorage.ap-dcc-gazipur-1.oraclecloud15.com/n/axvjbnqprylg/b/V2Ministry/o/office-bari/2024/12/26c584aa513c4e7b9b7cc65b0f81fd94.pdf,-0.7431640625,বাণিজ্যিকভাবে চুইঝালের বিভিন্ন কাটিং পলিব্যাগে চারা তৈরি করা হয়।,0.432861328125
963,বারি পানিকচু-৮-এর লতির সংখ্যা ও গড় ওজন সম্পর্কে কী তথ্য আছে?,31,বারি পানিকচু-৮: লতির সংখ্যা ও ওজন,গাছপ্রতি লতির গড় সংখ্যা ২৪টি এবং গড় ওজন ৮০০ গ্রাম।,https://objectstorage.ap-dcc-gazipur-1.oraclecloud15.com/n/axvjbnqprylg/b/V2Ministry/o/office-bari/2024/12/26c584aa513c4e7b9b7cc65b0f81fd94.pdf,8.1640625,30,বারি পানিকচু-৮: লতির সংখ্যা ও ওজন,"প্রতিটি লতির গড় ওজন ৭০ গ্রাম, দৈর্ঘ্য প্রায় ৫০ সেমি এবং ব্যাস ২ সেমি।",https://objectstorage.ap-dcc-gazipur-1.oraclecloud15.com/n/axvjbnqprylg/b/V2Ministry/o/office-bari/2024/12/26c584aa513c4e7b9b7cc65b0f81fd94.pdf,8.1015625,32,বারি পানিকচু-৮: ফলন,প্রতি হেক্টরে লতির গড় ফলন ২৫ টন এবং রাইজোমের গড় ফলন প্রায় ২৪ টন।,https://objectstorage.ap-dcc-gazipur-1.oraclecloud15.com/n/axvjbnqprylg/b/V2Ministry/o/office-bari/2024/12/26c584aa513c4e7b9b7cc65b0f81fd94.pdf,5.19140625,গাছপ্রতি লতির গড় সংখ্যা ২৪টি এবং গড় ওজন ৮০০ গ্রাম।,1.798828125
964,চিনার আগাছা দমন সম্পর্কে কী নির্দেশনা আছে?,175,চিনা: আগাছা ব্যবস্থাপনা,ক্ষেতে আগাছা জন্মালে তা নিড়ানী দিয়ে তুলে ফেলা দরকার।,https://objectstorage.ap-dcc-gazipur-1.oraclecloud15.com/n/axvjbnqprylg/b/V2Ministry/o/office-bari/2024/12/26c584aa513c4e7b9b7cc65b0f81fd94.pdf,-1.0234375,407,পালংশাক: কম্পোস্ট ব্যবস্থাপনা: আগাছা ব্যবস্থাপনা,"আগাছা-রোগ-পোকা দমন: বীজ বপনের ১৪ এবং ২৮ দিন পর আগাছা দমন করতে হয়, কোনো প্রকার বালাইনাশকের প্রয়োজন হয় না।",https://objectstorage.ap-dcc-gazipur-1.oraclecloud15.com/n/axvjbnqprylg/b/V2Ministry/o/office-bari/2024/12/26c584aa513c4e7b9b7cc65b0f81fd94.pdf,-1.7216796875,433,চর এলাকায় বিনা চাষে পেঁয়াজ: আগাছা ব্যবস্থাপনা,জমিতে আগাছার পরিমাণ বেশি হলে ৪০-৫০ দিনের মধ্যে দ্বিতীয়বার নিড়ানী দিয়ে আগাছা দমন করতে হবে।,https://objectstorage.ap-dcc-gazipur-1.oraclecloud15.com/n/axvjbnqprylg/b/V2Ministry/o/office-bari/2024/12/26c584aa513c4e7b9b7cc65b0f81fd94.pdf,-2.2109375,"আগাছা-রোগ-পোকা দমন: বীজ বপনের ১৪ এবং ২৮ দিন পর আগাছা দমন করতে হয়, কোনো প্রকার বালাইনাশকের প্রয়োজন হয় না।",-1.216796875
965,সুপারি চাষের জন্য উপযুক্ত মাটির পিএইচ কত?,280,সুপারি: মাটি ও জমির উপযোগিতা,মাটির পিএইচ মান ৫.৫-৬.০ এর মধ্যে হলে সবচেয়ে ভাল হয়।,https://objectstorage.ap-dcc-gazipur-1.oraclecloud15.com/n/axvjbnqprylg/b/V2Ministry/o/office-bari/2024/12/26c584aa513c4e7b9b7cc65b0f81fd94.pdf,5.6875,279,সুপারি: মাটি ও জমির উপযোগিতা,"সুপারি চাষের জন্য উর্বর ও মাঝারি ধরনের মাটি অর্থাৎ হালকা বুনটের মাটি উত্তম, তবে বেলে দো-আঁশ মাটি সবচেয়ে উপযোগী।",https://objectstorage.ap-dcc-gazipur-1.oraclecloud15.com/n/axvjbnqprylg/b/V2Ministry/o/office-bari/2024/12/26c584aa513c4e7b9b7cc65b0f81fd94.pdf,3.47265625,202,অড়হর: মাটি ও জমির উপযোগিতা,"মাটির পিএইচ মাত্রা ৫.৫ থেকে ৭.৫ সহ পূর্ণ রোদ, উর্বর এবং সুনিষ্কাশিত দোআঁশ মাটি অড়হর চাষের জন্য সবচেয়ে উপযোগী।",https://objectstorage.ap-dcc-gazipur-1.oraclecloud15.com/n/axvjbnqprylg/b/V2Ministry/o/office-bari/2024/12/26c584aa513c4e7b9b7cc65b0f81fd94.pdf,-0.407958984375,"সুপারি চাষের জন্য উর্বর ও মাঝারি ধরনের মাটি অর্থাৎ হালকা বুনটের মাটি উত্তম, তবে বেলে দো-আঁশ মাটি সবচেয়ে উপযোগী।",3.177734375
966,গম-পাট-রোপা আমন ফসল বিন্যাস বিষয়ে রোপা আমন জমি আগাছামুক্ত রাখার সময় সম্পর্কে কী তথ্য আছে?,465,গম-পাট-রোপা আমন ফসল বিন্যাস: আগাছা ব্যবস্থাপনা,রোপা আমন: আমন ধানের জমি ৩০ থেকে ৪০ দিন পর্যন্ত আগাছামুক্ত রাখতে হবে।,https://objectstorage.ap-dcc-gazipur-1.oraclecloud15.com/n/axvjbnqprylg/b/V2Ministry/o/office-bari/2024/12/26c584aa513c4e7b9b7cc65b0f81fd94.pdf,7.9296875,463,গম-পাট-রোপা আমন ফসল বিন্যাস: আগাছা ব্যবস্থাপনা,পাট: পাটের জমি ৩০ থেকে ৪০ দিন পর্যন্ত আগাছামুক্ত রাখতে হবে।,https://objectstorage.ap-dcc-gazipur-1.oraclecloud15.com/n/axvjbnqprylg/b/V2Ministry/o/office-bari/2024/12/26c584aa513c4e7b9b7cc65b0f81fd94.pdf,7.40625,464,গম-পাট-রোপা আমন ফসল বিন্যাস: আগাছা ব্যবস্থাপনা,বীজ বপনের ৪৫-৫০ দিন পর একবার ও ৭০ হতে ৮০ দিন পর দ্বিতীয়বার নিড়ানি দিতে হবে এবং পাট পাতলা করতে হবে।,https://objectstorage.ap-dcc-gazipur-1.oraclecloud15.com/n/axvjbnqprylg/b/V2Ministry/o/office-bari/2024/12/26c584aa513c4e7b9b7cc65b0f81fd94.pdf,4.16796875,রোপা আমন: আমন ধানের জমি ৩০ থেকে ৪০ দিন পর্যন্ত আগাছামুক্ত রাখতে হবে।,5.3125
967,চিনার ফসল সংগ্রহের নির্দেশনা কী?,180,চিনা: ফসল সংগ্রহ,জাতটি ৯৬-১০৫ দিনে ফসল সংগ্রহ উপযোগী হয়।,https://objectstorage.ap-dcc-gazipur-1.oraclecloud15.com/n/axvjbnqprylg/b/V2Ministry/o/office-bari/2024/12/26c584aa513c4e7b9b7cc65b0f81fd94.pdf,1.5107421875,132,চীনাবাদাম: ফসল সংগ্রহ,চীনাবাদাম গাছের শতকরা ৭৫-৮০ ভাগ বাদাম যখন পরিপক্ক হয় তখন ফসল উঠানোর সঠিক সময়।,https://objectstorage.ap-dcc-gazipur-1.oraclecloud15.com/n/axvjbnqprylg/b/V2Ministry/o/office-bari/2024/12/26c584aa513c4e7b9b7cc65b0f81fd94.pdf,-0.267578125,102,মুখীকচু: ফসল সংগ্রহ,বীজ রোপণের ছয় মাস পর আগাম ফসল সেপ্টেম্বর (মধ্য-ভাদ্র) মাস থেকে মুখী সংগ্রহের উপযোগী হয় এবং ঐ সময় গাছের পাতা হলুদ বর্ণ ধারণ করতে থাকে এবং ধীরে ধীরে মারা যায়।,https://objectstorage.ap-dcc-gazipur-1.oraclecloud15.com/n/axvjbnqprylg/b/V2Ministry/o/office-bari/2024/12/26c584aa513c4e7b9b7cc65b0f81fd94.pdf,-4.3828125,জাতটি ৯৬-১০৫ দিনে ফসল সংগ্রহ উপযোগী হয়।,-3.716796875
968,চিয়ার উপযুক্ত বপনের সময় কোনটি?,155,চিয়া: বপনের সময়,নভেম্বর মাসের ২য় থেকে ৩য় সপ্তাহ বীজ বপনের উপযুক্ত সময়।,https://objectstorage.ap-dcc-gazipur-1.oraclecloud15.com/n/axvjbnqprylg/b/V2Ministry/o/office-bari/2024/12/26c584aa513c4e7b9b7cc65b0f81fd94.pdf,5.10546875,125,চীনাবাদাম: বপনের সময়,মৌসুমে ফাল্গুন থেকে চৈত্র (মার্চ থেকে এপ্রিল) ও খরিফ-২ মৌসুম শ্রাবণ থেকে ভাদ্র (জুলাই থেকে আগস্ট) মাসে বীজ বপন করতে হয়।,https://objectstorage.ap-dcc-gazipur-1.oraclecloud15.com/n/axvjbnqprylg/b/V2Ministry/o/office-bari/2024/12/26c584aa513c4e7b9b7cc65b0f81fd94.pdf,0.2037353515625,204,অড়হর: বপনের সময়,এপ্রিল মাসের ২য় সপ্তাহ থেকে মে মাসের শেষ সপ্তাহ পর্যন্ত (বৈশাখ-জ্যৈষ্ঠ মাসের ২য় সপ্তাহ পর্যন্ত) বীজ বপনের উপযুক্ত সময়।,https://objectstorage.ap-dcc-gazipur-1.oraclecloud15.com/n/axvjbnqprylg/b/V2Ministry/o/office-bari/2024/12/26c584aa513c4e7b9b7cc65b0f81fd94.pdf,-0.8828125,এপ্রিল মাসের ২য় সপ্তাহ থেকে মে মাসের শেষ সপ্তাহ পর্যন্ত (বৈশাখ-জ্যৈষ্ঠ মাসের ২য় সপ্তাহ পর্যন্ত) বীজ বপনের উপযুক্ত সময়।,-0.3310546875
969,পানিকচু চাষে কতদিন বা কত মাস পর্যন্ত আগাছা নিয়ন্ত্রণে রাখতে হবে?,55,পানিকচু: আগাছা ব্যবস্থাপনা,চারা লাগানোর পর থেকে ৩ মাস পর্যন্ত জমিতে আগাছা জন্মাতে পারে।,https://objectstorage.ap-dcc-gazipur-1.oraclecloud15.com/n/axvjbnqprylg/b/V2Ministry/o/office-bari/2024/12/26c584aa513c4e7b9b7cc65b0f81fd94.pdf,2.498046875,54,পানিকচু: আগাছা ব্যবস্থাপনা,পানিকচুর জমি সবসময় আগাছামুক্ত রাখতে হবে।,https://objectstorage.ap-dcc-gazipur-1.oraclecloud15.com/n/axvjbnqprylg/b/V2Ministry/o/office-bari/2024/12/26c584aa513c4e7b9b7cc65b0f81fd94.pdf,0.369384765625,440,সয়াবিন-রোপা আউশ-রোপা আমন ফসল বিন্যাস: আগাছা ব্যবস্থাপনা,আউশ/আমন ধান: জমি ৩০-৪০ দিন পর্যন্ত আগাছা মুক্ত রাখতে হবে।,https://objectstorage.ap-dcc-gazipur-1.oraclecloud15.com/n/axvjbnqprylg/b/V2Ministry/o/office-bari/2024/12/26c584aa513c4e7b9b7cc65b0f81fd94.pdf,-0.40185546875,আউশ/আমন ধান: জমি ৩০-৪০ দিন পর্যন্ত আগাছা মুক্ত রাখতে হবে।,-0.3740234375
970,পালংশাকের কম্পোস্ট ব্যবস্থাপনার প্রযুক্তির উপযোগিতা সম্পর্কে কী বলা হয়েছে?,404,পালংশাক: কম্পোস্ট ব্যবস্থাপনা: মাটি ও জমির উপযোগিতা,"মাটির আয়তনী ঘনত্ব কমে যায়, পানি ধারণ ক্ষমতা ও জৈব পদার্থের পরিমাণ বাড়ায়।",https://objectstorage.ap-dcc-gazipur-1.oraclecloud15.com/n/axvjbnqprylg/b/V2Ministry/o/office-bari/2024/12/26c584aa513c4e7b9b7cc65b0f81fd94.pdf,4.33984375,405,পালংশাক: কম্পোস্ট ব্যবস্থাপনা: প্রযুক্তির উপযোগিতা,"অঞ্চল: কৃষি পরিবেশ অঞ্চল-২৮, এলাকা: গাজীপুর, মৌসুম: রবি।",https://objectstorage.ap-dcc-gazipur-1.oraclecloud15.com/n/axvjbnqprylg/b/V2Ministry/o/office-bari/2024/12/26c584aa513c4e7b9b7cc65b0f81fd94.pdf,2.00390625,406,পালংশাক: কম্পোস্ট ব্যবস্থাপনা: বপনের সময়,প্রযুক্তি ব্যবহারের তথ্য: শস্য: পালংশাক; জাত: বারি পালংশাক-২; বপনের সময়: ১৫-৩০ নভেম্বর।,https://objectstorage.ap-dcc-gazipur-1.oraclecloud15.com/n/axvjbnqprylg/b/V2Ministry/o/office-bari/2024/12/26c584aa513c4e7b9b7cc65b0f81fd94.pdf,0.34375,প্রযুক্তি ব্যবহারের তথ্য: শস্য: পালংশাক; জাত: বারি পালংশাক-২; বপনের সময়: ১৫-৩০ নভেম্বর।,-2.798828125
971,বেগুনের সাথে পেঁয়াজ ও রসুন আন্তঃফসল প্রযুক্তি কোথায় বা কোন ক্ষেত্রে উপযোগী?,390,বেগুনের সাথে পেঁয়াজ ও রসুন আন্তঃফসল: প্রযুক্তির উপযোগিতা,"প্রযুক্তিটি কুষ্টিয়া, ফরিদপুর, যশোর, পাবনা, জামালপুর, বগুড়া এবং রংপুর জেলায় প্রয়োগ করা যেতে পারে।",https://objectstorage.ap-dcc-gazipur-1.oraclecloud15.com/n/axvjbnqprylg/b/V2Ministry/o/office-bari/2024/12/26c584aa513c4e7b9b7cc65b0f81fd94.pdf,5.90625,388,বেগুনের সাথে পেঁয়াজ ও রসুন আন্তঃফসল: ব্যবহার ও উপযোগিতা,বেগুনের সারি থেকে সারির দূরত্ব বেশি হওয়ায় এর মাঝে অতি সহজেই পেঁয়াজ এবং রসুন আবাদ করা সহজ।,https://objectstorage.ap-dcc-gazipur-1.oraclecloud15.com/n/axvjbnqprylg/b/V2Ministry/o/office-bari/2024/12/26c584aa513c4e7b9b7cc65b0f81fd94.pdf,3.92578125,389,বেগুনের সাথে পেঁয়াজ ও রসুন আন্তঃফসল: ফসল সংগ্রহ,প্রতিকূল আবহাওয়ায় একটি ফসল ক্ষতিগ্রস্ত হলেও কৃষক কমপক্ষে একটি ফসল সংগ্রহ করতে পারবে।,https://objectstorage.ap-dcc-gazipur-1.oraclecloud15.com/n/axvjbnqprylg/b/V2Ministry/o/office-bari/2024/12/26c584aa513c4e7b9b7cc65b0f81fd94.pdf,2.796875,বেগুনের সারি থেকে সারির দূরত্ব বেশি হওয়ায় এর মাঝে অতি সহজেই পেঁয়াজ এবং রসুন আবাদ করা সহজ।,-1.162109375
972,বারি কফি-১ বিষয়ে বাগানভেদে চারার সংখ্যা সম্পর্কে কী তথ্য আছে?,325,বারি কফি-১: চারা উৎপাদন ও পরিচর্যা,ফল বাগানের ভিতরে বা বাণিজ্যিকভাবে কফি উৎপাদনের ক্ষেত্রে চারা সংখ্যা কম বেশি হয়ে থাকে।,https://objectstorage.ap-dcc-gazipur-1.oraclecloud15.com/n/axvjbnqprylg/b/V2Ministry/o/office-bari/2024/12/26c584aa513c4e7b9b7cc65b0f81fd94.pdf,4.421875,324,বারি কফি-১: চারা উৎপাদন ও পরিচর্যা,১ হেক্টর জমিতে এরাবিকার জন্য ২০০০টি চারা এবং রোবাস্টার জন্য ১১১২টি চারা প্রয়োজন হয়।,https://objectstorage.ap-dcc-gazipur-1.oraclecloud15.com/n/axvjbnqprylg/b/V2Ministry/o/office-bari/2024/12/26c584aa513c4e7b9b7cc65b0f81fd94.pdf,3.6875,323,বারি কফি-১: চারা উৎপাদন ও পরিচর্যা,জাতভেদে রোপণ দূরত্বের উপর চারার সংখ্যা নির্ভর করে।,https://objectstorage.ap-dcc-gazipur-1.oraclecloud15.com/n/axvjbnqprylg/b/V2Ministry/o/office-bari/2024/12/26c584aa513c4e7b9b7cc65b0f81fd94.pdf,2.376953125,ফল বাগানের ভিতরে বা বাণিজ্যিকভাবে কফি উৎপাদনের ক্ষেত্রে চারা সংখ্যা কম বেশি হয়ে থাকে।,-0.1258544921875
973,ছাদ বাগানের স্মার্ট সেচ সম্পর্কে খুব সহজেই সেচ বিষয়ে কী বলা হয়েছে?,420,ছাদ বাগান: স্মার্ট সেচ: সেচ ব্যবস্থাপনা,খুব সহজেই সেচ সিডিউল এবং সেচের পানির পরিমাণ ডিজিটাল পদ্ধতিতে বা স্মার্ট মাধ্যমে নিয়ন্ত্রণ করা যায়।,https://objectstorage.ap-dcc-gazipur-1.oraclecloud15.com/n/axvjbnqprylg/b/V2Ministry/o/office-bari/2024/12/26c584aa513c4e7b9b7cc65b0f81fd94.pdf,4.4765625,416,ছাদ বাগান: স্মার্ট সেচ: সেচ ব্যবস্থাপনা,এভাবেই স্মার্ট সেচ পদ্ধতিটিতে সেচের সময় ও নির্দিষ্ট অন্তর স্বয়ংক্রিয় ভাবে নিয়ন্ত্রণ করা হয়।,https://objectstorage.ap-dcc-gazipur-1.oraclecloud15.com/n/axvjbnqprylg/b/V2Ministry/o/office-bari/2024/12/26c584aa513c4e7b9b7cc65b0f81fd94.pdf,1.97265625,412,ছাদ বাগান: স্মার্ট সেচ: সেচ ব্যবস্থাপনা,স্মার্ট সেচ পদ্ধতির আর্কিটেকচার স্মার্ট সেচ ব্যবস্থাপনা পদ্ধতিটির গুরুত্বপূর্ণ অংশসমূহের বর্ণনা পানির ট্যাংক ব্যবহার করা হয় যা ছাদে অবস্থিত থাকে।,https://objectstorage.ap-dcc-gazipur-1.oraclecloud15.com/n/axvjbnqprylg/b/V2Ministry/o/office-bari/2024/12/26c584aa513c4e7b9b7cc65b0f81fd94.pdf,1.658203125,খুব সহজেই সেচ সিডিউল এবং সেচের পানির পরিমাণ ডিজিটাল পদ্ধতিতে বা স্মার্ট মাধ্যমে নিয়ন্ত্রণ করা যায়।,-0.28857421875
974,কাঁঠালের সার প্রয়োগ সম্পর্কে কী বলা হয়েছে?,230,কাঁঠাল: সার ব্যবস্থাপনা,চারা রোপণের পর গাছের সুষ্ঠু বৃদ্ধির জন্য গাছের বয়স ও চাহিদা মাফিক নিয়মিত সার প্রয়োগ করা আবশ্যক।,https://objectstorage.ap-dcc-gazipur-1.oraclecloud15.com/n/axvjbnqprylg/b/V2Ministry/o/office-bari/2024/12/26c584aa513c4e7b9b7cc65b0f81fd94.pdf,1.529296875,227,কাঁঠাল: রোপণ বা বপনের দূরত্ব,কাঁঠালের ক্ষেত্রে সাধারণত: গাছ থেকে গাছ ও সারি থেকে সারির দূরত্ব ৮ × ৮ মিটার রাখতে হবে।,https://objectstorage.ap-dcc-gazipur-1.oraclecloud15.com/n/axvjbnqprylg/b/V2Ministry/o/office-bari/2024/12/26c584aa513c4e7b9b7cc65b0f81fd94.pdf,-2.837890625,349,চুইঝাল: সার ব্যবস্থাপনা,প্রতি বছর বর্ষার আগে ও পরে গাছের গোড়া থেকে ৫০ সেমি দূরে সার প্রয়োগ করতে হবে।,https://objectstorage.ap-dcc-gazipur-1.oraclecloud15.com/n/axvjbnqprylg/b/V2Ministry/o/office-bari/2024/12/26c584aa513c4e7b9b7cc65b0f81fd94.pdf,-3.111328125,কাঁঠালের ক্ষেত্রে সাধারণত: গাছ থেকে গাছ ও সারি থেকে সারির দূরত্ব ৮ × ৮ মিটার রাখতে হবে।,0.56201171875
975,টমেটোর সমন্বিত আগাছা ব্যবস্থাপনা চাষের জন্য উপযুক্ত মাটির পিএইচ কত?,380,টমেটো: সমন্বিত আগাছা ব্যবস্থাপনা: মাটি ও জমির উপযোগিতা,মাটির পিএইচ ৬-৭ হলে ভালো হয়।,https://objectstorage.ap-dcc-gazipur-1.oraclecloud15.com/n/axvjbnqprylg/b/V2Ministry/o/office-bari/2024/12/26c584aa513c4e7b9b7cc65b0f81fd94.pdf,7.31640625,381,টমেটো: সমন্বিত আগাছা ব্যবস্থাপনা: সার ব্যবস্থাপনা,"সম্পূর্ণ ইউরিয়া এবং এমওপি সার রোপণের ১০,২৫ ও ৪০ দিন পর তিনটি সমান ডোজে মাটিতে প্রয়োগ করতে হবে।",https://objectstorage.ap-dcc-gazipur-1.oraclecloud15.com/n/axvjbnqprylg/b/V2Ministry/o/office-bari/2024/12/26c584aa513c4e7b9b7cc65b0f81fd94.pdf,-0.07183837890625,379,টমেটো: সমন্বিত আগাছা ব্যবস্থাপনা: আগাছা ব্যবস্থাপনা,"টমেটোর সর্বোচ্চ ফলন পেতে একটি নির্দিষ্ট সময় পর্যন্ত জমি আগাছা মুক্ত রাখলেই চলে, যা অতি সহজেই সমন্বিত আগাছা ব্যবস্থাপনা অর্থাৎ আগাছানাশক ও নিড়ানী দুটোর সমন্বয়ের দ্বারা করা সম্ভব।",https://objectstorage.ap-dcc-gazipur-1.oraclecloud15.com/n/axvjbnqprylg/b/V2Ministry/o/office-bari/2024/12/26c584aa513c4e7b9b7cc65b0f81fd94.pdf,-1.484375,মাটির পিএইচ ৬-৭ হলে ভালো হয়।,0.11395263671875
976,চিনার আগাছা ব্যবস্থাপনায় কী করতে বলা হয়েছে?,175,চিনা: আগাছা ব্যবস্থাপনা,ক্ষেতে আগাছা জন্মালে তা নিড়ানী দিয়ে তুলে ফেলা দরকার।,https://objectstorage.ap-dcc-gazipur-1.oraclecloud15.com/n/axvjbnqprylg/b/V2Ministry/o/office-bari/2024/12/26c584aa513c4e7b9b7cc65b0f81fd94.pdf,0.8173828125,407,পালংশাক: কম্পোস্ট ব্যবস্থাপনা: আগাছা ব্যবস্থাপনা,"আগাছা-রোগ-পোকা দমন: বীজ বপনের ১৪ এবং ২৮ দিন পর আগাছা দমন করতে হয়, কোনো প্রকার বালাইনাশকের প্রয়োজন হয় না।",https://objectstorage.ap-dcc-gazipur-1.oraclecloud15.com/n/axvjbnqprylg/b/V2Ministry/o/office-bari/2024/12/26c584aa513c4e7b9b7cc65b0f81fd94.pdf,-1.9541015625,299,সুপারি: আগাছা ব্যবস্থাপনা,সার ও সেচ দেয়ার আগে অবশ্যই আগাছা পরিষ্কার করতে হবে।,https://objectstorage.ap-dcc-gazipur-1.oraclecloud15.com/n/axvjbnqprylg/b/V2Ministry/o/office-bari/2024/12/26c584aa513c4e7b9b7cc65b0f81fd94.pdf,-1.9931640625,সার ও সেচ দেয়ার আগে অবশ্যই আগাছা পরিষ্কার করতে হবে।,-4.31640625
977,সুপারি: বীজতলা উত্তর দক্ষিণে লম্বা প্রসঙ্গে কী তথ্য আছে?,290,সুপারি: বীজতলা প্রস্তুতি ও চারা,বীজতলা উত্তর দক্ষিণে লম্বা হলে ভালো হয়।,https://objectstorage.ap-dcc-gazipur-1.oraclecloud15.com/n/axvjbnqprylg/b/V2Ministry/o/office-bari/2024/12/26c584aa513c4e7b9b7cc65b0f81fd94.pdf,4.43359375,289,সুপারি: বীজতলা প্রস্তুতি ও চারা,প্রতিটি বীজতলা ১-১.৫ মিটার চওড়া এবং ৩ মিটার লম্বা হওয়া উচিত।,https://objectstorage.ap-dcc-gazipur-1.oraclecloud15.com/n/axvjbnqprylg/b/V2Ministry/o/office-bari/2024/12/26c584aa513c4e7b9b7cc65b0f81fd94.pdf,1.302734375,292,সুপারি: বীজতলা প্রস্তুতি ও চারা,বীজ সংগ্রহ করার পর দেরী না করে বীজতলায় বীজ রোপণ করতে হবে।,https://objectstorage.ap-dcc-gazipur-1.oraclecloud15.com/n/axvjbnqprylg/b/V2Ministry/o/office-bari/2024/12/26c584aa513c4e7b9b7cc65b0f81fd94.pdf,-2.287109375,বীজতলা উত্তর দক্ষিণে লম্বা হলে ভালো হয়।,2.78515625
978,আলুর ফসল সংগ্রহের নির্দেশনা কী?,25,আলু: ফসল সংগ্রহ,"শুষ্ক, উজ্জ্বল ও ভাল আবহাওয়াতে আলু উত্তোলন করতে হবে।",https://objectstorage.ap-dcc-gazipur-1.oraclecloud15.com/n/axvjbnqprylg/b/V2Ministry/o/office-bari/2024/12/26c584aa513c4e7b9b7cc65b0f81fd94.pdf,1.45703125,26,আলু: ফসল সংগ্রহ,আলু উঠানোর পর প্রখর রৌদ্রে রাখা যাবে না।,https://objectstorage.ap-dcc-gazipur-1.oraclecloud15.com/n/axvjbnqprylg/b/V2Ministry/o/office-bari/2024/12/26c584aa513c4e7b9b7cc65b0f81fd94.pdf,0.429931640625,11,বারি আলু-১০২: ফসল সংগ্রহ,৭০-৭৫ দিনে আগাম আলু উত্তোলন করে বাজারজাত করা যায়।,https://objectstorage.ap-dcc-gazipur-1.oraclecloud15.com/n/axvjbnqprylg/b/V2Ministry/o/office-bari/2024/12/26c584aa513c4e7b9b7cc65b0f81fd94.pdf,0.423095703125,আলু উঠানোর পর প্রখর রৌদ্রে রাখা যাবে না।,-4.14453125
979,বারি কফি-১ বিষয়ে পাকা অবস্থায় লাল সম্পর্কে কী তথ্য আছে?,330,বারি কফি-১: ফলের বৈশিষ্ট্য,পাকা অবস্থায় ফল লাল বর্ণ ধারণ করে।,https://objectstorage.ap-dcc-gazipur-1.oraclecloud15.com/n/axvjbnqprylg/b/V2Ministry/o/office-bari/2024/12/26c584aa513c4e7b9b7cc65b0f81fd94.pdf,4.54296875,305,বারি কফি-১: ফলন,কফির জাত বারি কফি-১ উচ্চ ফলনশীল (গাছ প্রতি গড় ফলন ৭.৯৪ কেজি) ও নিয়মিত ফলদানকারী।,https://objectstorage.ap-dcc-gazipur-1.oraclecloud15.com/n/axvjbnqprylg/b/V2Ministry/o/office-bari/2024/12/26c584aa513c4e7b9b7cc65b0f81fd94.pdf,-1.8134765625,308,বারি কফি-১: বীজ বা দানার বৈশিষ্ট্য,বিন/বীজ গোলাকৃতির সবুজাভ বাদামী রং ধারণ করে।,https://objectstorage.ap-dcc-gazipur-1.oraclecloud15.com/n/axvjbnqprylg/b/V2Ministry/o/office-bari/2024/12/26c584aa513c4e7b9b7cc65b0f81fd94.pdf,-1.966796875,পাকা অবস্থায় ফল লাল বর্ণ ধারণ করে।,0.2607421875
980,অড়হর সার প্রয়োগ সম্পর্কে কী বলা হয়েছে?,210,অড়হর: সার ব্যবস্থাপনা,সার ব্যবস্থাপনা: অড়হর ফসলে তেমন একটা সারের প্রয়োজন হয় না।,https://objectstorage.ap-dcc-gazipur-1.oraclecloud15.com/n/axvjbnqprylg/b/V2Ministry/o/office-bari/2024/12/26c584aa513c4e7b9b7cc65b0f81fd94.pdf,-0.505859375,202,অড়হর: মাটি ও জমির উপযোগিতা,"মাটির পিএইচ মাত্রা ৫.৫ থেকে ৭.৫ সহ পূর্ণ রোদ, উর্বর এবং সুনিষ্কাশিত দোআঁশ মাটি অড়হর চাষের জন্য সবচেয়ে উপযোগী।",https://objectstorage.ap-dcc-gazipur-1.oraclecloud15.com/n/axvjbnqprylg/b/V2Ministry/o/office-bari/2024/12/26c584aa513c4e7b9b7cc65b0f81fd94.pdf,-2.71484375,201,অড়হর: উপযোগিতা,বাংলাদেশের প্রায় সকল অঞ্চলে এটি চাষ উপযোগী।,https://objectstorage.ap-dcc-gazipur-1.oraclecloud15.com/n/axvjbnqprylg/b/V2Ministry/o/office-bari/2024/12/26c584aa513c4e7b9b7cc65b0f81fd94.pdf,-2.802734375,সার ব্যবস্থাপনা: অড়হর ফসলে তেমন একটা সারের প্রয়োজন হয় না।,-1.06640625
981,চিয়ার সারের মাত্রা সম্পর্কে কী তথ্য আছে?,160,চিয়া: সার ব্যবস্থাপনা,"সার ব্যবস্থাপনা: ইউরিয়া: ১৫০ কেজি/হেক্টর, মিউরেট অব পটাশ: ৬০ কেজি/হেক্টর, টিএসপি: ৮০ কেজি/হেক্টর।",https://objectstorage.ap-dcc-gazipur-1.oraclecloud15.com/n/axvjbnqprylg/b/V2Ministry/o/office-bari/2024/12/26c584aa513c4e7b9b7cc65b0f81fd94.pdf,-1.97265625,161,চিয়া: সার ব্যবস্থাপনা,যে সমস্ত জমিতে বোরণ ও জিংকের ঘাটতি আছে সেসব জমিতে কাঙ্ক্ষিত ফলন পাওয়ার জন্য হেক্টর প্রতি ৫ কেজি হারে বরিক এসিড ও জিংক সালফেট প্রয়োগ করত হবে।,https://objectstorage.ap-dcc-gazipur-1.oraclecloud15.com/n/axvjbnqprylg/b/V2Ministry/o/office-bari/2024/12/26c584aa513c4e7b9b7cc65b0f81fd94.pdf,-4.05078125,158,চিয়া: জলাবদ্ধতা ও পানি নিষ্কাশন,চিয়ার এ লাইনটি চারা অবস্থায় ২-৩ দিন পর্যন্ত জলাবদ্ধতা সহ্য করতে পারে।,https://objectstorage.ap-dcc-gazipur-1.oraclecloud15.com/n/axvjbnqprylg/b/V2Ministry/o/office-bari/2024/12/26c584aa513c4e7b9b7cc65b0f81fd94.pdf,-4.72265625,চিয়ার এ লাইনটি চারা অবস্থায় ২-৩ দিন পর্যন্ত জলাবদ্ধতা সহ্য করতে পারে।,-6.58984375
982,বারি মেটে আলু-৪-এর শুষ্ক পদার্থের পরিমাণ কত?,65,বারি মেটে আলু-৪: শুষ্ক পদার্থ,শুষ্ক পদার্থের পরিমাণ ২৯.৯৪ ± ১।,https://objectstorage.ap-dcc-gazipur-1.oraclecloud15.com/n/axvjbnqprylg/b/V2Ministry/o/office-bari/2024/12/26c584aa513c4e7b9b7cc65b0f81fd94.pdf,8.671875,63,বারি মেটে আলু-৩: শুষ্ক পদার্থ,শুষ্ক পদার্থের পরিমাণ ২৮.৫৬ ± ১।,https://objectstorage.ap-dcc-gazipur-1.oraclecloud15.com/n/axvjbnqprylg/b/V2Ministry/o/office-bari/2024/12/26c584aa513c4e7b9b7cc65b0f81fd94.pdf,3.794921875,18,বারি আলু-১০৩: শুষ্ক পদার্থ,শুষ্ক পদার্থ ২০% এর উপরে যা অনুকূল পরিবেশে ২২% পর্যন্ত হয়।,https://objectstorage.ap-dcc-gazipur-1.oraclecloud15.com/n/axvjbnqprylg/b/V2Ministry/o/office-bari/2024/12/26c584aa513c4e7b9b7cc65b0f81fd94.pdf,1.6953125,শুষ্ক পদার্থের পরিমাণ ২৯.৯৪ ± ১।,1.4150390625
983,চীনাবাদাম বিষয়ে বপনের মৌসুম ও সময় সম্পর্কে কী তথ্য আছে?,125,চীনাবাদাম: বপনের সময়,মৌসুমে ফাল্গুন থেকে চৈত্র (মার্চ থেকে এপ্রিল) ও খরিফ-২ মৌসুম শ্রাবণ থেকে ভাদ্র (জুলাই থেকে আগস্ট) মাসে বীজ বপন করতে হয়।,https://objectstorage.ap-dcc-gazipur-1.oraclecloud15.com/n/axvjbnqprylg/b/V2Ministry/o/office-bari/2024/12/26c584aa513c4e7b9b7cc65b0f81fd94.pdf,7.07421875,124,চীনাবাদাম: বপনের সময়,চীনাবাদাম রবি ও খরিফ উভয় মৌসুমে চাষাবাদ করা যায়।,https://objectstorage.ap-dcc-gazipur-1.oraclecloud15.com/n/axvjbnqprylg/b/V2Ministry/o/office-bari/2024/12/26c584aa513c4e7b9b7cc65b0f81fd94.pdf,5.1796875,112,চীনাবাদাম: মৌসুম,রবি মৌসুমে মাঝারি নিচু ও মাঝারি উঁচু এবং খরিফ মৌসুমে উঁচু জমি চীনাবাদাম চাষের জন্য উপযোগী।,https://objectstorage.ap-dcc-gazipur-1.oraclecloud15.com/n/axvjbnqprylg/b/V2Ministry/o/office-bari/2024/12/26c584aa513c4e7b9b7cc65b0f81fd94.pdf,2.91015625,রবি মৌসুমে মাঝারি নিচু ও মাঝারি উঁচু এবং খরিফ মৌসুমে উঁচু জমি চীনাবাদাম চাষের জন্য উপযোগী।,0.802734375
984,কফি বিষয়ে সাধারনত উচ্চতার মাস সম্পর্কে কী তথ্য আছে?,320,কফি: চারা উৎপাদন ও পরিচর্যা,সাধারনত ৩০-৪০ সে.মি. উচ্চতার ৬-৭ মাস বয়সের চারা রোপণ করা উত্তম।,https://objectstorage.ap-dcc-gazipur-1.oraclecloud15.com/n/axvjbnqprylg/b/V2Ministry/o/office-bari/2024/12/26c584aa513c4e7b9b7cc65b0f81fd94.pdf,2.78125,312,কফি: গাছের উচ্চতা,এরাবিকা জাতের জন্য তুলনামূলক বেশি উচ্চতার প্রয়োজন হয়।,https://objectstorage.ap-dcc-gazipur-1.oraclecloud15.com/n/axvjbnqprylg/b/V2Ministry/o/office-bari/2024/12/26c584aa513c4e7b9b7cc65b0f81fd94.pdf,-1.0986328125,305,বারি কফি-১: ফলন,কফির জাত বারি কফি-১ উচ্চ ফলনশীল (গাছ প্রতি গড় ফলন ৭.৯৪ কেজি) ও নিয়মিত ফলদানকারী।,https://objectstorage.ap-dcc-gazipur-1.oraclecloud15.com/n/axvjbnqprylg/b/V2Ministry/o/office-bari/2024/12/26c584aa513c4e7b9b7cc65b0f81fd94.pdf,-4.05078125,সাধারনত ৩০-৪০ সে.মি. উচ্চতার ৬-৭ মাস বয়সের চারা রোপণ করা উত্তম।,-3.998046875
985,সয়াবিন-রোপা আউশ-রোপা আমন ফসল বিন্যাস চাষে কী পরিমাণ ফলন পাওয়া যায়?,435,সয়াবিন-রোপা আউশ-রোপা আমন ফসল বিন্যাস: ফলন,তিন ফসল ভিত্তিক উন্নত এ ফসল বিন্যাসে আউশ মৌসুমে ব্রি ধান৪৮ অন্তর্ভুক্ত করায় ধানের সমতুল্য ফলন ১২.৬৫ টন/হেক্টর/বছর পাওয়া গেছে যা প্রচলিত ফসল বিন্যাসের চেয়ে ৫৬% বেশি।,https://objectstorage.ap-dcc-gazipur-1.oraclecloud15.com/n/axvjbnqprylg/b/V2Ministry/o/office-bari/2024/12/26c584aa513c4e7b9b7cc65b0f81fd94.pdf,7.375,442,সয়াবিন-রোপা আউশ-রোপা আমন ফসল বিন্যাস: আগাছা ব্যবস্থাপনা,জমিতে ৫-১০ সেমি পানি ধরে রাখলে আগাছার পরিমাণ কম হয়।,https://objectstorage.ap-dcc-gazipur-1.oraclecloud15.com/n/axvjbnqprylg/b/V2Ministry/o/office-bari/2024/12/26c584aa513c4e7b9b7cc65b0f81fd94.pdf,0.0968017578125,436,সয়াবিন-রোপা আউশ-রোপা আমন ফসল বিন্যাস: আয়-ব্যয় ও মুনাফা,আধুনিক ফসল ব্যবস্থাপনা অনুসরণ করায় উন্নত এ ফসল বিন্যাসে নিট মুনাফা শতকরা ৪২ ভাগ বৃদ্ধি পেয়েছে।,https://objectstorage.ap-dcc-gazipur-1.oraclecloud15.com/n/axvjbnqprylg/b/V2Ministry/o/office-bari/2024/12/26c584aa513c4e7b9b7cc65b0f81fd94.pdf,-0.46728515625,তিন ফসল ভিত্তিক উন্নত এ ফসল বিন্যাসে আউশ মৌসুমে ব্রি ধান৪৮ অন্তর্ভুক্ত করায় ধানের সমতুল্য ফলন ১২.৬৫ টন/হেক্টর/বছর পাওয়া গেছে যা প্রচলিত ফসল বিন্যাসের চেয়ে ৫৬% বেশি।,2.73828125
986,লটকন চাষে গাছের গোড়া থেকে কত দূরে সার প্রয়োগ করতে হবে?,245,লটকন: সার ব্যবস্থাপনা,চারার বৃদ্ধি পর্যায়ে সার এবং গোবর গাছের গোড়া থেকে ১.০-১.৫ মিটার দূরে প্রয়োগ করতে হবে এবং মাটির সাথে মিশিয়ে দিতে হবে।,https://objectstorage.ap-dcc-gazipur-1.oraclecloud15.com/n/axvjbnqprylg/b/V2Ministry/o/office-bari/2024/12/26c584aa513c4e7b9b7cc65b0f81fd94.pdf,7.05859375,349,চুইঝাল: সার ব্যবস্থাপনা,প্রতি বছর বর্ষার আগে ও পরে গাছের গোড়া থেকে ৫০ সেমি দূরে সার প্রয়োগ করতে হবে।,https://objectstorage.ap-dcc-gazipur-1.oraclecloud15.com/n/axvjbnqprylg/b/V2Ministry/o/office-bari/2024/12/26c584aa513c4e7b9b7cc65b0f81fd94.pdf,1.6181640625,244,লটকন: রোপণ বা বপনের দূরত্ব,রোপণ দূরত্ব ৮ মিটার × ৮ মিটার।,https://objectstorage.ap-dcc-gazipur-1.oraclecloud15.com/n/axvjbnqprylg/b/V2Ministry/o/office-bari/2024/12/26c584aa513c4e7b9b7cc65b0f81fd94.pdf,-0.849609375,প্রতি বছর বর্ষার আগে ও পরে গাছের গোড়া থেকে ৫০ সেমি দূরে সার প্রয়োগ করতে হবে।,2.390625
987,সুপারির মাটির পিএইচ সম্পর্কে কী বলা হয়েছে?,280,সুপারি: মাটি ও জমির উপযোগিতা,মাটির পিএইচ মান ৫.৫-৬.০ এর মধ্যে হলে সবচেয়ে ভাল হয়।,https://objectstorage.ap-dcc-gazipur-1.oraclecloud15.com/n/axvjbnqprylg/b/V2Ministry/o/office-bari/2024/12/26c584aa513c4e7b9b7cc65b0f81fd94.pdf,3.6328125,380,টমেটো: সমন্বিত আগাছা ব্যবস্থাপনা: মাটি ও জমির উপযোগিতা,মাটির পিএইচ ৬-৭ হলে ভালো হয়।,https://objectstorage.ap-dcc-gazipur-1.oraclecloud15.com/n/axvjbnqprylg/b/V2Ministry/o/office-bari/2024/12/26c584aa513c4e7b9b7cc65b0f81fd94.pdf,-3.1015625,202,অড়হর: মাটি ও জমির উপযোগিতা,"মাটির পিএইচ মাত্রা ৫.৫ থেকে ৭.৫ সহ পূর্ণ রোদ, উর্বর এবং সুনিষ্কাশিত দোআঁশ মাটি অড়হর চাষের জন্য সবচেয়ে উপযোগী।",https://objectstorage.ap-dcc-gazipur-1.oraclecloud15.com/n/axvjbnqprylg/b/V2Ministry/o/office-bari/2024/12/26c584aa513c4e7b9b7cc65b0f81fd94.pdf,-3.12109375,মাটির পিএইচ ৬-৭ হলে ভালো হয়।,-0.88134765625
988,মসুর পাতা ঝলসানো রোগের ফলন কত?,385,মসুর: পাতা ঝলসানো রোগ: ফলন,এ প্রযুক্তি ব্যবহার করে কৃষক মাঠে উন্নত জাতের মসুর (বারি মসুর-৮) চাষ করলে হেক্টরপ্রতি ১৮০০-২০০০ কেজি ফলন পাওয়া সম্ভব।,https://objectstorage.ap-dcc-gazipur-1.oraclecloud15.com/n/axvjbnqprylg/b/V2Ministry/o/office-bari/2024/12/26c584aa513c4e7b9b7cc65b0f81fd94.pdf,4.87890625,384,মসুর: পাতা ঝলসানো রোগ: রোগ ব্যবস্থাপনা,এ প্রযুক্তির মাধ্যমে মসুরের রোগ দমনের সাথে সাথে মসুর ডালের দানাও পরিপুষ্ট হয়।,https://objectstorage.ap-dcc-gazipur-1.oraclecloud15.com/n/axvjbnqprylg/b/V2Ministry/o/office-bari/2024/12/26c584aa513c4e7b9b7cc65b0f81fd94.pdf,-0.92041015625,262,বারি ঝাড়শীম-৪: ফলন,হেক্টর প্রতি পডের গড় ফলন ৩৭.৮২ টন এবং বীজের ফলন ১৬.৪৯ টন।,https://objectstorage.ap-dcc-gazipur-1.oraclecloud15.com/n/axvjbnqprylg/b/V2Ministry/o/office-bari/2024/12/26c584aa513c4e7b9b7cc65b0f81fd94.pdf,-6.95703125,এ প্রযুক্তি ব্যবহার করে কৃষক মাঠে উন্নত জাতের মসুর (বারি মসুর-৮) চাষ করলে হেক্টরপ্রতি ১৮০০-২০০০ কেজি ফলন পাওয়া সম্ভব।,-2.658203125
989,টমেটোর সমন্বিত আগাছা ব্যবস্থাপনার মাটির পিএইচ সম্পর্কে কী বলা হয়েছে?,380,টমেটো: সমন্বিত আগাছা ব্যবস্থাপনা: মাটি ও জমির উপযোগিতা,মাটির পিএইচ ৬-৭ হলে ভালো হয়।,https://objectstorage.ap-dcc-gazipur-1.oraclecloud15.com/n/axvjbnqprylg/b/V2Ministry/o/office-bari/2024/12/26c584aa513c4e7b9b7cc65b0f81fd94.pdf,5.90625,381,টমেটো: সমন্বিত আগাছা ব্যবস্থাপনা: সার ব্যবস্থাপনা,"সম্পূর্ণ ইউরিয়া এবং এমওপি সার রোপণের ১০,২৫ ও ৪০ দিন পর তিনটি সমান ডোজে মাটিতে প্রয়োগ করতে হবে।",https://objectstorage.ap-dcc-gazipur-1.oraclecloud15.com/n/axvjbnqprylg/b/V2Ministry/o/office-bari/2024/12/26c584aa513c4e7b9b7cc65b0f81fd94.pdf,-0.007244110107421875,379,টমেটো: সমন্বিত আগাছা ব্যবস্থাপনা: আগাছা ব্যবস্থাপনা,"টমেটোর সর্বোচ্চ ফলন পেতে একটি নির্দিষ্ট সময় পর্যন্ত জমি আগাছা মুক্ত রাখলেই চলে, যা অতি সহজেই সমন্বিত আগাছা ব্যবস্থাপনা অর্থাৎ আগাছানাশক ও নিড়ানী দুটোর সমন্বয়ের দ্বারা করা সম্ভব।",https://objectstorage.ap-dcc-gazipur-1.oraclecloud15.com/n/axvjbnqprylg/b/V2Ministry/o/office-bari/2024/12/26c584aa513c4e7b9b7cc65b0f81fd94.pdf,-0.6796875,মাটির পিএইচ ৬-৭ হলে ভালো হয়।,-1.025390625
990,কাঁঠালের বীজ থেকে চারা গজাতে কতদিন লাগে?,225,কাঁঠাল: বীজতলা প্রস্তুতি ও চারা,ভাল পাকা কাঁঠাল থেকে পুষ্ট বড় বীজ বের করে ছাই মাখিয়ে ২/৩ দিন ছায়ায় শুকিয়ে বীজতলায় বপন করলে ২০-২৫ দিনে চারা গজাবে।,https://objectstorage.ap-dcc-gazipur-1.oraclecloud15.com/n/axvjbnqprylg/b/V2Ministry/o/office-bari/2024/12/26c584aa513c4e7b9b7cc65b0f81fd94.pdf,6.18359375,317,কফি: চারা উৎপাদন ও পরিচর্যা,বীজ বপনের ৩০-৪০ দিনের পর চারা গজায়।,https://objectstorage.ap-dcc-gazipur-1.oraclecloud15.com/n/axvjbnqprylg/b/V2Ministry/o/office-bari/2024/12/26c584aa513c4e7b9b7cc65b0f81fd94.pdf,1.3173828125,156,চিয়া: চারা উৎপাদন ও পরিচর্যা,বীজ গজানোর ১২-১৫ দিন পর চারা পাতলা করে দিতে হবে।,https://objectstorage.ap-dcc-gazipur-1.oraclecloud15.com/n/axvjbnqprylg/b/V2Ministry/o/office-bari/2024/12/26c584aa513c4e7b9b7cc65b0f81fd94.pdf,0.68212890625,ভাল পাকা কাঁঠাল থেকে পুষ্ট বড় বীজ বের করে ছাই মাখিয়ে ২/৩ দিন ছায়ায় শুকিয়ে বীজতলায় বপন করলে ২০-২৫ দিনে চারা গজাবে।,5.76953125
991,চীনাবাদাম বিষয়ে বেলে দো-আঁশ মাটির সুবিধা সম্পর্কে কী তথ্য আছে?,110,চীনাবাদাম: মাটি ও জমির উপযোগিতা,ক্যালসিয়াম ও জৈব পদার্থ সমৃদ্ধ বেলে দো-আঁশ মাটি চীনাবাদাম উৎপাদনের জন্য উপযুক্ত।,https://objectstorage.ap-dcc-gazipur-1.oraclecloud15.com/n/axvjbnqprylg/b/V2Ministry/o/office-bari/2024/12/26c584aa513c4e7b9b7cc65b0f81fd94.pdf,5.1328125,115,চীনাবাদাম: মাটি ও জমির উপযোগিতা,বেলে দো-আঁশ মাটিতে সহজে শিকড় ও পেগ মাটিতে প্রবেশ করতে পারে বিধায় চীনাবাদাম অধিক ফলন দেয়।,https://objectstorage.ap-dcc-gazipur-1.oraclecloud15.com/n/axvjbnqprylg/b/V2Ministry/o/office-bari/2024/12/26c584aa513c4e7b9b7cc65b0f81fd94.pdf,5.0,113,চীনাবাদাম: মাটি ও জমির উপযোগিতা,চীনাবাদাম উৎপাদনের জন্য চরাঞ্চলের বেলে মাটি সবচেয়ে ভাল।,https://objectstorage.ap-dcc-gazipur-1.oraclecloud15.com/n/axvjbnqprylg/b/V2Ministry/o/office-bari/2024/12/26c584aa513c4e7b9b7cc65b0f81fd94.pdf,2.232421875,ক্যালসিয়াম ও জৈব পদার্থ সমৃদ্ধ বেলে দো-আঁশ মাটি চীনাবাদাম উৎপাদনের জন্য উপযুক্ত।,4.1796875
992,চীনাবাদাম চাষ বা সংগ্রহের জন্য কেমন আবহাওয়া উপযোগী?,120,চীনাবাদাম: আবহাওয়া ও জলবায়ু,শুষ্ক আবহাওয়া পরিপক্কতা ও কর্তনের জন্য দরকার হয় তবে বিশেষ করে ফুল ও পেগ গঠনের সময় জমিতে রসের অভাব হলে ফলন অনেকটা কম হয়।,https://objectstorage.ap-dcc-gazipur-1.oraclecloud15.com/n/axvjbnqprylg/b/V2Ministry/o/office-bari/2024/12/26c584aa513c4e7b9b7cc65b0f81fd94.pdf,2.796875,112,চীনাবাদাম: মৌসুম,রবি মৌসুমে মাঝারি নিচু ও মাঝারি উঁচু এবং খরিফ মৌসুমে উঁচু জমি চীনাবাদাম চাষের জন্য উপযোগী।,https://objectstorage.ap-dcc-gazipur-1.oraclecloud15.com/n/axvjbnqprylg/b/V2Ministry/o/office-bari/2024/12/26c584aa513c4e7b9b7cc65b0f81fd94.pdf,2.216796875,117,চীনাবাদাম: তাপমাত্রা,চীনাবাদাম চাষে মধ্যম বৃষ্টিপাত (৫০০-১০০০ মি.মি.) ও তুলনামূলকভাবে অধিক তাপমাত্রা দরকার হয়।,https://objectstorage.ap-dcc-gazipur-1.oraclecloud15.com/n/axvjbnqprylg/b/V2Ministry/o/office-bari/2024/12/26c584aa513c4e7b9b7cc65b0f81fd94.pdf,1.4111328125,চীনাবাদাম চাষে মধ্যম বৃষ্টিপাত (৫০০-১০০০ মি.মি.) ও তুলনামূলকভাবে অধিক তাপমাত্রা দরকার হয়।,2.716796875
993,ঝাড়শিম কীভাবে রোপণ করতে হবে?,265,ঝাড়শিম: রোপণ পদ্ধতি,সরাসরি জমিতে লাইন করে বীজ বুনতে হয়।,https://objectstorage.ap-dcc-gazipur-1.oraclecloud15.com/n/axvjbnqprylg/b/V2Ministry/o/office-bari/2024/12/26c584aa513c4e7b9b7cc65b0f81fd94.pdf,2.0625,264,ঝাড়শিম: রোপণের সময়,বাংলাদেশে শীতকালে এ ফসলটি উৎপাদন করা হয় এবং নভেম্বর মাস বীজ বপনের জন্য উত্তম সময়।,https://objectstorage.ap-dcc-gazipur-1.oraclecloud15.com/n/axvjbnqprylg/b/V2Ministry/o/office-bari/2024/12/26c584aa513c4e7b9b7cc65b0f81fd94.pdf,-0.260009765625,263,ঝাড়শিম: জলাবদ্ধতা ও পানি নিষ্কাশন,ফরাসী শিম জলাবদ্ধতা সহ্য করতে পারে না বিধায় সুনিষ্কাশিত জমি নির্বাচন করতে হবে।,https://objectstorage.ap-dcc-gazipur-1.oraclecloud15.com/n/axvjbnqprylg/b/V2Ministry/o/office-bari/2024/12/26c584aa513c4e7b9b7cc65b0f81fd94.pdf,-2.029296875,সরাসরি জমিতে লাইন করে বীজ বুনতে হয়।,-5.07421875
994,চুইঝাল বিষয়ে গাছের গোড়া সম্পর্কে কী তথ্য আছে?,349,চুইঝাল: সার ব্যবস্থাপনা,প্রতি বছর বর্ষার আগে ও পরে গাছের গোড়া থেকে ৫০ সেমি দূরে সার প্রয়োগ করতে হবে।,https://objectstorage.ap-dcc-gazipur-1.oraclecloud15.com/n/axvjbnqprylg/b/V2Ministry/o/office-bari/2024/12/26c584aa513c4e7b9b7cc65b0f81fd94.pdf,2.11328125,350,চুইঝাল: সেচ ব্যবস্থাপনা,সার দেয়ার সময় গাছের গোড়ায় মাটি হালকা করে কুপিয়ে দিতে হয় এবং সেচ প্রদান করতে হবে।,https://objectstorage.ap-dcc-gazipur-1.oraclecloud15.com/n/axvjbnqprylg/b/V2Ministry/o/office-bari/2024/12/26c584aa513c4e7b9b7cc65b0f81fd94.pdf,1.986328125,342,চুইঝাল: কাণ্ডের বৈশিষ্ট্য,অঙ্গজ প্রজনন বা লতা কাটিং পদ্ধতিতে এর কাণ্ড বা শাখা ৩০ থেকে ৩৫ সেন্টিমিটার লম্বা করে কেটে সরাসরি মাটিতে রোপণ করা হয়।,https://objectstorage.ap-dcc-gazipur-1.oraclecloud15.com/n/axvjbnqprylg/b/V2Ministry/o/office-bari/2024/12/26c584aa513c4e7b9b7cc65b0f81fd94.pdf,-0.038970947265625,সার দেয়ার সময় গাছের গোড়ায় মাটি হালকা করে কুপিয়ে দিতে হয় এবং সেচ প্রদান করতে হবে।,-7.046875
995,চুইঝালের বংশবিস্তার সম্পর্কে কী তথ্য আছে?,340,চুইঝাল: বংশবিস্তার,চুইঝালের বংশবিস্তার বীজ ও লতার/শাখার মাধ্যমে হয়ে থাকে।,https://objectstorage.ap-dcc-gazipur-1.oraclecloud15.com/n/axvjbnqprylg/b/V2Ministry/o/office-bari/2024/12/26c584aa513c4e7b9b7cc65b0f81fd94.pdf,5.16796875,343,চুইঝাল: চারা উৎপাদন ও পরিচর্যা,বাণিজ্যিকভাবে চুইঝালের বিভিন্ন কাটিং পলিব্যাগে চারা তৈরি করা হয়।,https://objectstorage.ap-dcc-gazipur-1.oraclecloud15.com/n/axvjbnqprylg/b/V2Ministry/o/office-bari/2024/12/26c584aa513c4e7b9b7cc65b0f81fd94.pdf,-3.888671875,352,চুইঝাল: সংরক্ষণ,ফ্রিজ ছাড়াও চটের বস্তায় মুড়ে মাঝে মাঝে পানির ছিটা দিয়েও ৩০-৪০ দিন পর্যন্ত চুইঝাল সংরক্ষণ করা যায়।,https://objectstorage.ap-dcc-gazipur-1.oraclecloud15.com/n/axvjbnqprylg/b/V2Ministry/o/office-bari/2024/12/26c584aa513c4e7b9b7cc65b0f81fd94.pdf,-4.1171875,চুইঝালের বংশবিস্তার বীজ ও লতার/শাখার মাধ্যমে হয়ে থাকে।,4.07421875
996,বারি আলু-১০১ কতদিনে পরিপক্ব হয়?,5,বারি আলু-১০১: পরিপক্বতার সময়,৯০-৯৫ দিনে আলু পরিপক্কতা লাভ করে।,https://objectstorage.ap-dcc-gazipur-1.oraclecloud15.com/n/axvjbnqprylg/b/V2Ministry/o/office-bari/2024/12/26c584aa513c4e7b9b7cc65b0f81fd94.pdf,6.51953125,199,বারি অড়হর-১: জীবনকাল,ফল প্রায় একই সাথে পরিপক্ক হয় এবং জীবনকাল ২৫০-২৬০ দিন।,https://objectstorage.ap-dcc-gazipur-1.oraclecloud15.com/n/axvjbnqprylg/b/V2Ministry/o/office-bari/2024/12/26c584aa513c4e7b9b7cc65b0f81fd94.pdf,0.95947265625,11,বারি আলু-১০২: ফসল সংগ্রহ,৭০-৭৫ দিনে আগাম আলু উত্তোলন করে বাজারজাত করা যায়।,https://objectstorage.ap-dcc-gazipur-1.oraclecloud15.com/n/axvjbnqprylg/b/V2Ministry/o/office-bari/2024/12/26c584aa513c4e7b9b7cc65b0f81fd94.pdf,0.102294921875,৯০-৯৫ দিনে আলু পরিপক্কতা লাভ করে।,3.3046875
997,আলুর শাঁস ও চোখ সম্পর্কে কী তথ্য আছে?,20,আলু: শাঁসের রং ও চোখের বৈশিষ্ট্য,"শাঁসের রং ক্রিম, চোখ অগভীর আলুতে সমভাবে বিন্যস্ত।",https://objectstorage.ap-dcc-gazipur-1.oraclecloud15.com/n/axvjbnqprylg/b/V2Ministry/o/office-bari/2024/12/26c584aa513c4e7b9b7cc65b0f81fd94.pdf,3.6953125,12,বারি আলু-১০২: কন্দের চামড়া ও শাঁসের রং,"আলুর চামড়া মসৃণ ও রং লাল, শাঁসের রং সাদা, চোখ কিছুটা গভীরে থাকে।",https://objectstorage.ap-dcc-gazipur-1.oraclecloud15.com/n/axvjbnqprylg/b/V2Ministry/o/office-bari/2024/12/26c584aa513c4e7b9b7cc65b0f81fd94.pdf,2.49609375,17,বারি আলু-১০৩: কন্দের চামড়া ও শাঁসের রং,"আলুর চামড়া মসৃণ ও রং হলুদ, শাঁসের রং ক্রিম, চোখ অগভীর ও চোখ আলুতে সমভাবে বিন্যস্ত।",https://objectstorage.ap-dcc-gazipur-1.oraclecloud15.com/n/axvjbnqprylg/b/V2Ministry/o/office-bari/2024/12/26c584aa513c4e7b9b7cc65b0f81fd94.pdf,2.48828125,"আলুর চামড়া মসৃণ ও রং লাল, শাঁসের রং সাদা, চোখ কিছুটা গভীরে থাকে।",2.15625
998,চর এলাকায় বিনা চাষে পেঁয়াজের আগাছা ব্যবস্থাপনায় কী করতে বলা হয়েছে?,432,চর এলাকায় বিনা চাষে পেঁয়াজ: আগাছা ব্যবস্থাপনা,চর এলাকায় পেঁয়াজ বীজ বপনের ২০-২৫ দিনের মধ্যে আগাছা দমনের ব্যবস্থা নিতে হবে।,https://objectstorage.ap-dcc-gazipur-1.oraclecloud15.com/n/axvjbnqprylg/b/V2Ministry/o/office-bari/2024/12/26c584aa513c4e7b9b7cc65b0f81fd94.pdf,5.25,433,চর এলাকায় বিনা চাষে পেঁয়াজ: আগাছা ব্যবস্থাপনা,জমিতে আগাছার পরিমাণ বেশি হলে ৪০-৫০ দিনের মধ্যে দ্বিতীয়বার নিড়ানী দিয়ে আগাছা দমন করতে হবে।,https://objectstorage.ap-dcc-gazipur-1.oraclecloud15.com/n/axvjbnqprylg/b/V2Ministry/o/office-bari/2024/12/26c584aa513c4e7b9b7cc65b0f81fd94.pdf,4.80078125,428,চর এলাকায় বিনা চাষে পেঁয়াজ: সার ব্যবস্থাপনা,চর এলাকায় সাধারণত সেচের সাথে সাথেই জমিতে সার প্রয়োগ করতে হবে যাতে প্রয়োগকৃত সার দ্রুত মাটিতে মিশে যায়।,https://objectstorage.ap-dcc-gazipur-1.oraclecloud15.com/n/axvjbnqprylg/b/V2Ministry/o/office-bari/2024/12/26c584aa513c4e7b9b7cc65b0f81fd94.pdf,3.40234375,চর এলাকায় পেঁয়াজ বীজ বপনের ২০-২৫ দিনের মধ্যে আগাছা দমনের ব্যবস্থা নিতে হবে।,2.302734375
999,মাঠের ইঁদুর ব্যবস্থাপনা সম্পর্কে মারাত্মক আক্রমণে পাতা বিষয়ে কী বলা হয়েছে?,485,মাঠের ইঁদুর ব্যবস্থাপনা: পোকামাকড় বা ক্ষতিকর প্রাণী ব্যবস্থাপনা,মারাত্মক আক্রমণে পাতা শুকিয়ে মারা যায়।,https://objectstorage.ap-dcc-gazipur-1.oraclecloud15.com/n/axvjbnqprylg/b/V2Ministry/o/office-bari/2024/12/26c584aa513c4e7b9b7cc65b0f81fd94.pdf,3.0390625,476,মাঠের ইঁদুর ব্যবস্থাপনা: পোকামাকড় বা ক্ষতিকর প্রাণী ব্যবস্থাপনা,ইঁদুরের গর্তের মুখ পরিষ্কার করে ভিতরে গোবরের বল দিয়ে মুখ বন্ধ করে দিতে হয়।,https://objectstorage.ap-dcc-gazipur-1.oraclecloud15.com/n/axvjbnqprylg/b/V2Ministry/o/office-bari/2024/12/26c584aa513c4e7b9b7cc65b0f81fd94.pdf,-1.833984375,480,মাঠের ইঁদুর ব্যবস্থাপনা: পোকামাকড় বা ক্ষতিকর প্রাণী ব্যবস্থাপনা,কোন বিষ ব্যবহার না করে খুবই কম খরচে ইঁদুর তাড়ানো সম্ভব হবে।,https://objectstorage.ap-dcc-gazipur-1.oraclecloud15.com/n/axvjbnqprylg/b/V2Ministry/o/office-bari/2024/12/26c584aa513c4e7b9b7cc65b0f81fd94.pdf,-2.087890625,মারাত্মক আক্রমণে পাতা শুকিয়ে মারা যায়।,-3.984375
1000,কাসাভা বিষয়ে কন্দ সংগ্রহের সময় সম্পর্কে কী তথ্য আছে?,90,কাসাভা: ফসল সংগ্রহ,চারা রোপণের ৭ মাস পর থেকে কাসাভা গাছ থেকে কন্দ সংগ্রহ করা যায়।,https://objectstorage.ap-dcc-gazipur-1.oraclecloud15.com/n/axvjbnqprylg/b/V2Ministry/o/office-bari/2024/12/26c584aa513c4e7b9b7cc65b0f81fd94.pdf,4.58984375,92,কাসাভা: ফসল সংগ্রহ,কাসাভার সবচেয়ে বড় সুবিধা হল কন্দ গাছের সাথে সংরক্ষিত থাকে এবং প্রয়োজনমত সংগ্রহ করা যায় তবে ৯-১০ মাসের পর থেকে তিতা হয়ে যায়।,https://objectstorage.ap-dcc-gazipur-1.oraclecloud15.com/n/axvjbnqprylg/b/V2Ministry/o/office-bari/2024/12/26c584aa513c4e7b9b7cc65b0f81fd94.pdf,3.6640625,85,কাসাভা: ফসল সংগ্রহ,কাণ্ড থেকে কাটিং সংগ্রহ করার পর কাটিংগুলিকে একত্রিত করে পলিথিন ব্যাগে মুড়িয়ে ছায়াযুক্ত স্থানে ৩ থেকে ৫ দিন রেখে দিলে স্প্রাউটিং তাড়াতাড়ি হয়।,https://objectstorage.ap-dcc-gazipur-1.oraclecloud15.com/n/axvjbnqprylg/b/V2Ministry/o/office-bari/2024/12/26c584aa513c4e7b9b7cc65b0f81fd94.pdf,0.8828125,চারা রোপণের ৭ মাস পর থেকে কাসাভা গাছ থেকে কন্দ সংগ্রহ করা যায়।,3.548828125
