id,question,gold
1,আলু কীভাবে সংরক্ষণ করতে হবে?,অস্থায়ী শেড থেকে বাছাই শেষে বিক্রির জন্য বিক্রয় করা অথবা সংরক্ষণের জন্য কোল্ড ষ্টোরে রাখা যাবে।
2,লটকন চাষে বপন বা রোপণের দূরত্ব কত?,রোপণ দূরত্ব ৮ মিটার × ৮ মিটার।
3,মরিচ চাষে পানি নিষ্কাশনের ব্যবস্থা কেমন হওয়া উচিত?,"মরিচ সাধারণত উঁচু এবং মাঝারি উঁচু জমিতে ভাল হয়, কিন্তু পানি নিষ্কাশনের ভাল ব্যবস্থা থাকলে মাঝারি বা মাঝারি নিচু জমিতেও চাষ করা যেতে পারে।"
4,মরিচের সাথে পাতা জাতীয় সবজি আন্তঃফসলের আগাছা বেশি হলে নিড়ানি সম্পর্কে কী নির্দেশনা আছে?,যদি আগাছা বেশি থাকে তাহলে নিড়ানী বেশি দিতে হবে।
5,বার্লির চারা পাতলা করার দূরত্ব কত?,চারা গজানোর ২-৩ সপ্তাহের মধ্যে ৮-১০ সে.মি. দূরত্বে একটি করে চারা রেখে বাকি চারা তুলে পাতলা করে দিতে হবে।
6,বারি চিয়া ১-এর হাজার দানার ওজন কত?,হাজার দানার ওজন ১.২ গ্রাম।
7,চীনাবাদাম সম্পর্কে কম তাপমাত্রার প্রভাব বিষয়ে কী বলা হয়েছে?,রবি মৌসুমে তাপমাত্রা কম থাকলে গাছের বৃদ্ধি খুব ধীরগতিতে হয়।
8,সুপারি চারা লাগানোর কত বছর পর ফলন শুরু হয়?,সুপারির চারা লাগানোর পর সঠিক ভাবে যত্ন নিলে ৪-৫ বৎসরের মধ্যেই ফলন আসতে শুরু করে।
9,বার্লি ছিটানো পদ্ধতিতে বীজের হার কত?,ছিটিয়ে বপন করলে প্রতি হেক্টরে ৭০ কেজি বীজ প্রয়োজন হয়।
10,মাঠের ইঁদুর ব্যবস্থাপনা বিষয়ে ইঁদুর তাড়ানোর কার্যকারিতা সম্পর্কে কী তথ্য আছে?,এ পদ্ধতিতে প্রায় ৭০ ভাগ ইঁদুর কার্যকর ভাবে তাড়ানো যাবে।
11,গম-পাট-রোপা আমন ফসল বিন্যাস সম্পর্কে চারা রোপণের পর নিড়ানির সময় বিষয়ে কী বলা হয়েছে?,চারা রোপণের ১৫ দিন পর একবার ও ৩০ দিন পর দ্বিতীয়বার নিড়ানি দিতে হবে।
12,বারি চীনাবাদাম-১২-এর বীজ বা দানার বৈশিষ্ট্য কী?,দানার আকার বড় হওয়ায় বেকারীতে ব্যবহার উপযোগী।
13,সুপারি বিষয়ে সারি ও চারার দূরত্ব সম্পর্কে কী তথ্য আছে?,বগার্কৃতি পদ্ধতিতে সারি থেকে সারির দূরত্ব ২.৫ মিটার এবং চারা থেকে চারার দূরত্ব ২.৫ মিটার।
14,বারি বার্লি-১০ বিষয়ে পরিপক্বতার সময় সম্পর্কে কী তথ্য আছে?,পরিপক্ক হতে ৯৫-১০৫ দিন সময় লাগে।
15,পানিকচু সম্পর্কে চারা রোপণের বিষয়ে কী বলা হয়েছে?,বাণিজ্যিকভাবে চাষাবাদের জন্য অগ্রহায়ণ-পৌষ মাস চারা রোপণের উপযুক্ত সময়।
16,কাসাভার ফলনের ওপর সেচের প্রভাব কী?,কাসাভা খরা সহ্যকারী গাছ হলেও প্রয়োজনীয় সেচের ব্যবস্থা থাকলে ফলন অনেক বৃদ্ধি পায়।
17,মরিচের চারা সম্পর্কে কী তথ্য দেওয়া হয়েছে?,চারার পরিচর্যা: চারার বয়স ৩০-৩৫ দিন হলে জমিতে লাগানোর উপযোগী হয়।
18,বারি আলু-১০৩-এর কন্দের চামড়া ও শাঁসের রং কেমন?,"আলুর চামড়া মসৃণ ও রং হলুদ, শাঁসের রং ক্রিম, চোখ অগভীর ও চোখ আলুতে সমভাবে বিন্যস্ত।"
19,চর এলাকায় বিনা চাষে পেঁয়াজের সেচ সম্পর্কে কী বলা হয়েছে?,সেচ ব্যবস্থাপনা: চর এলাকায় মাটির অবস্থাভেদে ৮-১০ বার সেচের প্রয়োজন হয়।
20,মাঠের ইঁদুর ব্যবস্থাপনা সম্পর্কে ইঁদুর তাড়ানোর কার্যকারিতা বিষয়ে কী বলা হয়েছে?,এ পদ্ধতিতে প্রায় ৭০ ভাগ ইঁদুর কার্যকর ভাবে তাড়ানো যাবে।
21,সুপারি: প্রতিটি বীজতলা মিটার চওড়া প্রসঙ্গে কী তথ্য আছে?,প্রতিটি বীজতলা ১-১.৫ মিটার চওড়া এবং ৩ মিটার লম্বা হওয়া উচিত।
22,পানিকচুর জমি আগাছামুক্ত রাখার নির্দেশনা কী?,পানিকচুর জমি সবসময় আগাছামুক্ত রাখতে হবে।
23,সুপারির জন্য কত বীজ প্রয়োজন?,প্রতি হেক্টরে বীজের হার ৭০-৮০ কেজি (খোসাসহ কাঁচা সুপারি)।
24,বারি আলু-১০৩-এর শুষ্ক পদার্থের পরিমাণ কত?,শুষ্ক পদার্থ ২০% এর উপরে যা অনুকূল পরিবেশে ২২% পর্যন্ত হয়।
25,কাঁঠাল সম্পর্কে স্বল্প সময়ের জলাবদ্ধতায় মারা প্রসঙ্গে উৎসে কী বলা হয়েছে?,স্বল্প সময়ের জলাবদ্ধতায় গাছ মারা যায়।
26,বারি পানিকচু-৯ সম্পর্কে লতির গড় সংখ্যা ও গড় ওজন বিষয়ে কী বলা হয়েছে?,গাছ প্রতি লতির গড় সংখ্যা ৩০ টি এবং গড় ওজন ৮০০ গ্রাম।
27,মরিচের মাটির পিএইচ সম্পর্কে কী বলা হয়েছে?,পিএইচ মাত্রা ৬.৫-৭.০ এবং ভাল-নিষ্কাশিত উর্বর বেলে-দোআঁশ বা পলিযুক্ত দোআঁশ মাটি ফসলটির জন্য সবচেয়ে উপযোগী।
28,বারি আলু-১০১-এর অঙ্কুরের বৈশিষ্ট্য কী?,"অঙ্কুর মাঝারি আকারের ও কনিক্যাল আকৃতির, গোড়ার দিকে বেশি পরিমাণে এন্থোসায়ানিন আছে ও বেশি লোমযুক্ত।"
29,লটকন বিষয়ে গর্তে চারা বসানোর পদ্ধতি সম্পর্কে কী তথ্য আছে?,চারা গর্তের ঠিক মাঝখানে খাড়াভাবে লাগাতে হবে এবং চারার চারিদিকের মাটি হাত দিয়ে চেপে ভালভাবে বসিয়ে দিতে হবে।
30,বারি সুপারি-২ জাতের একটি খোসাসহ কাঁচা সুপারির ওজন কত?,খোসা সহ একক কাঁচা সুপারির গড় ওজন ৪০.০০ গ্রাম।
31,বারি কফি-১-এর রং-সংক্রান্ত বৈশিষ্ট্য কী?,উভয় প্রকার কফির ফুল সাদা রঙের হয়।
32,সুপারি চাষে বীজের হার কত?,প্রতি হেক্টরে বীজের হার ৭০-৮০ কেজি (খোসাসহ কাঁচা সুপারি)।
33,জোয়ার মাটি ও জমি নির্বাচন সম্পর্কে কী বলা হয়েছে?,"জোয়ার এমন একটি ফসল যা কম উর্বর, অধিক কাদাযুক্ত অগভীর মাটি যেখানে ভুট্টা উৎপাদন সহজ নয় সে সকল জমিতে চাষাবাদ হয়।"
34,পালংশাকের কম্পোস্ট ব্যবস্থাপনা কখন বপন করা উচিত?,প্রযুক্তি ব্যবহারের তথ্য: শস্য: পালংশাক; জাত: বারি পালংশাক-২; বপনের সময়: ১৫-৩০ নভেম্বর।
35,লটকন চারা লাগানোর পর খুঁটির সঙ্গে কী করতে হবে?,তারপর চারাটি খুঁটির সাথে বেঁধে দিতে হবে এবং চারার গোড়ায় ঝাঁঝরি দিয়ে পানি দিতে হবে।
36,মাঠের ইঁদুর ব্যবস্থাপনা বিষয়ে সমন্বিত ইঁদুর ব্যবস্থাপনার সম্পর্কে কী তথ্য আছে?,সমন্বিত ইঁদুর ব্যবস্থাপনার একটি উপায় হিসাবে এটি ব্যবহার করা যাবে।
37,বারি আলু-১০১-এর ব্যবহার বা উপযোগিতা সম্পর্কে কী বলা হয়েছে?,আলুর জাত বারি আলু-১০১ (ব্ল্যাকবেরী) জাতটি চিপস প্রক্রিয়াজাতকরণ আলু হিসাবে উপযোগী।
38,বারি মরিচ-৬-এর পাতা সম্পর্কে কী তথ্য আছে?,কাণ্ড ও পাতার অক্ষ কালচে রং দ্বারা আবৃত থাকে।
39,সুপারির উপযুক্ত মাটির ধরন কী?,"সুপারি চাষের জন্য উর্বর ও মাঝারি ধরনের মাটি অর্থাৎ হালকা বুনটের মাটি উত্তম, তবে বেলে দো-আঁশ মাটি সবচেয়ে উপযোগী।"
40,গম-পাট-রোপা আমন ফসল বিন্যাসের রোপণ পদ্ধতি সম্পর্কে কী বলা হয়েছে?,৮ থেকে ১০ সারি পরপর এক সারি বাদ দিয়ে চারা রোপণ করলে ধান গাছ পর্যাপ্ত আলো বাতাস পায়।
41,বারি কাঁঠাল-৫ সম্পর্কে কোষের রং ও গুণ বিষয়ে কী বলা হয়েছে?,"কোষ গুলি মোটামুটি শক্ত, রস যুক্ত, গাঢ় হলুদ বর্ণের হয় এবং বেশ সুমিষ্ট (টিএসএস-২৭.৪%)।"
42,চীনাবাদাম বিষয়ে বাদামের খোসার শিরা-উপশিরা সম্পর্কে কী তথ্য আছে?,বাদামের খোসার শিরা উপশিরাগুলো সুস্পষ্ট দেখা যায়।
43,চর এলাকায় বিনা চাষে পেঁয়াজের চারা সম্পর্কে কী তথ্য দেওয়া হয়েছে?,অনেক সময় আর্দ্রতার পরিমাণ বেশি হলে কিছু বীজ নষ্ট হয়ে যায় অথবা চারা গজানোর পর চারার গোঁড়া পচে হলুদ হয়ে মরে যায় যা ফিউজেরিয়াম ছত্রাকের কারণে হয়ে থাকে।
44,গম-পাট-রোপা আমন ফসল বিন্যাস চাষে কোন সার কত পরিমাণে দিতে হবে?,সেচসহ চাষের ক্ষেত্রে চারার তিন পাতা বয়সে প্রথম সেচের পর হেক্টরপ্রতি ৭৫-৯০ কেজি ইউরিয়া উপরি প্রয়োগ করতে হবে।
45,বারি কফি-১-এর বীজ বা দানার বৈশিষ্ট্য কী?,বিন/বীজ গোলাকৃতির সবুজাভ বাদামী রং ধারণ করে।
46,জোয়ার চাষের জন্য উপযুক্ত মাটির পিএইচ কত?,খরাযুক্ত জমিতে (পিএইচ ৫.৫-৮.৫) জোয়ার ভালো হয়।
47,গম-পাট-রোপা আমন ফসল বিন্যাসের আয়-ব্যয় বা মুনাফা সম্পর্কে কী তথ্য আছে?,কৃষক ১টি ফসল বেশি করার ফলে এই উন্নত ফসল বিন্যাসে নীট মুনাফা প্রায় শতকরা ২৫ ভাগ বৃদ্ধি পেয়েছে।
48,সুপারি সম্পর্কে খোলামেলা সেচের সুবিধা হালকা প্রসঙ্গে উৎসে কী বলা হয়েছে?,"খোলামেলা, সেচের সুবিধা আছে এমন হালকা বুনটের মাটিতে বীজতলা করা উচিত।"
49,সুপারি: খোলামেলা সেচের সুবিধা হালকা প্রসঙ্গে কী তথ্য আছে?,"খোলামেলা, সেচের সুবিধা আছে এমন হালকা বুনটের মাটিতে বীজতলা করা উচিত।"
50,চর এলাকায় বিনা চাষে পেঁয়াজ কখন বা কীভাবে সংগ্রহ করতে হবে?,সাধারণত বীজ বপনের ৩-৪ মাসের মধ্যে পেঁয়াজের বাল্ব তোলার উপযুক্ত হয়।
51,চুইঝালের জলাবদ্ধতা ও পানি নিষ্কাশন সম্পর্কে কী নির্দেশনা আছে?,গাছ জলাবদ্ধতা সহ্য করতে পারে না বিধায় নিচু বা পানি জমে থাকে এরূপ জায়গায় চুইঝালের গাছ না লাগানোই উত্তম।
52,বারি কফি-১ সম্পর্কে হেক্টরপ্রতি চারার সংখ্যা বিষয়ে কী বলা হয়েছে?,১ হেক্টর জমিতে এরাবিকার জন্য ২০০০টি চারা এবং রোবাস্টার জন্য ১১১২টি চারা প্রয়োজন হয়।
53,বারি বার্লি-১০ সম্পর্কে পরিপক্বতার সময় বিষয়ে কী বলা হয়েছে?,পরিপক্ক হতে ৯৫-১০৫ দিন সময় লাগে।
54,বারি সুপারি-১-এর গাছের উচ্চতা কত?,গাছের গড় উচ্চতা (৫০ বছর বয়সে) ১০.৭৭ মি।
55,জারবেরার টিস্যু কালচার চারা উৎপাদন ও পরিচর্যায় কী নির্দেশনা আছে?,বৈশিষ্ট্য সমূহ অধিক সংখ্যক সুস্থ সবল ও রোগমুক্ত জারবেরা চারা পাওয়া যায়।
56,মেটে আলু কখন বা কীভাবে সংগ্রহ করতে হবে?,যখন অধিকাংশ পাতা হলুদ বর্ণ ধারণ করে অথবা লতা সম্পূর্ণরূপে শুকিয়ে যায় তখন মেটে আলু উত্তোলনের উত্তম সময়।
57,মরিচের সাথে পাতা জাতীয় সবজি আন্তঃফসল বপন বা রোপণে কী দূরত্ব রাখতে হয়?,"বপন/রোপণ দূরত্ব মরিচের স্বাভাবিক সারি (৬০ সেমি × ৫০ সেমি),পাতা জাতীয় সবজি (২০ সেমি) বপন/রোপণ পদ্ধতি দুই সারি মরিচের মাঝে দুই সারিপাতা জাতীয় সবজির বীজ বপন করা হয়।"
58,বারি সোলার টানেল ড্রায়ার সংরক্ষণ সম্পর্কে কী নির্দেশনা আছে?,দ্রব্য একদিনে না শুকালে সেগুলো ড্রায়ারের ভিতরে রেখেই ড্রায়ারসহ নিরাপদ স্থানে সংরক্ষণ করা যেতে পারে।
59,বারি পানিকচু-৯-এর লতি সম্পর্কে কী বলা হয়েছে?,বারি পানিকচু-৯ এর প্রধান ভক্ষণযোগ্য অংশ হলো লতি।
60,ভালো ফলনের জন্য চিয়া চাষে কয়টি সেচ প্রয়োজন?,ভাল ফলন পেতে হলে অবশ্যই ২-৩টি সেচ দিতে হবে।
61,আগাম আলুর বারি আলু-৪১ ও বারি আলু-৯০ সম্পর্কে উন্নত ফসল বিন্যাসের বিষয়ে কী বলা হয়েছে?,উন্নত এই ফসল বিন্যাসের মাধ্যমে হেক্টর প্রতি মোট মুনাফা ১৯৯৮৬০/- টাকা যেখানে কৃষকের প্রচলিত ফসল বিন্যাসে এই মুনাফা মাত্র ১৭১৩১০/- টাকা।
62,মরিচ সম্পর্কে কাঁচা ও পাকা মরিচ সংগ্রহ বিষয়ে কী বলা হয়েছে?,প্রথম ও দ্বিতীয় বারের সংগৃহীত ফসল কাঁচা মরিচ হিসেবে এবং পরের মরিচ পাকা (লাল রং) হিসাবে সংগ্রহ করা হয়।
63,পালংশাকের কম্পোস্ট ব্যবস্থাপনার মাটি ও জমি নির্বাচন সম্পর্কে কী বলা হয়েছে?,"মাটির আয়তনী ঘনত্ব কমে যায়, পানি ধারণ ক্ষমতা ও জৈব পদার্থের পরিমাণ বাড়ায়।"
64,মসুর অণুজীব সার প্রযুক্তির উপযোগিতা সম্পর্কে কী বলা হয়েছে?,বাংলাদেশের মসুর ডাল উৎপাদনকারী সকল এলাকাসমূহে ব্যবহার করা যাবে।
65,গম-পাট-রোপা আমন ফসল বিন্যাসের চারা উৎপাদন ও পরিচর্যায় কী নির্দেশনা আছে?,গম: বীজ বপনের ১০-১২ দিন পর্যন্ত পাখি তাড়ানোর ব্যবস্থা রাখতে হবে যাতে বীজ বা চারার সংখ্যা সঠিক থাকে।
66,বারি চিনা-২-এর মাটি ও জমি নির্বাচন সম্পর্কে কী বলা হয়েছে?,বারি চিনা-২ উৎপাদন প্রযুক্তি জমি নির্বাচন ও তৈরি: পানি জমে না এমন বেলে দোআঁশ বা দোআঁশ মাটি চিনা চাষের জন্য উপযুক্ত।
67,চীনাবাদামের উপযোগী তাপমাত্রা সম্পর্কে কী তথ্য আছে?,চীনাবাদাম চাষে মধ্যম বৃষ্টিপাত (৫০০-১০০০ মি.মি.) ও তুলনামূলকভাবে অধিক তাপমাত্রা দরকার হয়।
68,চিয়া চাষে সেচ কতটা প্রয়োজন?,চিয়া মূলত মরুভূমির উদ্ভিদ যা অল্প সেচে জন্মাতে পারে।
69,বার্লির ব্যবহার বা উপযোগিতা সম্পর্কে কী বলা হয়েছে?,বিশেষ প্রক্রিয়াজাতকরণের প্রয়োজন হয় না।
70,কাঁঠালের সেচ দেওয়ার ব্যবধান কত?,"ডিসেম্বর থেকে মে মাস পর্যন্ত শুকনো মৌসুমে ১৫ দিন অন্তর রূপান্তরিত বেসিন পদ্ধতিতে পানি সেচ দিলে কচি ফল ঝরা কমে, ফলন ও ফলের গুণগত মানবৃদ্ধি পায়।"
71,বারি কফি-১-এর গাছের গঠন বা বৃদ্ধির বৈশিষ্ট্য কী?,কফি গাছের সঠিক আকৃতি প্রদান এবং অপ্রয়োজনীয় ডালপালা সরানোর জন্য ছাটাই করা হয়।
72,গম-পাট-রোপা আমন ফসল বিন্যাস বিষয়ে ইউরিয়া উপরি প্রয়োগের তিন সময় সম্পর্কে কী তথ্য আছে?,"ইউরিয়া তিন কিস্তিতে চারা রোপণের ৭-১০ দিন, ২০-২৫ দিন এবং ৩৫-৪০ দিন পর উপরি প্রয়োগ করতে হবে।"
73,মেটে আলু চাষে বপন বা রোপণের দূরত্ব কত?,গিট থেকে গিটের দূরত্ব ২০ সে.মি. (মাটি থেকে ১ মিটার এর মধ্যে)।
74,চুইঝাল চাষে গাছের গোড়া থেকে কত দূরে সার প্রয়োগ করতে হবে?,প্রতি বছর বর্ষার আগে ও পরে গাছের গোড়া থেকে ৫০ সেমি দূরে সার প্রয়োগ করতে হবে।
75,বারি চীনাবাদাম-১২ বীজ দেখতে কোন রঙের?,বীজের রং লালচে বাদামী বর্ণের।
76,বারি সুপারি-১-এর গাছ কতটা লম্বা হয়?,গাছের গড় উচ্চতা (৫০ বছর বয়সে) ১০.৭৭ মি।
77,বারি মরিচ-৬ সাধারণত কতদিনে জীবনচক্র সম্পন্ন করে?,খাওয়ার উপযোগী সংগ্রহকাল ১৫০-২৩০ দিন এবং বীজের জন্য জীবনকাল ২৫০-২৮০ দিন।
78,বারি লটকন-২-এর ফলন কত?,ত্রিশ বছর বয়সী প্রতিটি গাছে গড় ফলের সংখ্যা ২৮৫৮ টি এবং ফলন প্রতি বছরে ৬১.৫৭ কেজি/ গাছ এবং ৯.৬১ টন/হেক্টর।
79,জোয়ার সার প্রয়োগ সম্পর্কে কী বলা হয়েছে?,দ্বিতীয় ভাগ ইউরিয়া বীজ গজানোর ২৫-৩০ দিন পর উপরি প্রয়োগ করতে হয় তৃতীয় ভাগ গাছে ফুল আসার সময় দিতে হয়।
80,সয়াবিন-রোপা আউশ-রোপা আমন ফসল বিন্যাস সম্পর্কে পানি ধরে আগাছা কমানো বিষয়ে কী বলা হয়েছে?,জমিতে ৫-১০ সেমি পানি ধরে রাখলে আগাছার পরিমাণ কম হয়।
81,অড়হর গাছের বৃদ্ধি ও শাখা-প্রশাখা সম্পর্কে কী বলা হয়েছে?,"অড়হরের গাছ ২-৩ মিটার লম্বা, ঝোঁপালো ও ডালপালা যুক্ত হয় বলে সারি করে বপন করতে হবে।"
82,সুপারি চাষের জন্য কী ধরনের মাটি উপযোগী?,"সুপারি চাষের জন্য উর্বর ও মাঝারি ধরনের মাটি অর্থাৎ হালকা বুনটের মাটি উত্তম, তবে বেলে দো-আঁশ মাটি সবচেয়ে উপযোগী।"
83,সুপারির সার প্রয়োগ সম্পর্কে কী বলা হয়েছে?,"বীজতলার জমির উর্বরতা অনুযায়ী হেক্টরপ্রতি ১৫-২০ টন গোবর বা জৈব সার প্রয়োগ করতে হবে, তবে কোনো রাসায়নিক সার প্রয়োগের প্রয়োজন নেই।"
84,বারি অড়হর-১-এর পাতা সম্পর্কে কী তথ্য আছে?,পাতা গাঢ় সবুজ এবং ফুলের রং গাঢ় হলুদ।
85,কাঁঠাল বিষয়ে বর্ষায় পানি নিষ্কাশন সম্পর্কে কী তথ্য আছে?,বর্ষা মৌসুমে বৃষ্টির পানি দ্রুত নিষ্কাশনের সুব্যবস্থা করা আবশ্যক।
86,মরিচের সাথে পাতা জাতীয় সবজি আন্তঃফসল কখন বা কীভাবে সংগ্রহ করতে হবে?,চারা রোপণের ৭০-৭৫ দিন পর মরিচ উত্তোলন শুরু হয় এবং প্রায় ৫-৬ বার কাঁচা মরিচ উত্তোলন করা যায়।
87,চিনা বপন বা রোপণে কী দূরত্ব রাখতে হয়?,৬-৮ সেমি দূরত্বে একটি করে চারা রেখে মাঝের চারাগুলো তুলে ফেলতে হবে।
88,চুইঝাল বিষয়ে শুকনা চুইঝাল গুঁড়া করে সংরক্ষণ সম্পর্কে কী তথ্য আছে?,শুঁকানো টুকরোগুলোকে মেশিনে গুড়ো করে প্যাকেট বা কৌটায় সংরক্ষণ করা হয়।
89,বার্লি চারা পাতলা করার সময় কত দূরত্বে একটি চারা রাখতে হবে?,চারা গজানোর ২-৩ সপ্তাহের মধ্যে ৮-১০ সে.মি. দূরত্বে একটি করে চারা রেখে বাকি চারা তুলে পাতলা করে দিতে হবে।
90,চুইঝাল বিষয়ে পানি নিষ্কাশন সম্পর্কে কী তথ্য আছে?,দো-আঁশ ও বেলে দো-আঁশ মাটি এবং পানি নিষ্কাশনের সুবিধাযুক্ত ও ছায়াময় উঁচু জমিতে সাধারণত চুইঝাল চাষ করা হয়।
91,পানিকচু কখন রোপণ করা উচিত?,আগাম ফসলের জন্য কার্তিক ও নাবী ফসলের জন্য মধ্য ফাল্গুন থেকে মধ্য বৈশাখ মাসে লাগানো যায়।
92,চীনাবাদামের অতিরিক্ত কম বা বেশি তাপমাত্রার প্রভাব কী?,২০ ডিগ্রি সে. তাপমাত্রার নীচে বৃদ্ধির ব্যাঘাত ঘটে এবং ৩৫ ডিগ্রি সে. তাপমাত্রার অধিক ফুল ধরার অসুবিধা হয়।
93,বেগুনের সাথে পেঁয়াজ ও রসুন আন্তঃফসলের ব্যবহার বা উপযোগিতা সম্পর্কে কী বলা হয়েছে?,বেগুনের সারি থেকে সারির দূরত্ব বেশি হওয়ায় এর মাঝে অতি সহজেই পেঁয়াজ এবং রসুন আবাদ করা সহজ।
94,চুইঝাল সম্পর্কে পানি নিষ্কাশন বিষয়ে কী বলা হয়েছে?,দো-আঁশ ও বেলে দো-আঁশ মাটি এবং পানি নিষ্কাশনের সুবিধাযুক্ত ও ছায়াময় উঁচু জমিতে সাধারণত চুইঝাল চাষ করা হয়।
95,পানিকচু চাষে পানি জমে থাকা নিয়ে কী বলা হয়েছে?,পানিকচু একটি জলজ উদ্ভিদ হলেও দীর্ঘ সময়ধরে জলাবদ্ধতা সহ্য করতে পারে না।
96,বারি অড়হর-১-এর পাতার বৈশিষ্ট্য কী?,পাতা গাঢ় সবুজ এবং ফুলের রং গাঢ় হলুদ।
97,অড়হর সম্পর্কে কাঁচা ফল সংগ্রহের সময় বিষয়ে কী বলা হয়েছে?,কাঁচা ফল সব্জি হিসাবে ব্যবহারের জন্য বীজ পরিপক্ক হওয়ার ৩০-৪০ দিন পূর্বে হাত দিয়ে তুলে ফল সংগ্রহ করা যায়।
98,মুখীকচু বপন বা রোপণে কী দূরত্ব রাখতে হয়?,একক সারি পদ্ধতিতে রোপণ দূরত্ব: ৬০ সেমি × ৩৫ সেমি।
99,বারি আলু-১০৩-এর কন্দের রং সম্পর্কে কী বলা হয়েছে?,"আলুর চামড়া মসৃণ ও রং হলুদ, শাঁসের রং ক্রিম, চোখ অগভীর ও চোখ আলুতে সমভাবে বিন্যস্ত।"
100,বারি পাটের আঁশ ছাড়ানো যন্ত্র কীভাবে সংরক্ষণ করতে হবে?,বহির্গমন ট্রেতে সংগৃহীত পাটের আঁশ সংগ্রহ করে ভাঁজ করে সংরক্ষণ করুন।
101,বারি পানিকচু-৮ সম্পর্কে রান্নার পর লতির বৈশিষ্ট্য বিষয়ে কী বলা হয়েছে?,রান্না করলে লতি সমানভাবে সিদ্ধ হয় এবং খেতে অত্যন্ত সুস্বাদু।
102,মসুর অণুজীব সার সেচ ব্যবস্থাপনায় কী নির্দেশনা আছে?,জমিতে পর্যাপ্ত 'জো' না থাকলে বীজ বপনের পর জমিতে সেচ দিতে হবে।
103,বারি কফি-১-এর চারা পরিচর্যায় খুঁটি ব্যবহারের নির্দেশনা কী?,বর্ষা মৌসুমের বাতাস থেকে রক্ষার জন্য চারাকে খুঁটির সাথে বেঁধে দিতে হবে।
104,জোয়ার চাষে বীজের হার কত?,বীজের পরিমাণ হেক্টর প্রতি ১০ কেজি।
105,চিয়া সম্পর্কে চিয়াবীজ শরবত হিসেবে ব্যবহার বিষয়ে কী বলা হয়েছে?,চিয়াবীজকে সারারাত পানিতে ভিজিয়ে সহজেই শরবত হিসেবে খাওয়া যায়।
106,বারি কফি-১-এর ফলের দৈর্ঘ্য ও প্রস্থ বা ব্যাস কত?,ফলের গড় দৈর্ঘ্য ১.৩০ সে.মি. এবং প্রস্থ ১.২০ সে.মি.।
107,চীনাবাদাম চাষে তাপমাত্রা সম্পর্কে কী বলা হয়েছে?,চীনাবাদাম চাষে মধ্যম বৃষ্টিপাত (৫০০-১০০০ মি.মি.) ও তুলনামূলকভাবে অধিক তাপমাত্রা দরকার হয়।
108,"মাঠের ইঁদুর ব্যবস্থাপনা বিষয়ে মানব স্বাস্থ্য, মাটি ও পরিবেশে প্রভাব সম্পর্কে কী তথ্য আছে?","মানব স্বাস্থ্য, মাটি ও পরিবেশের কোন ক্ষতি হবে না।"
109,চর এলাকায় বিনা চাষে পেঁয়াজ বিষয়ে শুকনো বালু ব্যবহারের সুবিধা সম্পর্কে কী তথ্য আছে?,শুকনো বালু ব্যবহারের সুবিধা হলো এটি দ্রুত পেঁয়াজের বীজ এর আশে পাশের মাটির অতিরিক্ত আর্দ্রতা শোষণ করে নেয় যার ফলে ছত্রাকের আক্রমণ কমে যায় এবং মাঠে কাঙ্ক্ষিত চারা পাওয়া যায়।
110,অড়হর থেকে হেক্টরপ্রতি কত বীজ পাওয়া যায়?,অড়হর জাতের বীজের ফলন প্রতি হেক্টরে ১.৫-১.৮ টন।
111,পানিকচুর জলাবদ্ধতা ও পানি নিষ্কাশন সম্পর্কে কী নির্দেশনা আছে?,পানিকচু একটি জলজ উদ্ভিদ হলেও দীর্ঘ সময়ধরে জলাবদ্ধতা সহ্য করতে পারে না।
112,চীনাবাদাম বিষয়ে পানি নিষ্কাশনের জন্য নালা সম্পর্কে কী তথ্য আছে?,শেষ চাষের সময় মই দিয়ে মাটি সমান করে জমির চারপাশ দিয়ে নালার ব্যবস্থা করতে হবে; যাতে পরবর্তীতে সেচ ও অতিরিক্ত বৃষ্টির কারণে পানি নিষ্কাশনে সুবিধা হয়।
113,মেটে আলুর সারের মাত্রা সম্পর্কে কী তথ্য আছে?,"হেক্টরপ্রতি ২০ টন গোবর বা খামারজাত সার ও ২ টন ছাই, ২৬০ কেজি ইউরিয়া, ৩০০ কেজি টিএসপি এবং ১৬০ কেজি এমপি সার প্রয়োগ করতে হবে।"
114,কাঁঠালের সেচ সম্পর্কে কী বলা হয়েছে?,চারা রোপণের পর প্রয়োজন মতো পানি সেচ ও বেড়ার ব্যবস্থা করতে হবে।
115,বারি ডাঁটা-৪-এর ব্যবহার বা উপযোগিতা সম্পর্কে কী বলা হয়েছে?,বীজ বপনের ৩০ দিন পর থেকে পাতা শাক হিসেবে এবং ৪২ দিন পর থেকে ডাঁটা খাওয়ার উপযোগী হয়।
116,চীনাবাদাম কীভাবে চাষ বা বপন করতে হবে?,জমিতে ভালভাবে চাষ দিয়ে মাটিতে 'জোঁ' থাকা অবস্থায় লাঙ্গল দিয়ে ২.৫-৩.৫ সে.মি. গভীর নালা টেনে তাতে বীজ বুনে মাটি দিয়ে ঢেকে দিতে হবে।
117,টমেটোর সমন্বিত আগাছা ব্যবস্থাপনার চারা রোপণের পর সেচ দেওয়ার সময়সূচি কী?,"সেচ চারা রোপণের ৩-৪ দিন পর পর্যন্ত হালকা সেচ ও চারা রোপণের ১০,২৫ ও ৪০ দিন পর সার প্রয়োগের পর জমিতে সেচ দিতে হবে।"
118,বারি পানিকচু-৮-এর ফলন কত?,প্রতি হেক্টরে লতির গড় ফলন ২৫ টন এবং রাইজোমের গড় ফলন প্রায় ২৪ টন।
119,চিনার জমিতে পানি জমা ঠেকাতে কী করতে হবে?,সেচের পানি ক্ষেতে জমে যাতে ফসলের ক্ষতি করতে না পারে সে জন্য পানি নিষ্কাশনের ব্যবস্থা থাকা দরকার।
120,বারি বার্লি-১০-এর পরিপক্বতার সময় কত?,লবণাক্ততা সহনশীল (১০ ডিএস/মি.) লবণাক্ত জমিতে গড়ে ২.০-২.৪০ টন/হেক্টর ফলন দিতে সক্ষম এবং পরিপক্ক হতে ৮০-৮৬ দিন সময় লাগে।
121,বারি সুপারি-২-এর রোগ দমন বা সহনশীলতা সম্পর্কে কী বলা হয়েছে?,রোগ ও পোকামাকড়ের আক্রমণ অনেক কম পরিলক্ষিত হয়।
122,চিয়া কোথায় বা কী কাজে উপযোগী?,চিয়ার বীজ সহজে হজম যোগ্য হওয়ায় সম্পূর্ণ দানা খাওয়া যায়।
123,গম-পাট-রোপা আমন ফসল বিন্যাস কখন বা কীভাবে সংগ্রহ করতে হবে?,গম গাছ সম্পূর্ণ পেকে হলুদ বর্ণ ধারণ করলে কাটার উপযুক্ত সময় হিসাবে গন্য হবে।
124,চীনাবাদাম চাষে বীজের হার কত?,হেক্টর প্রতি ১০০ কেজি বা একর প্রতি ৪০ কেজি খোসাসহ বীজের প্রয়োজন হয়।
125,বারি আলু-১০৪-এর গাছ কতটা লম্বা হয়?,গাছ মধ্যম উচ্চতা সম্পন্ন ইন্টারমিডিয়েট টাইপ এবং গড়ে ৩-৫টি কাণ্ড থাকে।
126,সয়াবিন-রোপা আউশ-রোপা আমন ফসল বিন্যাসের আগাছা ব্যবস্থাপনায় কী করতে বলা হয়েছে?,চারা রোপণের ১৫ দিন পর একবার ও ৩০ দিনের মাথায় ২য় বার নিড়ানী দিতে হবে।
127,জোয়ার চারা সম্পর্কে কী তথ্য দেওয়া হয়েছে?,বীজ বপনের পর চারা ঘন হলে চারা গজানোর পর পাতলা করে দিতে হবে।
128,বারি কাসাভা-১-এর কন্দ বা রাইজোমের বৈশিষ্ট্য কী?,টিউবার ঘন বাদামী এবং এর মাংসল সাদা বর্ণের হয়।
129,চুইঝালের চারা সম্পর্কে কী তথ্য দেওয়া হয়েছে?,লতার/শাখার মাধ্যমে উৎপাদিত চারার বৃদ্ধি ও ফলন দ্রুত হয়।
130,বারি ডাঁটা-৪ কোথায় বা কী কাজে উপযোগী?,বীজ বপনের ৩০ দিন পর থেকে পাতা শাক হিসেবে এবং ৪২ দিন পর থেকে ডাঁটা খাওয়ার উপযোগী হয়।
131,অড়হর কখন বপন করা উচিত?,এপ্রিল মাসের ২য় সপ্তাহ থেকে মে মাসের শেষ সপ্তাহ পর্যন্ত (বৈশাখ-জ্যৈষ্ঠ মাসের ২য় সপ্তাহ পর্যন্ত) বীজ বপনের উপযুক্ত সময়।
132,চীনাবাদাম কোন মৌসুমে চাষ করা হয় বা উপযোগী?,রবি মৌসুমে মাঝারি নিচু ও মাঝারি উঁচু এবং খরিফ মৌসুমে উঁচু জমি চীনাবাদাম চাষের জন্য উপযোগী।
133,সুপারি বিষয়ে সার ও সেচের আগে আগাছা পরিষ্কার সম্পর্কে কী তথ্য আছে?,সার ও সেচ দেয়ার আগে অবশ্যই আগাছা পরিষ্কার করতে হবে।
134,বারি চীনাবাদাম-১২-এর বীজ বা দানা সম্পর্কে কী তথ্য আছে?,দানার আকার বড় হওয়ায় বেকারীতে ব্যবহার উপযোগী।
135,সুপারি বিষয়ে রাসায়নিক সার ও জৈব সার সম্পর্কে কী তথ্য আছে?,যদি রাসায়নিক সার প্রয়োগের একমাস পূর্বে জৈব সার প্রয়োগ করা যায় তাহলে ভাল হয়।
136,"মাঠের ইঁদুর ব্যবস্থাপনা প্রযুক্তি মানুষ, উপকারী প্রাণী, মাটি বা পরিবেশের জন্য কতটা নিরাপদ?",প্রযুক্তি: কেরোসিন মিশ্রিত গোবরের বল দিয়ে মাঠের ইঁদুর তাড়ানো প্রযুক্তির বৈশিষ্ট্য এই পদ্ধতিতে মানুষ বা অন্য কোন উপকারী প্রাণীর ক্ষতি হয় না অর্থাৎ এটি একটি নিরাপদ পদ্ধতি।
137,বেগুনের সাথে পেঁয়াজ ও রসুন আন্তঃফসলের জমিতে পানি জমা ঠেকাতে কী করতে হবে?,পানি যাতে জমিতে না জমে থাকে সেজন্য পানি নিষ্কাশনের জন্য জমির চারপাশের পানি নিষ্কাশনের জন্য নালা রাখতে হবে।
138,কাসাভা সম্পর্কে কন্দের ফলন বিষয়ে কী বলা হয়েছে?,জাতটির কন্দের গড় ফলন ৫৪.৩১ টন/হেক্টর।
139,সুপারির বীজতলা প্রস্তুতি সম্পর্কে কী বলা হয়েছে?,প্রথমে বীজতলায় বীজ লাগিয়ে চারা উৎপাদন করতে হবে।
140,চিয়া চাষে কতটি সেচ দিতে হবে?,ভাল ফলন পেতে হলে অবশ্যই ২-৩টি সেচ দিতে হবে।
141,সুপারি সম্পর্কে সার ও সেচের আগে আগাছা পরিষ্কার বিষয়ে কী বলা হয়েছে?,সার ও সেচ দেয়ার আগে অবশ্যই আগাছা পরিষ্কার করতে হবে।
142,গম-পাট-রোপা আমন ফসল বিন্যাস সম্পর্কে ইউরিয়া বিষয়ে কী বলা হয়েছে?,রোপা আমন: ইউরিয়া ও অর্ধেক পটাশ সার বাদে অন্যান্য সকল সার শেষ জমি প্রস্তুতের সময় মাটির সাথে ভালভাবে মিশিয়ে দিতে হবে।
143,আলুর সংরক্ষণ সম্পর্কে কী নির্দেশনা আছে?,অস্থায়ী শেড থেকে বাছাই শেষে বিক্রির জন্য বিক্রয় করা অথবা সংরক্ষণের জন্য কোল্ড ষ্টোরে রাখা যাবে।
144,চুইঝালের কাণ্ডের বৈশিষ্ট্য কী?,অঙ্গজ প্রজনন বা লতা কাটিং পদ্ধতিতে এর কাণ্ড বা শাখা ৩০ থেকে ৩৫ সেন্টিমিটার লম্বা করে কেটে সরাসরি মাটিতে রোপণ করা হয়।
145,সুপারি সম্পর্কে রাসায়নিক সার ও জৈব সার বিষয়ে কী বলা হয়েছে?,যদি রাসায়নিক সার প্রয়োগের একমাস পূর্বে জৈব সার প্রয়োগ করা যায় তাহলে ভাল হয়।
146,বারি বার্লি-১০-এর গাছ কতটা লম্বা হয়?,গাছের উচ্চতা ৯০-৯৫ সে.মি.।
147,সুপারির জমি কীভাবে প্রস্তুত করতে হবে?,বীজতলার জমি ৪-৫ বার ভালভাবে চাষ দিয়ে আগাছা ও আবর্জনা পরিষ্কার করে ফেলতে হবে।
148,বারি আলু-১০১-এর কন্দের চামড়া ও শাঁসের রং কেমন?,"আলুর চামড়া মসৃণ ও রং বেগুনি, শাঁসের রং বেগুনি।"
149,বারি চিয়া ১-এর কাণ্ড সম্পর্কে কী তথ্য আছে?,এ লাইনটির কাণ্ড তুলনামূলকভাবে শক্ত ও মজবুত তাই ঝড়-বাতাসে সহজে হেলে ও ভেঙ্গে পড়েনা এবং তেমন রোগ ও পোকামাকড়ের আক্রমণ হয় না।
150,চুইঝাল সম্পর্কে পলিব্যাগে চারা তৈরির ক্ষেত্রে প্রসঙ্গে উৎসে কী বলা হয়েছে?,"পলিব্যাগে চারা তৈরির ক্ষেত্রে একটি, দুইটি বা তিনটি গিট সম্পন্ন লতার কাটিং নেয়া হয়।"
151,মরিচ বিষয়ে কাঁচা ও পাকা মরিচ সংগ্রহ সম্পর্কে কী তথ্য আছে?,প্রথম ও দ্বিতীয় বারের সংগৃহীত ফসল কাঁচা মরিচ হিসেবে এবং পরের মরিচ পাকা (লাল রং) হিসাবে সংগ্রহ করা হয়।
152,ডাঁটা চাষে জমি তৈরির সময় সার কীভাবে দিতে হবে?,জমি তৈরির সময় অর্ধেক পরিমাণ গোবর সার মাটিতে ভালভাবে মিশিয়ে দিতে হবে।
153,আলুর সার প্রয়োগ সম্পর্কে কী বলা হয়েছে?,"অর্ধেক ইউরিয়া, সম্পূর্ণ টিএসপি, এমওপি, জিপসাম, ম্যাগনেসিয়াম সালফেট ও বোরন সার রোপণের সময় সারির দুই পার্শ্বে বা জমিতে মিশিয়ে দিতে হবে।"
154,চুইঝাল কীভাবে সংরক্ষণ করতে হবে?,ফ্রিজ ছাড়াও চটের বস্তায় মুড়ে মাঝে মাঝে পানির ছিটা দিয়েও ৩০-৪০ দিন পর্যন্ত চুইঝাল সংরক্ষণ করা যায়।
155,পানিকচুর চারা সময়মতো লাগানো না গেলে কীভাবে রাখা উচিত?,মূল জমিতে চারা রোপণ করতে দেরি হলে পানিকচুর চারা ভেজা মাটি ও ছায়া যুক্ত স্থানে রেখে দিতে হবে।
156,বারি আলু-১০১-এর শুষ্ক পদার্থের পরিমাণ কত?,শুষ্ক পদার্থ ২০% এর উপরে যা অনুকূল পরিবেশে ২১% পর্যন্ত হয়।
157,বারি কফি-১-এর চারা উৎপাদন ও পরিচর্যায় কী নির্দেশনা আছে?,জাতভেদে রোপণ দূরত্বের উপর চারার সংখ্যা নির্ভর করে।
158,কফি সম্পর্কে কফির চারা তৈরির পদ্ধতি বিষয়ে কী বলা হয়েছে?,কফির চারা বীজ ও অঙ্গজ উপায়ে করা হয়ে থাকে।
159,মেটে আলু বিষয়ে মাদা তৈরির সময় সার প্রয়োগ সম্পর্কে কী তথ্য আছে?,"গোবর বা খামার জাত সার, ছাই ও টিএসপি সারের সবটুকু এবং অর্ধেক এমপি সার মাদা তৈরির সময় মাদার মাটির সাথে ভালভাবে মিশিয়ে দিতে হবে।"
160,সয়াবিন-রোপা আউশ-রোপা আমন ফসল বিন্যাস কোথায় বা কোন অঞ্চলে উপযোগী?,নোয়াখালী ও কৃষি পরিবেশ অঞ্চল-১৮ এর অনুরূপ অঞ্চল সমূহ।
161,গোল মরিচের দ্বি-নোড কাটিংের উপযুক্ত মাটির ধরন কী?,"পানি নিষ্কাশনের সুবিধা সম্পন্ন অম্লীয় উর্বর, দোঁয়াশ মাটি ও ছায়া যুক্ত স্থান গোল মরিচ চাষের জন্য বেশ উপযোগী।"
162,বারি লটকন-২-এর পাকা ফলের রং কেমন?,পাকা ফল দেখতে উজ্জ্বল হলুদ বর্ণের এবং টিএসএস ২০.৪৭ %।
163,সুপারির চারা উৎপাদন ও পরিচর্যায় কী নির্দেশনা আছে?,বীজ দ্বারা সুপারি গাছের বংশবিস্তার হয়ে থাকে।
164,মাঠের ইঁদুর ব্যবস্থাপনার পোকামাকড় বা ক্ষতিকর প্রাণী ব্যবস্থাপনায় কী বলা হয়েছে?,বাংলাদেশের সব এলাকায় সারা বছর ব্যবহার উপযোগী।
165,পানিকচুর চারা রোপণের সময় মাটি কতটা নরম করা উচিত?,চারা রোপণের জন্য মাটি কাদা করার সময় বেশি নরম করা যাবে না।
166,ঝাড়শিম চাষে পানি জমে থাকা নিয়ে কী বলা হয়েছে?,ফরাসী শিম জলাবদ্ধতা সহ্য করতে পারে না বিধায় সুনিষ্কাশিত জমি নির্বাচন করতে হবে।
167,ঝাড়শিমের হেক্টরপ্রতি চারার সংখ্যা কত?,"প্রতি হেক্টর জমিতে চারার প্রয়োজন ১,১১,১১১ (এক লক্ষ এগার হাজার একশত এগার) টি।"
168,বারি চিনা-২-এর জন্য কত বীজ প্রয়োজন?,ছিটিয়ে বুনলে হেক্টর প্রতি ২০ কেজি এবং সারিতে বুনলে ১৮ কেজি বীজ বুনতে হবে।
169,বারি অড়হর-১-এর কাণ্ডের বৈশিষ্ট্য কী?,গাছের কাণ্ড গোড়ার দিকে কাষ্ঠল বর্ণের এবং উপরের দিকে সবুজ।
170,বেগুনের সাথে পেঁয়াজ ও রসুন আন্তঃফসল কোথায় বা কী কাজে উপযোগী?,বেগুনের সারি থেকে সারির দূরত্ব বেশি হওয়ায় এর মাঝে অতি সহজেই পেঁয়াজ এবং রসুন আবাদ করা সহজ।
171,ছাদ বাগানের স্মার্ট সেচ বিষয়ে স্বয়ংক্রিয় সেচ সময় ও অন্তর নিয়ন্ত্রণ সম্পর্কে কী তথ্য আছে?,এভাবেই স্মার্ট সেচ পদ্ধতিটিতে সেচের সময় ও নির্দিষ্ট অন্তর স্বয়ংক্রিয় ভাবে নিয়ন্ত্রণ করা হয়।
172,বারি মেটে আলু-৩-এর শুষ্ক পদার্থ সম্পর্কে কী তথ্য আছে?,শুষ্ক পদার্থের পরিমাণ ২৮.৫৬ ± ১।
173,চুইঝাল সম্পর্কে শুকনা চুইঝাল গুঁড়া করে সংরক্ষণ বিষয়ে কী বলা হয়েছে?,শুঁকানো টুকরোগুলোকে মেশিনে গুড়ো করে প্যাকেট বা কৌটায় সংরক্ষণ করা হয়।
174,সুপারি সম্পর্কে সুপারির বীজতলা আংশিক ছায়াযুক্ত প্রসঙ্গে উৎসে কী বলা হয়েছে?,সুপারির বীজতলা আংশিক ছায়াযুক্ত হলে উত্তম।
175,সয়াবিন-রোপা আউশ-রোপা আমন ফসল বিন্যাসের সেচ ব্যবস্থাপনায় কী নির্দেশনা আছে?,সেচ প্রয়োগ: সয়াবিন: প্রথম সেচ বীজ বপনের ২০-২৫ দিনের মধ্যে (ফুল ধরার পূর্বে) এবং দ্বিতীয় সেচ বীজ বপনের ৫৫-৬০ দিনের মধ্যে (শুটি গঠনের সময়) দিতে হবে।
176,পানিকচু চারা রোপণের জন্য মাটি কাদা করার সময় কী সতর্কতা মানতে হবে?,চারা রোপণের জন্য মাটি কাদা করার সময় বেশি নরম করা যাবে না।
177,বারি সোলার টানেল ড্রায়ার বিষয়ে শুকানোর দ্রব্যগুলি ঠান্ডা সম্পর্কে কী তথ্য আছে?,শুকানোর পর দ্রব্যগুলি ঠান্ডা করে প্যাকেটজাত করে সংরক্ষণ করতে হবে।
178,মাঠের ইঁদুর ব্যবস্থাপনা: একদিন গর্তের খোলা মুখে প্রসঙ্গে কী তথ্য আছে?,একদিন পরে গর্তের খোলা মুখে আবার গোবরের বল দিতে হয়।
179,বারি ডাঁটা-৪ সম্পর্কে হেক্টর বীজের গড় বিষয়ে কী বলা হয়েছে?,"হেক্টর প্রতি বীজের গড় ফলন ৮০০-১,০০০ কেজি।"
180,কাঁঠালের চারা সম্পর্কে কী তথ্য দেওয়া হয়েছে?,ছোট অবস্থায় চারা/কলম লাগানোর পর অপ্রয়োজনীয় ছোট ছোট শাখা প্রশাখা কেটে দিলে সোজা কাণ্ড তৈরিতে সহায়ক হয়।
181,চর এলাকায় বিনা চাষে পেঁয়াজ চাষে কতদিন বা কত মাস পর্যন্ত আগাছা নিয়ন্ত্রণে রাখতে হবে?,চর এলাকায় পেঁয়াজ বীজ বপনের ২০-২৫ দিনের মধ্যে আগাছা দমনের ব্যবস্থা নিতে হবে।
182,লটকন বপন বা রোপণে কী দূরত্ব রাখতে হয়?,রোপণ দূরত্ব ৮ মিটার × ৮ মিটার।
183,মরিচের সাথে পাতা জাতীয় সবজি আন্তঃফসলের প্রযুক্তির উপযোগিতা সম্পর্কে কী বলা হয়েছে?,"প্রযুক্তিটি কুষ্টিয়া, যশোর, পাবনা, জামালপুরও কুমিলাজেলায় প্রয়োগ করা যেতে পারে।"
184,বারি আলু-১০১ কোথায় বা কী কাজে উপযোগী?,আলুর জাত বারি আলু-১০১ (ব্ল্যাকবেরী) জাতটি চিপস প্রক্রিয়াজাতকরণ আলু হিসাবে উপযোগী।
185,টমেটোর সমন্বিত আগাছা ব্যবস্থাপনার সার প্রয়োগ সম্পর্কে কী বলা হয়েছে?,"সম্পূর্ণ ইউরিয়া এবং এমওপি সার রোপণের ১০,২৫ ও ৪০ দিন পর তিনটি সমান ডোজে মাটিতে প্রয়োগ করতে হবে।"
186,আলুর টিউবার মথ ব্যবস্থাপনার আক্রমণের পর আক্রান্ত অংশের কী ক্ষতি হয়?,আক্রান্ত অংশে পরবর্তীতে রোগের আক্রমণ হতে পারে ফলে খাদ্য এবং বীজ হিসাবে ব্যবহারের অনুপযোগী হয়ে যায়।
187,জোয়ার বপন পদ্ধতি সম্পর্কে কী বলা হয়েছে?,জোয়ারের বীজ সারিতে বপন করা হয়।
188,বারি ঝাড়শীম-৪-এর বীজ বা দানার বৈশিষ্ট্য কী?,প্রতি পডে ৭-৯ টি বীজ থাকে এবং ১০০ টি বীজের ওজন ৯৭.২৭ গ্রাম।
189,বারি মরিচ-৬-এর ফুল সম্পর্কে কী তথ্য আছে?,ফুলের দল ও পুংকেশর হালকা বেগুনি রঙের।
190,ছাদ বাগানের স্মার্ট সেচ সম্পর্কে অপর দিকে ওয়াই বিষয়ে কী বলা হয়েছে?,অপর দিকে ওয়াই ফাই নিয়ন্ত্রিত সুইচ ব্যবহার করা হলে স্মার্ট মোবাইল ফোনের মাধ্যমে যেকোনো স্থান হতে সেচের সময় ও অন্তর সেট করে দেয়া যাবে।
191,চিনার সেচ ব্যবস্থাপনায় কী নির্দেশনা আছে?,কিন্তু সেচবিহীন চাষে সম্পূর্ণ সার চাষের সময় প্রয়োগ করলে ভাল ফলন পাওয়া যায়।
192,ছাদ বাগানের স্মার্ট সেচ বিষয়ে পানির ট্যাংকের ব্যবহার সম্পর্কে কী তথ্য আছে?,স্মার্ট সেচ পদ্ধতির আর্কিটেকচার স্মার্ট সেচ ব্যবস্থাপনা পদ্ধতিটির গুরুত্বপূর্ণ অংশসমূহের বর্ণনা পানির ট্যাংক ব্যবহার করা হয় যা ছাদে অবস্থিত থাকে।
193,মাঠের ইঁদুর ব্যবস্থাপনা কীভাবে সংরক্ষণ করতে হবে?,তৈরিকৃত গোবরের বল ১ মাস পর্যন্ত প্লাস্টিক জারে সংরক্ষণ করে ব্যবহার করা যায়।
194,মাঠের ইঁদুর ব্যবস্থাপনার সংরক্ষণ সম্পর্কে কী নির্দেশনা আছে?,তৈরিকৃত গোবরের বল ১ মাস পর্যন্ত প্লাস্টিক জারে সংরক্ষণ করে ব্যবহার করা যায়।
195,বারি মুখীকচু-৩-এর ফসল সংগ্রহের নির্দেশনা কী?,লাগানোর প্রায় ৭ থেকে ৯ মাস পর মুখীকচু সংগ্রহ করা যায়।
196,চীনাবাদাম চাষে কম ও বেশি তাপমাত্রা কী ধরনের সমস্যা করে?,২০ ডিগ্রি সে. তাপমাত্রার নীচে বৃদ্ধির ব্যাঘাত ঘটে এবং ৩৫ ডিগ্রি সে. তাপমাত্রার অধিক ফুল ধরার অসুবিধা হয়।
197,মাঠের ইঁদুর ব্যবস্থাপনা সম্পর্কে গর্তের ইঁদুর তাড়ানোর ফল বিষয়ে কী বলা হয়েছে?,সফলভাবে গর্তের ইঁদুর তাড়ানো যাবে।
198,মাঠের ইঁদুর ব্যবস্থাপনা সম্পর্কে প্রযুক্তিটি ব্যবহারে ক্ষতিকারক বিষয়ে কী বলা হয়েছে?,প্রযুক্তিটি ব্যবহারে ক্ষতিকারক রাসায়নিক কীটনাশক প্রয়োগের প্রয়োজন হয় না।
199,বারি কফি-১-এর গাছের বৃদ্ধি ও শাখা-প্রশাখা সম্পর্কে কী বলা হয়েছে?,কফি গাছের সঠিক আকৃতি প্রদান এবং অপ্রয়োজনীয় ডালপালা সরানোর জন্য ছাটাই করা হয়।
200,অড়হর ব্যবহার বা উপযোগিতা সম্পর্কে কী বলা হয়েছে?,"কিন্তু লবণাক্ত, ক্ষারযুক্ত এবং জলাবদ্ধ মাটি অড়হর চাষের জন্য উপযোগী নয়।"
201,বারি চুইঝাল-১ কখন সংগ্রহের উপযোগী হয় এবং ফলন সম্পর্কে কী তথ্য আছে?,বারি চুইঝাল-১ লাগানোর বা রোপণের ১.৫-২ বছরের মধ্যে ফসল সংগ্রহের উপযোগী হয়।
202,বারি কাঁঠাল-৫ ফল সাধারণত কত ওজনের হয়?,ফলের আকার মাঝারি এবং ফলের ওজন মোটামুটি ৪-৫ কিলো গ্রাম পর্যন্ত হয়ে থাকে।
203,ডাঁটার সেচ ব্যবস্থাপনায় কী নির্দেশনা আছে?,সেচের ব্যবস্থা থাকলে সারা বছরই ডাঁটার বীজ বপন করা যায়।
204,বারি মুখীকচু-৩ কখন বা কীভাবে সংগ্রহ করতে হবে?,লাগানোর প্রায় ৭ থেকে ৯ মাস পর মুখীকচু সংগ্রহ করা যায়।
205,সুপারি: সুপারির বীজতলা আংশিক ছায়াযুক্ত প্রসঙ্গে কী তথ্য আছে?,সুপারির বীজতলা আংশিক ছায়াযুক্ত হলে উত্তম।
206,মিষ্টি মরিচের জিংক ও বোরনের সার ব্যবস্থাপনায় কী নির্দেশনা আছে?,সিঞ্চন পদ্ধতিতে ০.০৫% জিংক এবং ০.০৩% বোরন গাছের তিনটি ভিন্ন বৃদ্ধি পর্যায়ে পাতায় দিতে হবে।
207,কফি সম্পর্কে সার প্রয়োগের মাস ও পর্যায় বিষয়ে কী বলা হয়েছে?,"মার্চ (ফুল ফোটার পূর্বে), মে (ফুল ফোটার পরে), আগস্ট (দানা/ফল গঠনের পর) এবং অক্টোবর (ফল পাকার পূর্বে) মাসে বছরে মোট ৪ বার সার প্রয়োগে ভাল ফলন পাওয়া যায়।"
208,আগাম আলুর বারি আলু-৪১ ও বারি আলু-৯০ চাষের অর্থনৈতিক ফলাফল সম্পর্কে কী বলা হয়েছে?,জাত দুটি লাল রং এর হওয়ায় বাজারে চাহিদা বেশি ও অধিক বাজার মূল্যের জন্য একক জমিতে চাষ করে অধিক মুনাফা অর্জন করা যায়।
209,গম-পাট-রোপা আমন ফসল বিন্যাসের উপযোগিতা সম্পর্কে কী বলা হয়েছে?,গোপালগঞ্জ ও কৃষি পরিবেশ অঞ্চল-৩ এর অনুরূপ অঞ্চল।
210,কাঁঠাল সম্পর্কে জলাবদ্ধতা বিষয়ে কী বলা হয়েছে?,কাঁঠাল গাছ জলাবদ্ধতার প্রতি অত্যন্ত সংবেদনশীল।
211,বারি হাইব্রিড ভুট্টা-১৪-এর খরিফ মৌসুমের জীবনকাল কত?,খরিফ মৌসুমে বারি হাইব্রিড ভুট্টা-১৪-এর জীবনকাল প্রায় ১১৫ দিন।
212,চিনা চাষে কী পরিমাণ ফলন পাওয়া যায়?,হেক্টরপ্রতি ফলন ২.২৫-২.৫ টন।
213,মসুর পাতা ঝলসানো রোগের রোগ ব্যবস্থাপনায় কী তথ্য আছে?,এ প্রযুক্তির মাধ্যমে মসুরের রোগ দমনের সাথে সাথে মসুর ডালের দানাও পরিপুষ্ট হয়।
214,কাঁঠাল বপন বা রোপণে কী দূরত্ব রাখতে হয়?,কাঁঠালের ক্ষেত্রে সাধারণত: গাছ থেকে গাছ ও সারি থেকে সারির দূরত্ব ৮ × ৮ মিটার রাখতে হবে।
215,ছাদ বাগানের স্মার্ট সেচ সম্পর্কে ছাদ বাগানের বাইরে ব্যবহার বিষয়ে কী বলা হয়েছে?,"উপসংহার: এই স্মার্ট সেচ ব্যবস্থাপনা পদ্ধতিটি শুধু ছাদ বাগানই নয়, সাধারন বাগানেও ব্যবহার করা সম্ভব।"
216,চিয়ার জন্য কত বীজ প্রয়োজন?,বীজের হার: ৫-৬ কেজি/হেক্টর।
217,বার্লির চারা উৎপাদন ও পরিচর্যায় কী নির্দেশনা আছে?,বীজ বপনের পর ১০-১২ দিন পর্যন্ত পাখি তাড়ানোর ব্যবস্থা রাখতে হবে যাতে মাঠে চারার সংখ্যা ঠিক থাকে।
218,গম-পাট-রোপা আমন ফসল বিন্যাসের আগাছা দমন সম্পর্কে কী নির্দেশনা আছে?,বীজ বপনের ৪৫-৫০ দিন পর একবার ও ৭০ হতে ৮০ দিন পর দ্বিতীয়বার নিড়ানি দিতে হবে এবং পাট পাতলা করতে হবে।
219,ছাদ বাগানের স্মার্ট সেচ বিষয়ে ডিজিটাল টাইমারে সেচ সময় সেট করা সম্পর্কে কী তথ্য আছে?,যখন প্রোগ্রামেবল ডিজিটাল টাইমার ব্যবহার করা হবে তখন ম্যানুয়ালি সেচের সময় ও অন্তর সেট করে দিতে হবে।
220,বারি কফি-১ কখন বা কীভাবে সংগ্রহ করতে হবে?,বীজের গাছে ফল সংগ্রহ করতে সাধারণত রোবাস্টার ক্ষেত্রে ৩ বছর এবং এরাবিকার ক্ষেত্রে ২ বছর সময় প্রয়োজন।
221,বারি কাসাভা-১-এর কন্দ বা রাইজোম সম্পর্কে কী বলা হয়েছে?,টিউবার ঘন বাদামী এবং এর মাংসল সাদা বর্ণের হয়।
222,কাসাভার উপযোগী মাটি ও জলবায়ুর তথ্য কী?,অতিরিক্ত বেলে ও এঁটেল মাটি বাদ দিয়ে সব ধরনের মাটিতেই কাসাভা চাষ করা যায়।
223,চীনাবাদাম ভালোভাবে বাড়তে উপযুক্ত তাপমাত্রা কত?,স্বাভাবিক বৃদ্ধির জন্য ২৫-৩০ ডিগ্রি সে. তাপমাত্রা প্রয়োজন।
224,কাঁঠালের সেচ ব্যবস্থাপনায় কী নির্দেশনা আছে?,চারা রোপণের পর প্রয়োজন মতো পানি সেচ ও বেড়ার ব্যবস্থা করতে হবে।
225,ছাদ বাগানের স্মার্ট সেচের সেচ ব্যবস্থাপনায় কী নির্দেশনা আছে?,"প্রায় ৯০% ছাদ বাগানে সেচ ব্যবস্থাপনার জন্য মগ, হোস পাইপের মত বিভিন্ন প্রচলিত পদ্ধতি ব্যবহার হয়।"
226,সুপারি চাষে সার প্রয়োগের পর সঙ্গে সঙ্গে কী করতে হবে?,সার প্রয়োগের পর প্রয়োজনবোধে আলাদা মাটি দ্বারা নালাটি বন্ধ করে দিতে হবে।
227,মাঠের ইঁদুর ব্যবস্থাপনা সম্পর্কে মাঠ ফসলের যেখানে বিষয়ে কী বলা হয়েছে?,মাঠ ফসলের যেখানে ইঁদুরের গর্ত আছে সেখানে ব্যবহার যোগ্য।
228,ঝাড়শিমের জলাবদ্ধতা ও পানি নিষ্কাশন সম্পর্কে কী নির্দেশনা আছে?,ফরাসী শিম জলাবদ্ধতা সহ্য করতে পারে না বিধায় সুনিষ্কাশিত জমি নির্বাচন করতে হবে।
229,সয়াবিন-রোপা আউশ-রোপা আমন ফসল বিন্যাসের উপযোগিতা সম্পর্কে কী বলা হয়েছে?,নোয়াখালী ও কৃষি পরিবেশ অঞ্চল-১৮ এর অনুরূপ অঞ্চল সমূহ।
230,বারি চীনাবাদাম-১২-এর বীজের রং কী?,বীজের রং লালচে বাদামী বর্ণের।
231,বারি চিনা-২-এর বীজ বা দানা সম্পর্কে কী তথ্য আছে?,"বীজ ডিম্বাকৃতি, উজ্জ্বল বাদামি কালচে রং এর এবং বীজ থেকে ছাড়ানো চাল হলুদ বর্ণের।"
232,কফি সম্পর্কে সারি থেকে সারি ও গাছ থেকে গাছ বিষয়ে কী বলা হয়েছে?,"গাছ থেকে গাছ বা সারি থেকে সারির দূরত্ব জাত, মাটির ধরণ ও উর্বরতার উপর নির্ভর করে।"
233,সয়াবিন-রোপা আউশ-রোপা আমন ফসল বিন্যাস বিষয়ে পানি ধরে আগাছা কমানো সম্পর্কে কী তথ্য আছে?,জমিতে ৫-১০ সেমি পানি ধরে রাখলে আগাছার পরিমাণ কম হয়।
234,কফির চারা সম্পর্কে কী তথ্য দেওয়া হয়েছে?,কফির বীজ থেকে সবচেয়ে কম খরচে ও সহজে চারা উৎপাদন করা যায়।
235,বারি মুখীকচু-৩ চাষে কী পরিমাণ ফলন পাওয়া যায়?,হেক্টর প্রতি গড় ফলন ৪০-৪৫ টন।
236,বারি কফি-১-এর ফলের বৈশিষ্ট্য কী?,১০০টি ফলের গড় ওজন ১০২ গ্রাম।
237,চর এলাকায় বিনা চাষে পেঁয়াজের সার ব্যবস্থাপনায় কী নির্দেশনা আছে?,চর এলাকায় সাধারণত সেচের সাথে সাথেই জমিতে সার প্রয়োগ করতে হবে যাতে প্রয়োগকৃত সার দ্রুত মাটিতে মিশে যায়।
238,মরিচ ছিটিয়ে বপন করলে প্রতি হেক্টরে কত বীজ লাগে?,বীজ হার ছিটিয়ে বপন করলে ২.৫-৩.০ কেজি/হে. চারা উৎপাদন করে ১.০-১.৫ কেজি/হে. হেক্টর প্রতি ৪০০০০-৪৫০০০ গাছ থাকলে ভাল ফলন পাওয়া যায়।
239,বারি অড়হর-১-এর জীবনকাল কত?,ফল প্রায় একই সাথে পরিপক্ক হয় এবং জীবনকাল ২৫০-২৬০ দিন।
240,চিনা বিষয়ে রসের অভাবে সেচ সম্পর্কে কী তথ্য আছে?,বেলে দোআঁশ মাটিতে রসের অভাব হলে ২-১ টি হালকা সেচের ব্যবস্থা করলে অধিক ফলন পাওয়া যায়।
241,বারি মরিচ-৬ সম্পর্কে মরিচের দৈর্ঘ্য বিষয়ে কী বলা হয়েছে?,ফল মাঝারি লম্বা এবং প্রতিটি মরিচের দৈর্ঘ্য ৪-৫ সেমি।
242,বারি বার্লি-১০-এর গাছের উচ্চতা কত?,গাছের উচ্চতা ৯০-৯৫ সে.মি.।
243,মাঠের ইঁদুর ব্যবস্থাপনা বিষয়ে গর্তে গোবরের বল ব্যবহারের পদ্ধতি সম্পর্কে কী তথ্য আছে?,ইঁদুরের গর্তের মুখ পরিষ্কার করে ভিতরে গোবরের বল দিয়ে মুখ বন্ধ করে দিতে হয়।
244,বারি আলু-১০২-এর কন্দের চামড়া ও শাঁসের রং কেমন?,"আলুর চামড়া মসৃণ ও রং লাল, শাঁসের রং সাদা, চোখ কিছুটা গভীরে থাকে।"
245,বারি সুপারি-১ চাষে কী পরিমাণ ফলন পাওয়া যায়?,খোসাসহ কাঁচা সুপারির গড় ফলন ২৮.২৪ টন/হেক্টর (উচ্চ ফলনশীল)।
246,অড়হর পরিপক্বতার সময় কত?,সংগ্রহের সময়: বীজ বপনের ২৫০-২৬০ দিন পর (ফেব্রুয়ারী মাসের ২য় সপ্তাহ) অড়হর পরিপক্ক হয়।
247,চিনা চাষে পানি নিষ্কাশনের ব্যবস্থা কেমন হওয়া উচিত?,সেচের পানি ক্ষেতে জমে যাতে ফসলের ক্ষতি করতে না পারে সে জন্য পানি নিষ্কাশনের ব্যবস্থা থাকা দরকার।
248,ভুট্টা-রোপা আউশ-রোপা আমন ফসলধারার সার ব্যবস্থাপনায় কী নির্দেশনা আছে?,"রোপা আউশ: সমস্ত ফসফরাস, পটাসিয়াম এবং জিপসাম জমি তৈরি শেষ সময় প্রয়োগ করতে হবে।"
249,মরিচের সাথে পাতা জাতীয় সবজি আন্তঃফসলের সেচ ব্যবস্থাপনায় কী নির্দেশনা আছে?,সেচ মাটিতে অতিরিক্ত আর্দ্রতা রাখা যাবে না।
250,বারি সুপারি-১-এর রোগ ব্যবস্থাপনায় কী তথ্য আছে?,রোগ বারি সুপারি-১ এর ফলসহ গাছ ও পোকামাকড়ের আক্রমণ অনেক কম পরিলক্ষিত হয়।
251,পানিকচুর ক্ষতিকর পোকা বা প্রাণী দমনে কী তথ্য আছে?,জাবপোকা দমনের জন্য এডমায়ার ১০০ এসপি ০.৫ মিলি প্রতি লিটার পানিতে মিশিয়ে প্রয়োগ করতে হবে।
252,বারি চুইঝাল-১ কখন বা কীভাবে সংগ্রহ করতে হবে?,১.৫-২.০ বছর পর কাণ্ড বা শাখা সংগ্রহ করা যায়।
253,মরিচ চাষের জন্য উপযুক্ত মাটির পিএইচ কত?,পিএইচ মাত্রা ৬.৫-৭.০ এবং ভাল-নিষ্কাশিত উর্বর বেলে-দোআঁশ বা পলিযুক্ত দোআঁশ মাটি ফসলটির জন্য সবচেয়ে উপযোগী।
254,সয়াবিন-রোপা আউশ-রোপা আমন ফসল বিন্যাসের আগাছা দমন সম্পর্কে কী নির্দেশনা আছে?,চারা রোপণের ১৫ দিন পর একবার ও ৩০ দিনের মাথায় ২য় বার নিড়ানী দিতে হবে।
255,বারি সুপারি-১ জাতের একটি খোসাসহ কাঁচা সুপারির ওজন কত?,খোসা সহ একক কাঁচা সুপারির গড় ওজন ৩৫.৬৭ গ্রাম।
256,জোয়ার চারা উৎপাদন ও পরিচর্যায় কী নির্দেশনা আছে?,বীজ বপনের পর চারা ঘন হলে চারা গজানোর পর পাতলা করে দিতে হবে।
257,কাঁঠাল কীভাবে বংশবিস্তার করা হয়?,বংশবিস্তার: সাধারণত কাঁঠালের বীজ থেকেই চারা তৈরি করা হয়।
258,পানিকচুর রোগ দমন বা সহনশীলতা সম্পর্কে কী বলা হয়েছে?,পাতার উপরে বাদামী থেকে বেগুনী রং এর গোলাকার দাগ দেখা যায়।
259,বারি কফি-১-এর ব্যবহার বা উপযোগিতা সম্পর্কে কী বলা হয়েছে?,খরা সহিষ্ণু ও আংশিক ছায়াযুক্ত স্থানে বিশেষভাবে অন্য ফল বাগানের ভিতরে চাষ উপযোগী।
260,বারি কফি-১-এর বীজ বা দানা সম্পর্কে কী তথ্য আছে?,বিন/বীজ গোলাকৃতির সবুজাভ বাদামী রং ধারণ করে।
261,জোয়ার বীজ বা দানার বৈশিষ্ট্য কী?,জোয়ারের দানা বিভিন্ন রং এর হয়ে থাকে।
262,পানিকচুর লতির বৈশিষ্ট্য কী?,লতির মতো জাতটির কাণ্ডও ভক্ষণযোগ্য।
263,বারি সুপারি-১ ফলের আকারের মাপ কী?,সুপারির কাঁচা ফলের গড় দৈর্ঘ্য ৫৪.৬৯ সে.মি. এবং ব্যাস ৩৭.৫১ সে.মি.।
264,বারি কফি-১-এর ফল সম্পর্কে কী তথ্য আছে?,১০০টি ফলের গড় ওজন ১০২ গ্রাম।
265,আলুর শেষ চাষে সার প্রয়োগের নির্দেশনা কী?,গোবর ও জিংক সালফেট শেষ চাষের সময় জমিতে মিশিয়ে দিতে হবে।
266,কাসাভার ফলন কত?,সঠিকভাবে পরিচর্যা করলে কন্দের ফলন হেক্টরপ্রতি ৪০-৬০ টন সহজেই পাওয়া সম্ভব।
267,ভালো ফলনের জন্য গম-পাট-রোপা আমন ফসল বিন্যাস চাষে কয়টি সেচ প্রয়োজন?,মাটির প্রকারভেদে ২-৩টি সেচের প্রয়োজন হয়।
268,সুপারি চাষে বপন বা রোপণের দূরত্ব কত?,বীজ রোপণের সময় সারি থেকে সারির দূরত্ব ৩০ সে.মি. এবং বীজ থেকে বীজের দূরত্ব হবে ২৫ সেমি।
269,টমেটোর সমন্বিত আগাছা ব্যবস্থাপনার আগাছা দমন সম্পর্কে কী নির্দেশনা আছে?,আবার প্রতিনিয়ত আগাছা দমনে প্রচুর শ্রম ও অর্থের অপচয় হয় যা বাণিজ্যিকভাবে ফসল উৎপাদনকে বাধাগ্রস্ত করে তোলে।
270,ঝাড়শিমের উপযুক্ত রোপণের সময় কোনটি?,বাংলাদেশে শীতকালে এ ফসলটি উৎপাদন করা হয় এবং নভেম্বর মাস বীজ বপনের জন্য উত্তম সময়।
271,বারি চুইঝাল-১-এর পাতার বৈশিষ্ট্য কী?,পাতার দৈর্ঘ্য ১৮-২০ সেমি এবং প্রস্থ ১২-১৪ সে.মি.।
272,মুখীকচুর ফলন কত?,উচ্চ ফলনশীল এ জাতের গড় ফলন হেক্টর প্রতি প্রায় ৪০-৪৫ টন।
273,বারি আলু-১০২ চাষে কী পরিমাণ ফলন পাওয়া যায়?,হেক্টর প্রতি গড় ফলন ৩৬.০০ টন যা অনুকূল পরিবেশে বাংলাদেশের আবহাওয়ায় সর্বোচ্চ ৪০.০০ টন পর্যন্ত হয়।
274,জোয়ার জন্য কত বীজ প্রয়োজন?,বীজের পরিমাণ হেক্টর প্রতি ১০ কেজি।
275,চিনা বিষয়ে চিনার সেচের প্রয়োজন সম্পর্কে কী তথ্য আছে?,চিনার জন্য পানি সেচের দরকার পড়ে না।
276,পালংশাকের কম্পোস্ট ব্যবস্থাপনার আগাছা ব্যবস্থাপনার গুরুত্বপূর্ণ সময় কত?,"আগাছা-রোগ-পোকা দমন: বীজ বপনের ১৪ এবং ২৮ দিন পর আগাছা দমন করতে হয়, কোনো প্রকার বালাইনাশকের প্রয়োজন হয় না।"
277,চীনাবাদাম কখন বপন করা উচিত?,চীনাবাদাম রবি ও খরিফ উভয় মৌসুমে চাষাবাদ করা যায়।
278,বারি ঝাড়শীম-৪-এর বীজ বা দানা সম্পর্কে কী তথ্য আছে?,প্রতি পডে ৭-৯ টি বীজ থাকে এবং ১০০ টি বীজের ওজন ৯৭.২৭ গ্রাম।
279,জারবেরার টিস্যু কালচার সম্পর্কে মাতৃ গাছের গুণাগুণ বিষয়ে কী বলা হয়েছে?,মাতৃ গাছের গুণাগুণ সম্পন্ন চারা পাওয়া যায়।
280,পানিকচুর সার প্রয়োগ সম্পর্কে কী বলা হয়েছে?,চারা রোপণের ১.৫-২ মাস সময়ে অর্ধেক এমওপি এবং ইউরিয়ার এক ষষ্ঠাংশ ছিটিয়ে দিতে হবে।
281,সুপারির সার দেওয়ার পর করণীয় কী?,সার প্রয়োগের পর প্রয়োজনবোধে আলাদা মাটি দ্বারা নালাটি বন্ধ করে দিতে হবে।
282,বারি পানিকচু-৮ বিষয়ে রান্নার পর লতির বৈশিষ্ট্য সম্পর্কে কী তথ্য আছে?,রান্না করলে লতি সমানভাবে সিদ্ধ হয় এবং খেতে অত্যন্ত সুস্বাদু।
283,ডাঁটার মাটি ও জমি নির্বাচন সম্পর্কে কী বলা হয়েছে?,ডাঁটার জন্য উর্বর ও গভীর মাটি প্রয়োজন হয়।
284,বারি চীনাবাদাম-১২-এর রোগ ব্যবস্থাপনায় কী তথ্য আছে?,জাতটি স্বল্পমাত্রায় খরা ও রোগ সহনশীল।
285,কফি বিষয়ে সার প্রয়োগের মাস ও পর্যায় সম্পর্কে কী তথ্য আছে?,"মার্চ (ফুল ফোটার পূর্বে), মে (ফুল ফোটার পরে), আগস্ট (দানা/ফল গঠনের পর) এবং অক্টোবর (ফল পাকার পূর্বে) মাসে বছরে মোট ৪ বার সার প্রয়োগে ভাল ফলন পাওয়া যায়।"
286,ভুট্টা-রোপা আউশ-রোপা আমন ফসলধারার সার প্রয়োগ সম্পর্কে কী বলা হয়েছে?,"রোপা আউশ: সমস্ত ফসফরাস, পটাসিয়াম এবং জিপসাম জমি তৈরি শেষ সময় প্রয়োগ করতে হবে।"
287,চুইঝালের সংরক্ষণ সম্পর্কে কী নির্দেশনা আছে?,ফ্রিজ ছাড়াও চটের বস্তায় মুড়ে মাঝে মাঝে পানির ছিটা দিয়েও ৩০-৪০ দিন পর্যন্ত চুইঝাল সংরক্ষণ করা যায়।
288,বারি সোলার টানেল ড্রায়ার সম্পর্কে শুকানোর দ্রব্যগুলি ঠান্ডা বিষয়ে কী বলা হয়েছে?,শুকানোর পর দ্রব্যগুলি ঠান্ডা করে প্যাকেটজাত করে সংরক্ষণ করতে হবে।
289,চিয়া কোন মৌসুমে চাষ করা হয় বা উপযোগী?,"চিয়া বাংলাদেশে একটি নতুন সম্ভবনাময় ফসল, যা রবি মৌসুমে চাষাবাদ করা যায়।"
290,মরিচের সাথে পাতা জাতীয় সবজি আন্তঃফসল বিষয়ে পাতা জাতীয় সবজি সংগ্রহের সময় সম্পর্কে কী তথ্য আছে?,পাতা জাতীয় সবজি: বপনের ৩০-৩৫ দিন পর সংগ্রহ করা যায়।
291,টমেটোর সমন্বিত আগাছা ব্যবস্থাপনার সার ব্যবস্থাপনায় কী নির্দেশনা আছে?,"সম্পূর্ণ ইউরিয়া এবং এমওপি সার রোপণের ১০,২৫ ও ৪০ দিন পর তিনটি সমান ডোজে মাটিতে প্রয়োগ করতে হবে।"
292,মরিচ বিষয়ে চারা রোপণের সম্পর্কে কী তথ্য আছে?,"খাটো, মোটা কাণ্ড ও ৪-৫ পাতা বিশিষ্ট চারা রোপণের জন্য উপযুক্ত।"
293,সুপারি সম্পর্কে সার প্রয়োগের পর করণীয় বিষয়ে কী বলা হয়েছে?,সার প্রয়োগের পর সেচ প্রদান করে মালচিং করে দিলে ভাল ফল পাওয়া যাবে।
294,বারি সুপারি-২-এর ফলন কত?,খোসাসহ কাঁচা সুপারির গড় ফলন ৩৪.৪৮ টন/হেক্টর (উচ্চ ফলনশীল)।
295,টমেটোর সমন্বিত আগাছা ব্যবস্থাপনা চাষে চারা রোপণের পর কখন সেচ দিতে হবে?,"সেচ চারা রোপণের ৩-৪ দিন পর পর্যন্ত হালকা সেচ ও চারা রোপণের ১০,২৫ ও ৪০ দিন পর সার প্রয়োগের পর জমিতে সেচ দিতে হবে।"
296,চিয়ার জলাবদ্ধতা ও পানি নিষ্কাশন সম্পর্কে কী নির্দেশনা আছে?,চিয়ার এ লাইনটি চারা অবস্থায় ২-৩ দিন পর্যন্ত জলাবদ্ধতা সহ্য করতে পারে।
297,বারি লটকন-২ চাষে কী পরিমাণ ফলন পাওয়া যায়?,ত্রিশ বছর বয়সী প্রতিটি গাছে গড় ফলের সংখ্যা ২৮৫৮ টি এবং ফলন প্রতি বছরে ৬১.৫৭ কেজি/ গাছ এবং ৯.৬১ টন/হেক্টর।
298,আগাম আলুর বারি আলু-৪১ ও বারি আলু-৯০-এর প্রযুক্তির উপযোগিতা সম্পর্কে কী বলা হয়েছে?,উপযোগী অঞ্চল: কৃষি পরিবেশ অঞ্চল-৩ এর যেসব এলাকায় আগাম আলু চাষ হয় সেখানে প্রচলিত জাতের পরিবর্তে এ জাত দুটি লাভজনকভাবে চাষ করা যাবে।
299,চর এলাকায় বিনা চাষে পেঁয়াজের ফসল সংগ্রহের নির্দেশনা কী?,সাধারণত বীজ বপনের ৩-৪ মাসের মধ্যে পেঁয়াজের বাল্ব তোলার উপযুক্ত হয়।
300,ছাদ বাগানের স্মার্ট সেচ বিষয়ে পরিচালনার দক্ষতার প্রয়োজন সম্পর্কে কী তথ্য আছে?,সেচ ব্যবস্থাপনা পদ্ধতিটি পরিচালনার জন্য তেমন দক্ষতার প্রয়োজন হয় না।
301,বারি সুপারি-১ সম্পর্কে শুকনা সুপারির ফলন বিষয়ে কী বলা হয়েছে?,খোসাসহ শুকনা সুপারির গড় ফলন ১০.৫৭ টন/হেক্টর।
302,চর এলাকায় বিনা চাষে পেঁয়াজের আগাছা ব্যবস্থাপনার গুরুত্বপূর্ণ সময় কত?,চর এলাকায় পেঁয়াজ বীজ বপনের ২০-২৫ দিনের মধ্যে আগাছা দমনের ব্যবস্থা নিতে হবে।
303,ডাঁটা চাষের জন্য কী ধরনের মাটি বা জমি উপযোগী?,ডাঁটার জন্য উর্বর ও গভীর মাটি প্রয়োজন হয়।
304,বারি চুইঝাল-১ চাষে কী পরিমাণ ফলন পাওয়া যায়?,তিন বছর বয়সী প্রতি গাছের ফলন ৯-১১ কেজি।
305,বারি সোলার টানেল ড্রায়ার কীভাবে সংরক্ষণ করতে হবে?,দ্রব্য একদিনে না শুকালে সেগুলো ড্রায়ারের ভিতরে রেখেই ড্রায়ারসহ নিরাপদ স্থানে সংরক্ষণ করা যেতে পারে।
306,চীনাবাদাম চাষে পানি নিষ্কাশনের ব্যবস্থা কেমন হওয়া উচিত?,"চীনাবাদাম জলাবদ্ধতা সহ্য করতে পারেনা, বিধায় পানি নিষ্কাশনের জন্য সু-ব্যবস্থা থাকা বাঞ্ছনীয়।"
307,মরিচের ফসল সংগ্রহের নির্দেশনা কী?,মরিচ গাছ জমিতে লাগানোর ১৩০-১৫০ দিনের মধ্যে কাঁচা মরিচ সংগ্রহ শুরু করা যায়।
308,মেটে আলুর রং বা বর্ণ কেমন?,বোটার গোড়ায় গোলাপী রঙ থাকে।
309,বারি লটকন-২ সম্পর্কে ফলের খণ্ড ও খাদ্যোপযোগী অংশ বিষয়ে কী বলা হয়েছে?,ফলের অভ্যন্তরে ৩-৪ টি খণ্ড বিদ্যমান এবং খাদ্যোপযোগী অংশ প্রায় ৫৭.০৭ %।
310,বারি আলু-১০২-এর ফলন কত?,হেক্টর প্রতি গড় ফলন ৩৬.০০ টন যা অনুকূল পরিবেশে বাংলাদেশের আবহাওয়ায় সর্বোচ্চ ৪০.০০ টন পর্যন্ত হয়।
311,চিনার ফলন কত?,হেক্টরপ্রতি ফলন ২.২৫-২.৫ টন।
312,কাঁঠালের চারা উৎপাদন ও পরিচর্যায় কী নির্দেশনা আছে?,ছোট অবস্থায় চারা/কলম লাগানোর পর অপ্রয়োজনীয় ছোট ছোট শাখা প্রশাখা কেটে দিলে সোজা কাণ্ড তৈরিতে সহায়ক হয়।
313,টমেটোর সমন্বিত আগাছা ব্যবস্থাপনা সম্পর্কে একটি পদ্ধতিতে আগাছা দমনের সীমাবদ্ধতা বিষয়ে কী বলা হয়েছে?,কিন্তু শুধুমাত্র একটি পদ্ধতির মাধ্যমে আগাছা পর্যাপ্তভাবে দমন করা যায় না।
314,গম-পাট-রোপা আমন ফসল বিন্যাস বিষয়ে তৃতীয় সেচ সম্পর্কে কী তথ্য আছে?,তৃতীয় সেচ ৭৫-৮০ দিন পর দিতে হবে।
315,বারি অড়হর-১-এর বীজের রং কী?,প্রতি পডে বীজের সংখ্যা ৪-৫ টা এবং বীজের রং লালচে বাদামী।
316,পানিকচুর জমি প্রস্তুতির সময় সার প্রয়োগ সম্পর্কে কী বলা হয়েছে?,"গোবর বা কম্পোস্ট, টিএসপি, জিপসাম, জিংক সালফেট, বরিক এসিড এবং অর্ধেক এমওপি সার জমি তৈরির সময় শেষ চাষের আগে প্রয়োগ করতে হবে।"
317,চিয়া চাষে বীজের হার কত?,বীজের হার: ৫-৬ কেজি/হেক্টর।
318,বারি আলু-১০১-এর গাছের বৃদ্ধি ও শাখা-প্রশাখা সম্পর্কে কী বলা হয়েছে?,গাছ কিছুটা খাড়া প্রকৃতির ও শাখা প্রশাখা বেশি।
319,কফির গাছের উচ্চতা কত?,এরাবিকা জাতের জন্য তুলনামূলক বেশি উচ্চতার প্রয়োজন হয়।
320,চর এলাকায় বিনা চাষে পেঁয়াজ সম্পর্কে নিড়ানী বিষয়ে কী বলা হয়েছে?,জমিতে আগাছার পরিমাণ বেশি হলে ৪০-৫০ দিনের মধ্যে দ্বিতীয়বার নিড়ানী দিয়ে আগাছা দমন করতে হবে।
321,চিয়ার সেচের প্রয়োজন সম্পর্কে কী বলা হয়েছে?,চিয়া মূলত মরুভূমির উদ্ভিদ যা অল্প সেচে জন্মাতে পারে।
322,বারি চিনা-২ চাষে বীজের হার কত?,ছিটিয়ে বুনলে হেক্টর প্রতি ২০ কেজি এবং সারিতে বুনলে ১৮ কেজি বীজ বুনতে হবে।
323,কফি সম্পর্কে বীজ বপনের বিষয়ে কী বলা হয়েছে?,বীজ বপনের ৩০-৪০ দিনের পর চারা গজায়।
324,মেটে আলুর উপযুক্ত মাটির ধরন কী?,মেটে আলুর জন্য সুনিষ্কাশিত গভীর বেলে দোঁয়াশ মাটি সর্বোত্তম।
325,আলুর টিউবার মথ ব্যবস্থাপনা আক্রান্ত অংশে পরে কী সমস্যা হতে পারে?,আক্রান্ত অংশে পরবর্তীতে রোগের আক্রমণ হতে পারে ফলে খাদ্য এবং বীজ হিসাবে ব্যবহারের অনুপযোগী হয়ে যায়।
326,মেটে আলু বিষয়ে বালুর স্তরে সংরক্ষণ সম্পর্কে কী তথ্য আছে?,ঠান্ডা ও উত্তম বায়ু চলাচলযুক্ত ঘরে ১-২ স্তরে ২-৩ ইঞ্চি বালুর স্তর দিয়ে বিছিয়ে সহজেই সংরক্ষণ করা যায়।
327,অড়হর বীজের ফলন কত?,অড়হর জাতের বীজের ফলন প্রতি হেক্টরে ১.৫-১.৮ টন।
328,বারি মেটে আলু-৩-এর শুষ্ক পদার্থের পরিমাণ কত?,শুষ্ক পদার্থের পরিমাণ ২৮.৫৬ ± ১।
329,সুপারি সম্পর্কে বীজতলা বিষয়ে কী বলা হয়েছে?,"দো-আঁশ, পলি দো-আঁশ মাটি বীজতলার জন্য উপযুক্ত।"
330,মসুর পাতা ঝলসানো রোগের রোগ দমন বা সহনশীলতা সম্পর্কে কী বলা হয়েছে?,এ প্রযুক্তির মাধ্যমে মসুরের রোগ দমনের সাথে সাথে মসুর ডালের দানাও পরিপুষ্ট হয়।
331,বারি কাঁঠাল-৬-এর রং বা বর্ণ কেমন?,"পাল্প শক্ত, উজ্জল হলুদ বর্ণের ও আঠাববিহীন।"
332,জারবেরার টিস্যু কালচার বিষয়ে ছোট একরকম চারার পরিবহন সুবিধা সম্পর্কে কী তথ্য আছে?,উৎপাদিত জারবেরা চারা আকারে ছোট এবং এক রকম হওয়াতে পরিবহন খরচ কম।
333,চীনাবাদাম কীভাবে বপন করতে হবে?,বীজ বপনের আগে খোসা হতে বীজ আলাদা করে নিতে হবে।
334,চুইঝাল চাষে পানি নিষ্কাশনের ব্যবস্থা কেমন হওয়া উচিত?,পানি নিষ্কাশনের সুবিধাযুক্ত দো-আঁশ বা বেলে দো-আঁশ মাটি সমৃদ্ধ উঁচু জমিতে চুইঝাল ভালো হয়।
335,ডাঁটার সেচ সম্পর্কে কী বলা হয়েছে?,সেচের ব্যবস্থা থাকলে সারা বছরই ডাঁটার বীজ বপন করা যায়।
336,গম-পাট-রোপা আমন ফসল বিন্যাস বিষয়ে চারা রোপণের পর নিড়ানির সময় সম্পর্কে কী তথ্য আছে?,চারা রোপণের ১৫ দিন পর একবার ও ৩০ দিন পর দ্বিতীয়বার নিড়ানি দিতে হবে।
337,চর এলাকায় বিনা চাষে পেঁয়াজের সার প্রয়োগ সম্পর্কে কী বলা হয়েছে?,চর এলাকায় সাধারণত সেচের সাথে সাথেই জমিতে সার প্রয়োগ করতে হবে যাতে প্রয়োগকৃত সার দ্রুত মাটিতে মিশে যায়।
338,চীনাবাদাম কখন বা কীভাবে সংগ্রহ করতে হবে?,চীনাবাদাম গাছের শতকরা ৭৫-৮০ ভাগ বাদাম যখন পরিপক্ক হয় তখন ফসল উঠানোর সঠিক সময়।
339,চিনার সেচ সম্পর্কে কী বলা হয়েছে?,কিন্তু সেচবিহীন চাষে সম্পূর্ণ সার চাষের সময় প্রয়োগ করলে ভাল ফলন পাওয়া যায়।
340,পানিকচুর পোকামাকড় বা ক্ষতিকর প্রাণী ব্যবস্থাপনায় কী বলা হয়েছে?,জাবপোকা দমনের জন্য এডমায়ার ১০০ এসপি ০.৫ মিলি প্রতি লিটার পানিতে মিশিয়ে প্রয়োগ করতে হবে।
341,কাঁঠাল চাষে পানি নিষ্কাশনের ব্যবস্থা কেমন হওয়া উচিত?,সাধারণত উঁচু ও মাঝারি উঁচু জমি যেখানে পানি নিষ্কাশনের সুব্যবস্থা রয়েছে এমন উর্বর জমি কাঁঠালের চাষের জন্য উপযোগী।
342,ডাঁটা বিষয়ে সুনিষ্কাশিত স্যাঁতসেঁতে মাটি সম্পর্কে কী তথ্য আছে?,সুনিষ্কাশিত অথচ স্যাঁতস্যাঁতে থাকে এমন মাটিতে এটি সবচেয়ে ভালো জন্মে।
343,বারি পানিকচু-৮-এর লতির বৈশিষ্ট্য কী?,পানিকচুর জাত বারি পানিকচু-৮ এর প্রধান ভক্ষণযোগ্য অংশ হলো লতি।
344,সুপারির আগাছা দমন সম্পর্কে কী নির্দেশনা আছে?,গাছের গোড়া সব সময়ই আগাছামুক্ত রাখা প্রয়োজন।
345,চীনাবাদামের জন্য কত বীজ প্রয়োজন?,হেক্টর প্রতি ১০০ কেজি বা একর প্রতি ৪০ কেজি খোসাসহ বীজের প্রয়োজন হয়।
346,বারি পানিকচু-৯ চাষে কী পরিমাণ ফলন পাওয়া যায়?,প্রতি হেক্টরে লতির গড় ফলন ৩০ টন এবং রাইজোমের গড় ফলন ২৫ টন।
347,চর এলাকায় বিনা চাষে পেঁয়াজ বিষয়ে বাল্ব পরিপক্ক সংগ্রহের সম্পর্কে কী তথ্য আছে?,বাল্ব পরিপক্ক ও সংগ্রহের একমাস পূর্বে সেচ দেওয়া বন্ধ করা উচিত তা না হলে কন্দের গুণাগুণ ও সংরক্ষণ ক্ষমতা হ্রাস পায়।
348,কাসাভা জমি আগাছার বিষয়ে কী অবস্থায় রাখতে হবে?,অন্যান্য ফসলের মত আগাছা কাসাভার ফলন কমিয়ে দিতে পারে তাই জমি সব সময় আগাছা মুক্ত রাখতে হবে।
349,মেটে আলু সম্পর্কে বালুর স্তরে সংরক্ষণ বিষয়ে কী বলা হয়েছে?,ঠান্ডা ও উত্তম বায়ু চলাচলযুক্ত ঘরে ১-২ স্তরে ২-৩ ইঞ্চি বালুর স্তর দিয়ে বিছিয়ে সহজেই সংরক্ষণ করা যায়।
350,পানিকচুর রোপণ পদ্ধতি সম্পর্কে কী বলা হয়েছে?,৪-৬ পাতা বিশিষ্ট সবল ও সতেজ চারা রোপণের জন্য নির্বাচন করতে হবে।
351,বারি চীনাবাদাম-১২-এর রোগ দমন বা সহনশীলতা সম্পর্কে কী বলা হয়েছে?,জাতটি স্বল্পমাত্রায় খরা ও রোগ সহনশীল।
352,পানিকচুর লতি সম্পর্কে কী বলা হয়েছে?,লতির মতো জাতটির কাণ্ডও ভক্ষণযোগ্য।
353,মরিচের সাথে পাতা জাতীয় সবজি আন্তঃফসলের সেচ সম্পর্কে কী বলা হয়েছে?,সেচ মাটিতে অতিরিক্ত আর্দ্রতা রাখা যাবে না।
354,অড়হর বিষয়ে কাঁচা ফল সংগ্রহের সময় সম্পর্কে কী তথ্য আছে?,কাঁচা ফল সব্জি হিসাবে ব্যবহারের জন্য বীজ পরিপক্ক হওয়ার ৩০-৪০ দিন পূর্বে হাত দিয়ে তুলে ফল সংগ্রহ করা যায়।
355,কফি বিষয়ে সারি থেকে সারি ও গাছ থেকে গাছ সম্পর্কে কী তথ্য আছে?,"গাছ থেকে গাছ বা সারি থেকে সারির দূরত্ব জাত, মাটির ধরণ ও উর্বরতার উপর নির্ভর করে।"
356,সুপারির সেচ সম্পর্কে কী বলা হয়েছে?,নালাগুলোর মধ্যে দিয়ে সেচ ও নিকাশের সুবিধা পাওয়া যায় এবং চারার পরিচর্যা করা সহজ হয়।
357,চর এলাকায় বিনা চাষে পেঁয়াজের সেচ ব্যবস্থাপনায় কী নির্দেশনা আছে?,সেচ ব্যবস্থাপনা: চর এলাকায় মাটির অবস্থাভেদে ৮-১০ বার সেচের প্রয়োজন হয়।
358,বার্লি বপন বা রোপণে কী দূরত্ব রাখতে হয়?,সারিতে বপন করলে সারি থেকে সারির দূরত্ব ২৫ সে.মি. এবং গাছ থেকে গাছের দূরত্ব ১০ সে.মি হওয়া উত্তম।
359,বারি মুখীকচু-৩-এর গাছের গঠন বা বৃদ্ধির বৈশিষ্ট্য কী?,"বারি মুখীকচু-৩ এর গাছ সবুজ, খাড়া, মাঝারি লম্বা।"
360,সয়াবিন-রোপা আউশ-রোপা আমন ফসল বিন্যাস চাষে কতদিন বা কত মাস পর্যন্ত আগাছা নিয়ন্ত্রণে রাখতে হবে?,সয়াবিন: চারা গজানোর ২০-২৫ দিন পর আগাছা দমন করতে হবে।
361,গম-পাট-রোপা আমন ফসল বিন্যাসের রোগ দমন বা সহনশীলতা সম্পর্কে কী বলা হয়েছে?,"মাটিতে পটাশিয়াম সার ব্যবহারের ফলে গাছের অন্যান্য খাদ্যোপাদানের মাত্রা ঠিক থাকে এবং পটাশিয়াম গাছকে রোগের আক্রমণ, ঠান্ডা ও খরা থেকে রক্ষা করে।"
362,পানিকচু বিষয়ে রোগ দেখা দিলে করণীয় সম্পর্কে কী তথ্য আছে?,রোগ দেখা দেয়ার সাথে সাথে প্রতি লিটার পানিতে ডাইথেন এম ৪৫ অথবা ২ গ্রাম রিডোমিল এম জেড-৭২ মিশিয়ে ১৫ দিন পরপর ৩-৪ বার প্রয়োগ করতে হবে।
363,চীনাবাদামের বীজ বা দানার বৈশিষ্ট্য কী?,বীজ ও খোসার অনুপাত ৭:৩ অর্থাৎ ১০ কেজি খোসাসহ বাদামে ৭ কেজি বীজ পাওয়া যায়।
364,বারি বার্লি-১০ চাষে কী পরিমাণ ফলন পাওয়া যায়?,বারি বার্লি-১০ এর হেক্টরপ্রতি ফলন ২.৫-৩.০ টন।
365,বারি সুপারি-১ বিষয়ে শুকনা সুপারির ফলন সম্পর্কে কী তথ্য আছে?,খোসাসহ শুকনা সুপারির গড় ফলন ১০.৫৭ টন/হেক্টর।
366,আলুর সার দেওয়ার পর করণীয় কী?,সার প্রয়োগের পর সাথে সাথে সার ও বীজ মাটি দিয়ে ভেলী তুলে ঢেকে দিতে হবে।
367,জারবেরার টিস্যু কালচার বিষয়ে মাতৃ গাছের গুণাগুণ সম্পর্কে কী তথ্য আছে?,মাতৃ গাছের গুণাগুণ সম্পন্ন চারা পাওয়া যায়।
368,ঝাড়শিম চাষে প্রতি হেক্টরে কত চারা প্রয়োজন?,"প্রতি হেক্টর জমিতে চারার প্রয়োজন ১,১১,১১১ (এক লক্ষ এগার হাজার একশত এগার) টি।"
369,অড়হর চাষে কী পরিমাণ ফলন পাওয়া যায়?,অনুকুল আবহাওয়া ও যথাযথ যত্ন নিলে ফলন হেক্টর প্রতি ২.০ টন পর্যন্ত পাওয়া যেতে পারে।
370,বারি আলু-১০১-এর কন্দের রং সম্পর্কে কী বলা হয়েছে?,"আলুর চামড়া মসৃণ ও রং বেগুনি, শাঁসের রং বেগুনি।"
371,অড়হর বপন বা রোপণে কী দূরত্ব রাখতে হয়?,ভালভাবে গাছের বৃদ্ধির জন্য সারি থেকে সারির দূরত্ব ২ থেকে ২.৫ মিটার এবং গাছ হতে গাছের দূরত্ব ২ মিটার করে রাখতে হবে।
372,বারি ঝাড়শীম-৪-এর ফলের বৈশিষ্ট্য কী?,১৮-২৩ সে.মি. লম্বা ও ১.০-১.৩ সেমি চওড়া প্রতি পডের গড় ওজন ১৬.১২ গ্রাম।
373,আলুর টিউবার মথ ব্যবস্থাপনার ক্ষতির মাত্রা সম্পর্কে কী তথ্য আছে?,অতিরিক্ত আক্রমণে ক্ষতির পরিমাণ প্রায় ১০০ ভাগ হতে পারে।
374,বারি কাসাভা-১-এর কাণ্ডের বৈশিষ্ট্য কী?,"গাছের দৈর্ঘ্য ২৩৮ সে.মি., যার কাণ্ড হালকা বাদামী বর্ণের।"
375,বারি পানিকচু-৮ সম্পর্কে লতির গড় সংখ্যা ও গড় ওজন বিষয়ে কী বলা হয়েছে?,গাছপ্রতি লতির গড় সংখ্যা ২৪টি এবং গড় ওজন ৮০০ গ্রাম।
376,আলু চাষে শেষ চাষের সময় কোন সার কীভাবে দিতে হবে?,গোবর ও জিংক সালফেট শেষ চাষের সময় জমিতে মিশিয়ে দিতে হবে।
377,চর এলাকায় বিনা চাষে পেঁয়াজ প্রযুক্তি কোথায় বা কোন ক্ষেত্রে উপযোগী?,"তিস্তা, ব্রহ্মপুত্র ও যমুনা অববাহিকার চরসমূহ।"
378,বারি মরিচ-৬-এর পাতার বৈশিষ্ট্য কী?,কাণ্ড ও পাতার অক্ষ কালচে রং দ্বারা আবৃত থাকে।
379,অড়হর উপযুক্ত বপনের সময় কোনটি?,এপ্রিল মাসের ২য় সপ্তাহ থেকে মে মাসের শেষ সপ্তাহ পর্যন্ত (বৈশাখ-জ্যৈষ্ঠ মাসের ২য় সপ্তাহ পর্যন্ত) বীজ বপনের উপযুক্ত সময়।
380,পানিকচু সম্পর্কে রোগ দেখা দিলে করণীয় বিষয়ে কী বলা হয়েছে?,রোগ দেখা দেয়ার সাথে সাথে প্রতি লিটার পানিতে ডাইথেন এম ৪৫ অথবা ২ গ্রাম রিডোমিল এম জেড-৭২ মিশিয়ে ১৫ দিন পরপর ৩-৪ বার প্রয়োগ করতে হবে।
381,মরিচের জমিতে পানি জমা ঠেকাতে কী করতে হবে?,"মরিচ সাধারণত উঁচু এবং মাঝারি উঁচু জমিতে ভাল হয়, কিন্তু পানি নিষ্কাশনের ভাল ব্যবস্থা থাকলে মাঝারি বা মাঝারি নিচু জমিতেও চাষ করা যেতে পারে।"
382,বারি মুখীকচু-৩-এর গাছের বৃদ্ধি ও শাখা-প্রশাখা সম্পর্কে কী বলা হয়েছে?,"বারি মুখীকচু-৩ এর গাছ সবুজ, খাড়া, মাঝারি লম্বা।"
383,বারি ডাঁটা-৪-এর কাণ্ড সম্পর্কে কী তথ্য আছে?,"ডাঁটার জাত বারি ডাঁটা-৪ বছরের যে কোন সময় বাংলাদেশের সর্বত্র চাষোপযোগী, উচ্চ ফলনশীল, কাণ্ড নরম ও কম আঁশযুক্ত।"
384,মরিচ বপন বা রোপণে কী দূরত্ব রাখতে হয়?,সারি থেকে সারি ৫০ সে.মি. এবং গাছ থেকে গাছ ৫০ সে.মি. দূরত্বে বপন করতে হবে।
385,গম-পাট-রোপা আমন ফসল বিন্যাসের আগাছা ব্যবস্থাপনায় কী করতে বলা হয়েছে?,বীজ বপনের ৪৫-৫০ দিন পর একবার ও ৭০ হতে ৮০ দিন পর দ্বিতীয়বার নিড়ানি দিতে হবে এবং পাট পাতলা করতে হবে।
386,বারি কাঁঠাল-৬-এর রং-সংক্রান্ত বৈশিষ্ট্য কী?,"পাল্প শক্ত, উজ্জল হলুদ বর্ণের ও আঠাববিহীন।"
387,ছাদ বাগানের স্মার্ট সেচ সম্পর্কে স্মার্ট সেচের স্বয়ংক্রিয় ড্রিপ পদ্ধতি বিষয়ে কী বলা হয়েছে?,পদ্ধতিটির মূলনীতি: স্মার্ট সেচ ব্যবস্থাপনা পদ্ধতিটি একটি স্বয়ংক্রিয় ড্রিপ ইরিগেশন পদ্ধতি।
388,বেগুনের সাথে পেঁয়াজ ও রসুন আন্তঃফসল চাষে পানি নিষ্কাশনের ব্যবস্থা কেমন হওয়া উচিত?,পানি যাতে জমিতে না জমে থাকে সেজন্য পানি নিষ্কাশনের জন্য জমির চারপাশের পানি নিষ্কাশনের জন্য নালা রাখতে হবে।
389,বারি কফি-১-এর রং বা বর্ণ কেমন?,উভয় প্রকার কফির ফুল সাদা রঙের হয়।
390,বারি সুপারি-১-এর ফলের দৈর্ঘ্য ও প্রস্থ বা ব্যাস কত?,সুপারির কাঁচা ফলের গড় দৈর্ঘ্য ৫৪.৬৯ সে.মি. এবং ব্যাস ৩৭.৫১ সে.মি.।
391,মরিচের উপযোগী তাপমাত্রা সম্পর্কে কী তথ্য আছে?,অঙ্কুরোদগমের জন্য ২৭-৩২ ° সেলসিয়াস ও গাছের বৃদ্ধির জন্য ২০-৩৫° সেলসিয়াস তাপমাত্রা উপযুক্ত।
392,জোয়ার কীভাবে সংরক্ষণ করতে হবে?,এছাড়া মোটা পলিথিনের থলিতেও বীজ সংরক্ষণ করা যেতে পারে।
393,ছাদ বাগানের স্মার্ট সেচের উপযোগী তাপমাত্রা সম্পর্কে কী তথ্য আছে?,অধিক তাপমাত্রা ও বাষ্পীভবনের কারণে ছাদ বাগানে ফসলের পানির চাহিদা অধিক হয়।
394,"টমেটোর সমন্বিত আগাছা ব্যবস্থাপনার আগাছা পুষ্টি, স্থান ও সূর্যালোকের ওপর কী প্রভাব ফেলে?","আগাছা দ্রুত বৃদ্ধি লাভ করে এবং টমেটোর সাথে প্রতিযোগিতা করে পুষ্টি উপাদান, স্থান ও সূর্যালোক গ্রহণ করে।"
395,চীনাবাদামের অঙ্কুরের বৈশিষ্ট্য কী?,বীজ বপনের পূর্বে বীজের অঙ্কুরোদগম হার শতকরা ৮০-৮৫ ভাগ আছে কিনা তা যাচাই করে নিতে হবে।
396,কফি বিষয়ে কফির চারা তৈরির পদ্ধতি সম্পর্কে কী তথ্য আছে?,কফির চারা বীজ ও অঙ্গজ উপায়ে করা হয়ে থাকে।
397,জোয়ার কখন বপন করা উচিত?,জোয়ার এমন একটি ফসল যা রবি ও খরিফ-১ উভয় মৌসুমে চাষ করা যায়।
398,ছাদ বাগানের স্মার্ট সেচের সেচ সম্পর্কে কী বলা হয়েছে?,"প্রায় ৯০% ছাদ বাগানে সেচ ব্যবস্থাপনার জন্য মগ, হোস পাইপের মত বিভিন্ন প্রচলিত পদ্ধতি ব্যবহার হয়।"
399,চুইঝাল সম্পর্কে পলিব্যাগ বিষয়ে কী বলা হয়েছে?,বাণিজ্যিকভাবে চুইঝালের বিভিন্ন কাটিং পলিব্যাগে চারা তৈরি করা হয়।
400,বারি আলু-১০১-এর গাছ কতটা লম্বা হয়?,গাছ মধ্যম উচ্চতাসম্পন্ন ইন্টারমিডিয়েট টাইপ এবং গড়ে ৪-৫ টি কাণ্ড থাকে।
401,চুইঝালের জমিতে পানি জমা ঠেকাতে কী করতে হবে?,পানি নিষ্কাশনের সুবিধাযুক্ত দো-আঁশ বা বেলে দো-আঁশ মাটি সমৃদ্ধ উঁচু জমিতে চুইঝাল ভালো হয়।
402,ছাদ বাগানের স্মার্ট সেচ সম্পর্কে স্বয়ংক্রিয় সেচ সময় ও অন্তর নিয়ন্ত্রণ বিষয়ে কী বলা হয়েছে?,এভাবেই স্মার্ট সেচ পদ্ধতিটিতে সেচের সময় ও নির্দিষ্ট অন্তর স্বয়ংক্রিয় ভাবে নিয়ন্ত্রণ করা হয়।
403,চীনাবাদামের স্বাভাবিক বৃদ্ধির জন্য কত তাপমাত্রা প্রয়োজন?,স্বাভাবিক বৃদ্ধির জন্য ২৫-৩০ ডিগ্রি সে. তাপমাত্রা প্রয়োজন।
404,বারি কাঁঠাল-৫ বিষয়ে কোষের রং ও গুণ সম্পর্কে কী তথ্য আছে?,"কোষ গুলি মোটামুটি শক্ত, রস যুক্ত, গাঢ় হলুদ বর্ণের হয় এবং বেশ সুমিষ্ট (টিএসএস-২৭.৪%)।"
405,বারি আলু-১০১-এর শুষ্ক পদার্থ সম্পর্কে কী তথ্য আছে?,শুষ্ক পদার্থ ২০% এর উপরে যা অনুকূল পরিবেশে ২১% পর্যন্ত হয়।
406,ঢেঁড়সের জ্যাসিড পোকা ব্যবস্থাপনার ক্ষতিকর পোকা বা প্রাণী দমনে কী তথ্য আছে?,"বিভিন্ন প্রজাতির পোকামাকড় ঢেঁড়সে আক্রমণ করে, এর মধ্যে জ্যাসিড পোকা মারাত্মক ক্ষতিসাধন করে থাকে।"
407,বারি পাটের আঁশ ছাড়ানো যন্ত্র সংরক্ষণ সম্পর্কে কী নির্দেশনা আছে?,বহির্গমন ট্রেতে সংগৃহীত পাটের আঁশ সংগ্রহ করে ভাঁজ করে সংরক্ষণ করুন।
408,বারি ঝাড়শীম-৪ কোথায় বা কী কাজে উপযোগী?,এটির পড ও বীজ উভয়ই খাওয়া যায়।
409,পালংশাকের কম্পোস্ট ব্যবস্থাপনা চাষের জন্য কী ধরনের মাটি বা জমি উপযোগী?,"মাটির আয়তনী ঘনত্ব কমে যায়, পানি ধারণ ক্ষমতা ও জৈব পদার্থের পরিমাণ বাড়ায়।"
410,বারি বার্লি-১০-এর বীজ বা দানার বৈশিষ্ট্য কী?,বৈশিষ্ট্য জাতটির শীষ ছয় সারি বিশিষ্ট ও দানা খোসামুক্ত।
411,কফি বিষয়ে বীজ বপনের সম্পর্কে কী তথ্য আছে?,বীজ বপনের ৩০-৪০ দিনের পর চারা গজায়।
412,অড়হর ফলন কত?,অনুকুল আবহাওয়া ও যথাযথ যত্ন নিলে ফলন হেক্টর প্রতি ২.০ টন পর্যন্ত পাওয়া যেতে পারে।
413,চুইঝাল চাষে পানি জমে থাকা নিয়ে কী বলা হয়েছে?,গাছ জলাবদ্ধতা সহ্য করতে পারে না বিধায় নিচু বা পানি জমে থাকে এরূপ জায়গায় চুইঝালের গাছ না লাগানোই উত্তম।
414,জোয়ার সংরক্ষণ সম্পর্কে কী নির্দেশনা আছে?,এছাড়া মোটা পলিথিনের থলিতেও বীজ সংরক্ষণ করা যেতে পারে।
415,লটকনের সেচ ব্যবস্থাপনায় কী নির্দেশনা আছে?,প্রতিবার সার দেওয়ার পরে হালকা সেচ দিতে হবে।
416,মিষ্টি মরিচের জিংক ও বোরনের প্রযুক্তির উপযোগিতা সম্পর্কে কী বলা হয়েছে?,অঞ্চল- কৃষি পরিবেশ অঞ্চল -২৮।
417,কাসাভার উপযুক্ত রোপণের সময় কোনটি?,রোপণের সময়: সেচ সুবিধা থাকলে বছরের যে কোন সময় কাসাভা রোপণ করা যায়।
418,জোয়ার চাষে বীজ কীভাবে শোধন করতে হবে?,বীজকে রোগবালাই মুক্ত করার জন্য বীজ বপনের আগে বীজ শোধন করা উচিত।
419,মুখীকচু সাধারণত কতদিনে জীবনচক্র সম্পন্ন করে?,"মাঠে ফসলের জীবনকাল: ২৩০-২৬০ দিন (খাওয়ার উপযোগী), ২৭০-৩০০ দিন (বীজ হইতে বীজ)।"
420,জোয়ার চাষের জন্য কী ধরনের মাটি বা জমি উপযোগী?,"জোয়ার এমন একটি ফসল যা কম উর্বর, অধিক কাদাযুক্ত অগভীর মাটি যেখানে ভুট্টা উৎপাদন সহজ নয় সে সকল জমিতে চাষাবাদ হয়।"
421,কাসাভা বপন বা রোপণে কী দূরত্ব রাখতে হয়?,অধিক শাখা-প্রশাখাযুক্ত জাতের কাসাভার ক্ষেত্রে রোপণ দূরত্ব ৯০ × ৯০ সে.মি. এবং কম শাখা-প্রশাখা যুক্ত জাতের ক্ষেত্রের রোপণ দূরত্ব ৭৫ × ৭৫ সে.মি. হলে ভাল ফলন হবে।
422,বারি মুখীকচু-৩-এর ফলন কত?,হেক্টর প্রতি গড় ফলন ৪০-৪৫ টন।
423,জোয়ার বীজ শোধনের নির্দেশনা কী?,বীজকে রোগবালাই মুক্ত করার জন্য বীজ বপনের আগে বীজ শোধন করা উচিত।
424,বারি পানিকচু-৯ সম্পর্কে রান্নার পর লতির বৈশিষ্ট্য বিষয়ে কী বলা হয়েছে?,রান্না করলে লতি সমানভাবে সিদ্ধ হয় এবং খেতে সুস্বাদু।
425,চীনাবাদামের বপন পদ্ধতি সম্পর্কে কী বলা হয়েছে?,বীজ বপনের আগে খোসা হতে বীজ আলাদা করে নিতে হবে।
426,বারি পানিকচু-৯ বিষয়ে রান্নার পর লতির বৈশিষ্ট্য সম্পর্কে কী তথ্য আছে?,রান্না করলে লতি সমানভাবে সিদ্ধ হয় এবং খেতে সুস্বাদু।
427,কাঁঠালের উপযুক্ত রোপণের সময় কোনটি?,চারা বা কলম রোপণের সময় মধ্য-জ্যৈষ্ঠ থেকে মধ্য শ্রাবণ (জুন-আগস্ট) মাস।
428,মরিচ কখন বা কীভাবে সংগ্রহ করতে হবে?,মরিচ গাছ জমিতে লাগানোর ১৩০-১৫০ দিনের মধ্যে কাঁচা মরিচ সংগ্রহ শুরু করা যায়।
429,বেগুনের সাথে পেঁয়াজ ও রসুন আন্তঃফসল চাষে পানি জমে থাকা নিয়ে কী বলা হয়েছে?,বেগুন ও পেঁয়াজ এবং বেগুন ও রসুন আন্তঃফসল জলাবদ্ধতা সহ্য করতে পারে না।
430,বারি কাঁঠাল-৫-এর প্রযুক্তির উপযোগিতা সম্পর্কে কী বলা হয়েছে?,বাংলাদেশের প্রায় সব জেলাতেই এ জাতের কাঁঠালের চাষ সম্ভব।
431,অড়হর কতদিনে পরিপক্ব হয়?,সংগ্রহের সময়: বীজ বপনের ২৫০-২৬০ দিন পর (ফেব্রুয়ারী মাসের ২য় সপ্তাহ) অড়হর পরিপক্ক হয়।
432,মেটে আলুর ফসল সংগ্রহের নির্দেশনা কী?,যখন অধিকাংশ পাতা হলুদ বর্ণ ধারণ করে অথবা লতা সম্পূর্ণরূপে শুকিয়ে যায় তখন মেটে আলু উত্তোলনের উত্তম সময়।
433,বারি অড়হর-১ সাধারণত কতদিনে জীবনচক্র সম্পন্ন করে?,ফল প্রায় একই সাথে পরিপক্ক হয় এবং জীবনকাল ২৫০-২৬০ দিন।
434,চিয়ার রোগ ব্যবস্থাপনায় কী তথ্য আছে?,গবেষণাকালে জাতটিতে রোগ ও পোকামাকড়ের আক্রমণ পরিলক্ষিত হয়নি।
435,বারি চিয়া ১ এক হাজার দানার ওজন কত?,হাজার দানার ওজন ১.২ গ্রাম।
436,বারি সুপারি-২ বিষয়ে শুকনা সুপারির ফলন সম্পর্কে কী তথ্য আছে?,খোসাসহ শুকনা সুপারির গড় ফলন ১২.০৭ টন/হেক্টর।
437,বারি আলু-১০১-এর অঙ্কুর সম্পর্কে কী তথ্য আছে?,"অঙ্কুর মাঝারি আকারের ও কনিক্যাল আকৃতির, গোড়ার দিকে বেশি পরিমাণে এন্থোসায়ানিন আছে ও বেশি লোমযুক্ত।"
438,অড়হর মাটির পিএইচ সম্পর্কে কী বলা হয়েছে?,"মাটির পিএইচ মাত্রা ৫.৫ থেকে ৭.৫ সহ পূর্ণ রোদ, উর্বর এবং সুনিষ্কাশিত দোআঁশ মাটি অড়হর চাষের জন্য সবচেয়ে উপযোগী।"
439,লটকনের চারা পরিচর্যায় খুঁটি ব্যবহারের নির্দেশনা কী?,তারপর চারাটি খুঁটির সাথে বেঁধে দিতে হবে এবং চারার গোড়ায় ঝাঁঝরি দিয়ে পানি দিতে হবে।
440,মাঠের ইঁদুর ব্যবস্থাপনা সম্পর্কে প্রযুক্তি ব্যবহার পদ্ধতির বিষয়ে কী বলা হয়েছে?,প্রযুক্তি ব্যবহার পদ্ধতির সংক্ষিপ্ত বিবরণ: ইহা একটি কার্যকর ইঁদুর তাড়ানো পদ্ধতি।
441,কফির ব্যবহার বা উপযোগিতা সম্পর্কে কী বলা হয়েছে?,বাংলাদেশের পার্বত্য অঞ্চলের মাটি ও জলবায়ু বাণিজ্যিক কফি চাষের জন্য উপযোগী।
442,পানিকচু জমি আগাছার বিষয়ে কী অবস্থায় রাখতে হবে?,পানিকচুর জমি সবসময় আগাছামুক্ত রাখতে হবে।
443,লটকন সম্পর্কে গর্তে চারা বসানোর পদ্ধতি বিষয়ে কী বলা হয়েছে?,চারা গর্তের ঠিক মাঝখানে খাড়াভাবে লাগাতে হবে এবং চারার চারিদিকের মাটি হাত দিয়ে চেপে ভালভাবে বসিয়ে দিতে হবে।
444,বারি পানিকচু-৯ বিষয়ে লতির গড় সংখ্যা ও গড় ওজন সম্পর্কে কী তথ্য আছে?,গাছ প্রতি লতির গড় সংখ্যা ৩০ টি এবং গড় ওজন ৮০০ গ্রাম।
445,মাঠের ইঁদুর ব্যবস্থাপনা সম্পর্কে একদিন গর্তের খোলা মুখে প্রসঙ্গে উৎসে কী বলা হয়েছে?,একদিন পরে গর্তের খোলা মুখে আবার গোবরের বল দিতে হয়।
446,মটরশুটির পটাশিয়াম সার ব্যবস্থাপনা প্রযুক্তি কোথায় বা কোন ক্ষেত্রে উপযোগী?,পটাশিয়াম সার ভিত্তিক সমন্বিত সার ব্যবস্থাপনায় প্রচলিত চাষ পদ্ধতি থেকে মটরশুঁটির সবুজ শুঁটির ফলন ২০-৪০% বেশি পাওয়া যায়।
447,সুপারি সম্পর্কে সারি ও চারার দূরত্ব বিষয়ে কী বলা হয়েছে?,বগার্কৃতি পদ্ধতিতে সারি থেকে সারির দূরত্ব ২.৫ মিটার এবং চারা থেকে চারার দূরত্ব ২.৫ মিটার।
448,গম-পাট-রোপা আমন ফসল বিন্যাস চাষের অর্থনৈতিক ফলাফল সম্পর্কে কী বলা হয়েছে?,কৃষক ১টি ফসল বেশি করার ফলে এই উন্নত ফসল বিন্যাসে নীট মুনাফা প্রায় শতকরা ২৫ ভাগ বৃদ্ধি পেয়েছে।
449,বারি চিনা-২ চাষের জন্য কী ধরনের মাটি বা জমি উপযোগী?,বারি চিনা-২ উৎপাদন প্রযুক্তি জমি নির্বাচন ও তৈরি: পানি জমে না এমন বেলে দোআঁশ বা দোআঁশ মাটি চিনা চাষের জন্য উপযুক্ত।
450,বারি চুইঝাল-১-এর ফসল সংগ্রহের নির্দেশনা কী?,১.৫-২.০ বছর পর কাণ্ড বা শাখা সংগ্রহ করা যায়।
451,মরিচ সম্পর্কে চারা রোপণের বিষয়ে কী বলা হয়েছে?,"খাটো, মোটা কাণ্ড ও ৪-৫ পাতা বিশিষ্ট চারা রোপণের জন্য উপযুক্ত।"
452,ডাঁটার জমি প্রস্তুতির সময় সার প্রয়োগ সম্পর্কে কী বলা হয়েছে?,জমি তৈরির সময় অর্ধেক পরিমাণ গোবর সার মাটিতে ভালভাবে মিশিয়ে দিতে হবে।
453,চীনাবাদাম চাষে বপন বা রোপণের দূরত্ব কত?,সারি থেকে সারির দূরত্ব ৩০ সে.মি. এবং গাছ থেকে গাছের দূরত্ব ১৫ সেমি।
454,গম-পাট-রোপা আমন ফসল বিন্যাসের রোগ ব্যবস্থাপনায় কী তথ্য আছে?,"মাটিতে পটাশিয়াম সার ব্যবহারের ফলে গাছের অন্যান্য খাদ্যোপাদানের মাত্রা ঠিক থাকে এবং পটাশিয়াম গাছকে রোগের আক্রমণ, ঠান্ডা ও খরা থেকে রক্ষা করে।"
455,বারি চুইঝাল-১-এর সংগ্রহকাল বা ফলন সম্পর্কে কী বলা হয়েছে?,বারি চুইঝাল-১ লাগানোর বা রোপণের ১.৫-২ বছরের মধ্যে ফসল সংগ্রহের উপযোগী হয়।
456,চিয়ার চারা পাতলা করার সময় কত?,বীজ গজানোর ১২-১৫ দিন পর চারা পাতলা করে দিতে হবে।
457,অড়হর কোথায় বা কী কাজে উপযোগী?,"কিন্তু লবণাক্ত, ক্ষারযুক্ত এবং জলাবদ্ধ মাটি অড়হর চাষের জন্য উপযোগী নয়।"
458,মরিচের সাথে পাতা জাতীয় সবজি আন্তঃফসল চাষে আগাছা বেশি হলে কী করতে হবে?,যদি আগাছা বেশি থাকে তাহলে নিড়ানী বেশি দিতে হবে।
459,চিয়া চারা কখন পাতলা করতে হবে?,বীজ গজানোর ১২-১৫ দিন পর চারা পাতলা করে দিতে হবে।
460,চুইঝালের চারা উৎপাদন ও পরিচর্যায় কী নির্দেশনা আছে?,লতার/শাখার মাধ্যমে উৎপাদিত চারার বৃদ্ধি ও ফলন দ্রুত হয়।
461,কাসাভা সম্পর্কে গাছে কন্দ সংরক্ষণ ও সংগ্রহ বিষয়ে কী বলা হয়েছে?,কাসাভার সবচেয়ে বড় সুবিধা হল কন্দ গাছের সাথে সংরক্ষিত থাকে এবং প্রয়োজনমত সংগ্রহ করা যায় তবে ৯-১০ মাসের পর থেকে তিতা হয়ে যায়।
462,কাঁঠালের জমিতে পানি জমা ঠেকাতে কী করতে হবে?,সাধারণত উঁচু ও মাঝারি উঁচু জমি যেখানে পানি নিষ্কাশনের সুব্যবস্থা রয়েছে এমন উর্বর জমি কাঁঠালের চাষের জন্য উপযোগী।
463,আগাম আলুর বারি আলু-৪১ ও বারি আলু-৯০ প্রযুক্তি কোথায় বা কোন ক্ষেত্রে উপযোগী?,উপযোগী অঞ্চল: কৃষি পরিবেশ অঞ্চল-৩ এর যেসব এলাকায় আগাম আলু চাষ হয় সেখানে প্রচলিত জাতের পরিবর্তে এ জাত দুটি লাভজনকভাবে চাষ করা যাবে।
464,বারি চিনা-২ কখন বপন করা উচিত?,চিনার চাষ রবি মৌসুমে করা হয়।
465,মরিচের সাথে পাতা জাতীয় সবজি আন্তঃফসল প্রযুক্তি কোথায় বা কোন ক্ষেত্রে উপযোগী?,"প্রযুক্তিটি কুষ্টিয়া, যশোর, পাবনা, জামালপুরও কুমিলাজেলায় প্রয়োগ করা যেতে পারে।"
466,গম-পাট-রোপা আমন ফসল বিন্যাসের সারের মাত্রা সম্পর্কে কী তথ্য আছে?,সেচসহ চাষের ক্ষেত্রে চারার তিন পাতা বয়সে প্রথম সেচের পর হেক্টরপ্রতি ৭৫-৯০ কেজি ইউরিয়া উপরি প্রয়োগ করতে হবে।
467,ডাঁটা সম্পর্কে সুনিষ্কাশিত স্যাঁতসেঁতে মাটি বিষয়ে কী বলা হয়েছে?,সুনিষ্কাশিত অথচ স্যাঁতস্যাঁতে থাকে এমন মাটিতে এটি সবচেয়ে ভালো জন্মে।
468,বারি চীনাবাদাম-১২-এর পাতার বৈশিষ্ট্য কী?,পাতার রং গাঢ় সবুজ বর্ণের।
469,গম-পাট-রোপা আমন ফসল বিন্যাস চাষে কতটি সেচ দিতে হবে?,মাটির প্রকারভেদে ২-৩টি সেচের প্রয়োজন হয়।
470,মুখীকচু কখন বা কীভাবে সংগ্রহ করতে হবে?,বীজ রোপণের ছয় মাস পর আগাম ফসল সেপ্টেম্বর (মধ্য-ভাদ্র) মাস থেকে মুখী সংগ্রহের উপযোগী হয় এবং ঐ সময় গাছের পাতা হলুদ বর্ণ ধারণ করতে থাকে এবং ধীরে ধীরে মারা যায়।
471,গম-পাট-রোপা আমন ফসল বিন্যাস চাষে কতদিন বা কত মাস পর্যন্ত আগাছা নিয়ন্ত্রণে রাখতে হবে?,পাট: পাটের জমি ৩০ থেকে ৪০ দিন পর্যন্ত আগাছামুক্ত রাখতে হবে।
472,বারি মরিচ-৬-এর ফুলের বৈশিষ্ট্য কী?,ফুলের দল ও পুংকেশর হালকা বেগুনি রঙের।
473,মরিচের চারা উৎপাদন ও পরিচর্যায় কী নির্দেশনা আছে?,চারার পরিচর্যা: চারার বয়স ৩০-৩৫ দিন হলে জমিতে লাগানোর উপযোগী হয়।
474,বারি ডাঁটা-৪-এর পাতার বৈশিষ্ট্য কী?,"কাণ্ড হালকা বেগুনী রংয়ের, খাড়া, নরম, শাখাহীন, কম আঁশযুক্ত, পাতার উপর পৃষ্ঠ সবুজ, নীচের পৃষ্ঠ হলকা বেগুণী এবং কিনারা লালচে রঙের, দ্রুত বর্ধনশীল জাত।"
475,বারি লটকন-২ বিষয়ে ফলের খণ্ড ও খাদ্যোপযোগী অংশ সম্পর্কে কী তথ্য আছে?,ফলের অভ্যন্তরে ৩-৪ টি খণ্ড বিদ্যমান এবং খাদ্যোপযোগী অংশ প্রায় ৫৭.০৭ %।
476,চীনাবাদাম সংগ্রহের পর কীভাবে শুকানো বা ব্যবস্থাপনা করতে হবে?,গাছ থেকে ছড়ানো খোসাসহ পরিপক্ক পুষ্ট বাদাম উজ্জ্বল রোদে ১ম ও ২য় দিন দৈনিক ৪ ঘন্টা করে শুকাতে হয়।
477,কফি বপন বা রোপণে কী দূরত্ব রাখতে হয়?,তারপর ৩-৫ সে.মি. দূরত্বে বীজ বপন করতে হবে।
478,মাঠের ইঁদুর ব্যবস্থাপনার ক্ষতিকর পোকা বা প্রাণী দমনে কী তথ্য আছে?,বাংলাদেশের সব এলাকায় সারা বছর ব্যবহার উপযোগী।
479,লটকনের সেচ সম্পর্কে কী বলা হয়েছে?,প্রতিবার সার দেওয়ার পরে হালকা সেচ দিতে হবে।
480,ছাদ বাগানের স্মার্ট সেচ সম্পর্কে পরিচালনার দক্ষতার প্রয়োজন বিষয়ে কী বলা হয়েছে?,সেচ ব্যবস্থাপনা পদ্ধতিটি পরিচালনার জন্য তেমন দক্ষতার প্রয়োজন হয় না।
481,বারি চিনা-২-এর হাজার দানার ওজন কত?,হাজার দানার ওজন ৫-৫.৫ গ্রাম।বাংলাদেশের সকল এলাকাতে এই জাতটি চাষ করা যায়।
482,বারি ডাঁটা-৪ চাষে কী পরিমাণ ফলন পাওয়া যায়?,শাক হিসেবে হেক্টর প্রতি গড় ফলন ১২-১৫ টন এবং ডাঁটা হিসেবে হেক্টর প্রতি গড় ফলন ৫০-৫২ টন।
483,বারি চিনা-২-এর চারা পাতলা করার সময় কত?,বীজ গজানোর ১২-১৫ দিন পর চারা পাতলা করে দিতে হবে।
484,লটকন কীভাবে চাষ বা বপন করতে হবে?,যেকোনো প্রকার মাটিতে লটকন এর চাষ করা যায়।
485,মরিচ চাষে বপন বা রোপণের দূরত্ব কত?,সারি থেকে সারি ৫০ সে.মি. এবং গাছ থেকে গাছ ৫০ সে.মি. দূরত্বে বপন করতে হবে।
486,মেটে আলু সম্পর্কে মাদা তৈরির সময় সার প্রয়োগ বিষয়ে কী বলা হয়েছে?,"গোবর বা খামার জাত সার, ছাই ও টিএসপি সারের সবটুকু এবং অর্ধেক এমপি সার মাদা তৈরির সময় মাদার মাটির সাথে ভালভাবে মিশিয়ে দিতে হবে।"
487,বারি কফি-১ কোথায় বা কী কাজে উপযোগী?,খরা সহিষ্ণু ও আংশিক ছায়াযুক্ত স্থানে বিশেষভাবে অন্য ফল বাগানের ভিতরে চাষ উপযোগী।
488,চিয়ার মৌসুম-সংক্রান্ত তথ্য কী?,"চিয়া বাংলাদেশে একটি নতুন সম্ভবনাময় ফসল, যা রবি মৌসুমে চাষাবাদ করা যায়।"
489,চিনা সম্পর্কে চিনার সেচের প্রয়োজন বিষয়ে কী বলা হয়েছে?,চিনার জন্য পানি সেচের দরকার পড়ে না।
490,চুইঝালের কাণ্ড সম্পর্কে কী তথ্য আছে?,অঙ্গজ প্রজনন বা লতা কাটিং পদ্ধতিতে এর কাণ্ড বা শাখা ৩০ থেকে ৩৫ সেন্টিমিটার লম্বা করে কেটে সরাসরি মাটিতে রোপণ করা হয়।
491,বারি আলু-১০৩-এর শুষ্ক পদার্থ সম্পর্কে কী তথ্য আছে?,শুষ্ক পদার্থ ২০% এর উপরে যা অনুকূল পরিবেশে ২২% পর্যন্ত হয়।
492,বারি ঝাড়শীম-৪-এর ব্যবহার বা উপযোগিতা সম্পর্কে কী বলা হয়েছে?,এটির পড ও বীজ উভয়ই খাওয়া যায়।
493,পানিকচু চারা রোপণে দেরি হলে চারা কোথায় রাখতে হবে?,মূল জমিতে চারা রোপণ করতে দেরি হলে পানিকচুর চারা ভেজা মাটি ও ছায়া যুক্ত স্থানে রেখে দিতে হবে।
494,পানিকচুর চারা সম্পর্কে কী তথ্য দেওয়া হয়েছে?,চারা রোপণের আগে এর পাতা ও শিকড় ছেটে দিলে দ্রুত মাটিতে প্রতিষ্ঠিত হয়।
495,মুখীকচুর ফসল সংগ্রহের নির্দেশনা কী?,বীজ রোপণের ছয় মাস পর আগাম ফসল সেপ্টেম্বর (মধ্য-ভাদ্র) মাস থেকে মুখী সংগ্রহের উপযোগী হয় এবং ঐ সময় গাছের পাতা হলুদ বর্ণ ধারণ করতে থাকে এবং ধীরে ধীরে মারা যায়।
496,কফির চারা উৎপাদন ও পরিচর্যায় কী নির্দেশনা আছে?,কফির বীজ থেকে সবচেয়ে কম খরচে ও সহজে চারা উৎপাদন করা যায়।
497,চীনাবাদাম চাষের জন্য উপযুক্ত মাটির পিএইচ কত?,পিএইচ ৬.০-৬.৫ এ চীনাবাদাম এর উৎপাদন ভাল হয়।
498,বারি সোলার টানেল ড্রায়ার চাষের অর্থনৈতিক ফলাফল সম্পর্কে কী বলা হয়েছে?,"মূল্য: ২০,০০০.০০ টাকা (এমএস)।"
499,জোয়ার উপযুক্ত বপনের সময় কোনটি?,জোয়ার এমন একটি ফসল যা রবি ও খরিফ-১ উভয় মৌসুমে চাষ করা যায়।
500,জারবেরার টিস্যু কালচার চারা সম্পর্কে কী তথ্য দেওয়া হয়েছে?,বৈশিষ্ট্য সমূহ অধিক সংখ্যক সুস্থ সবল ও রোগমুক্ত জারবেরা চারা পাওয়া যায়।
501,বারি পানিকচু-৯-এর লতির বৈশিষ্ট্য কী?,বারি পানিকচু-৯ এর প্রধান ভক্ষণযোগ্য অংশ হলো লতি।
502,চিয়া চাষে পানি জমে থাকা নিয়ে কী বলা হয়েছে?,চিয়ার এ লাইনটি চারা অবস্থায় ২-৩ দিন পর্যন্ত জলাবদ্ধতা সহ্য করতে পারে।
503,সুপারির জমি প্রস্তুতি সম্পর্কে কী নির্দেশনা আছে?,বীজতলার জমি ৪-৫ বার ভালভাবে চাষ দিয়ে আগাছা ও আবর্জনা পরিষ্কার করে ফেলতে হবে।
504,বেগুনের সাথে পেঁয়াজ ও রসুন আন্তঃফসলের সেচ সম্পর্কে কী বলা হয়েছে?,সেচ প্রয়োগ চারা রোপণের কয়েক দিন পর হালকা সেচ ও পরবর্তী প্রতি কিস্তি সার প্রয়োগের পর জমিতে সেচ দিতে হবে।
505,চুইঝাল: পলিব্যাগে চারা তৈরির ক্ষেত্রে প্রসঙ্গে কী তথ্য আছে?,"পলিব্যাগে চারা তৈরির ক্ষেত্রে একটি, দুইটি বা তিনটি গিট সম্পন্ন লতার কাটিং নেয়া হয়।"
506,চিয়ার সার প্রয়োগ সম্পর্কে কী বলা হয়েছে?,যে সমস্ত জমিতে বোরণ ও জিংকের ঘাটতি আছে সেসব জমিতে কাঙ্ক্ষিত ফলন পাওয়ার জন্য হেক্টর প্রতি ৫ কেজি হারে বরিক এসিড ও জিংক সালফেট প্রয়োগ করত হবে।
507,জোয়ার ফসল সংগ্রহের নির্দেশনা কী?,এছাড়া দু' একটি বীজ দাঁতে কাটার পর 'কট' করে শব্দ হলে বুঝতে হবে ফসল কাটার উপযুক্ত সময় হয়েছে।
508,কফির গাছ কতটা লম্বা হয়?,এরাবিকা জাতের জন্য তুলনামূলক বেশি উচ্চতার প্রয়োজন হয়।
509,সুপারির সেচ ব্যবস্থাপনায় কী নির্দেশনা আছে?,নালাগুলোর মধ্যে দিয়ে সেচ ও নিকাশের সুবিধা পাওয়া যায় এবং চারার পরিচর্যা করা সহজ হয়।
510,চীনাবাদামের মাটির পিএইচ সম্পর্কে কী বলা হয়েছে?,পিএইচ ৬.০-৬.৫ এ চীনাবাদাম এর উৎপাদন ভাল হয়।
511,লটকন বিষয়ে মাদা তৈরির পর চারা লাগানোর সময় সম্পর্কে কী তথ্য আছে?,মাদা তৈরির ১৫-২০ দিন পর চারা/কলম লাগাতে হবে।
512,বারি কাঁঠাল-৫-এর ফলের গড় ওজন কত?,ফলের আকার মাঝারি এবং ফলের ওজন মোটামুটি ৪-৫ কিলো গ্রাম পর্যন্ত হয়ে থাকে।
513,আলুর টিউবার মথ ব্যবস্থাপনার পোকামাকড় বা ক্ষতিকর প্রাণী ব্যবস্থাপনায় কী বলা হয়েছে?,আর্থ-সামাজিক প্রেক্ষাপট: প্রযুক্তি ব্যবহারে আলুর সুতলি পোকা দমন করার মাধ্যমে আলুর সংগ্রহোত্তর ক্ষতি কমানো সম্ভব।
514,কাসাভা বিষয়ে কন্দের ফলন সম্পর্কে কী তথ্য আছে?,জাতটির কন্দের গড় ফলন ৫৪.৩১ টন/হেক্টর।
515,বারি কফি-১ বিষয়ে এরাবিকা কফি সংগ্রহের সময় সম্পর্কে কী তথ্য আছে?,এরাবিকা সাধারণত অক্টোবর থেকে নভেম্বর মাসের শুরু থেকে সংগ্রহ করার উপযোগী হয়।
516,বারি সুপারি-১-এর খোসাসহ একক কাঁচা সুপারির গড় ওজন কত?,খোসা সহ একক কাঁচা সুপারির গড় ওজন ৩৫.৬৭ গ্রাম।
517,মেটে আলু বপন বা রোপণে কী দূরত্ব রাখতে হয়?,গিট থেকে গিটের দূরত্ব ২০ সে.মি. (মাটি থেকে ১ মিটার এর মধ্যে)।
518,আলু সম্পর্কে আলু উত্তোলনের পর রোদে রাখা বিষয়ে কী বলা হয়েছে?,আলু উঠানোর পর প্রখর রৌদ্রে রাখা যাবে না।
519,কাঁঠাল সম্পর্কে বর্ষায় পানি নিষ্কাশন বিষয়ে কী বলা হয়েছে?,বর্ষা মৌসুমে বৃষ্টির পানি দ্রুত নিষ্কাশনের সুব্যবস্থা করা আবশ্যক।
520,বারি মুখীকচু-৩-এর জীবনকাল কত?,খাওয়ার উপযোগী সংগ্রহকাল ২৩০-২৬০ দিন এবং বীজের জন্য জীবনকাল ২৭০-৩০০ দিন।
521,চিয়ার ব্যবহার বা উপযোগিতা সম্পর্কে কী বলা হয়েছে?,চিয়ার বীজ সহজে হজম যোগ্য হওয়ায় সম্পূর্ণ দানা খাওয়া যায়।
522,বারি আলু-১০৪-এর গাছের উচ্চতা কত?,গাছ মধ্যম উচ্চতা সম্পন্ন ইন্টারমিডিয়েট টাইপ এবং গড়ে ৩-৫টি কাণ্ড থাকে।
523,বারি কাঁঠাল-৫ প্রযুক্তি কোথায় বা কোন ক্ষেত্রে উপযোগী?,বাংলাদেশের প্রায় সব জেলাতেই এ জাতের কাঁঠালের চাষ সম্ভব।
524,কফি সম্পর্কে এরাবিকা ও রোবাস্টার রোপণ দূরত্ব বিষয়ে কী বলা হয়েছে?,সাধারণত এরাবিকা জাতের জন্য ২ × ২.৫ মি. এবং রোবাস্টা জাতের জন্য ৩ × ৩ মি. দূরত্বে চারা রোপণ করতে হবে।
525,চীনাবাদাম বিষয়ে কম তাপমাত্রার প্রভাব সম্পর্কে কী তথ্য আছে?,রবি মৌসুমে তাপমাত্রা কম থাকলে গাছের বৃদ্ধি খুব ধীরগতিতে হয়।
526,আলু চাষে সার প্রয়োগের পর সঙ্গে সঙ্গে কী করতে হবে?,সার প্রয়োগের পর সাথে সাথে সার ও বীজ মাটি দিয়ে ভেলী তুলে ঢেকে দিতে হবে।
527,জোয়ার বীজ বা দানা সম্পর্কে কী তথ্য আছে?,জোয়ারের দানা বিভিন্ন রং এর হয়ে থাকে।
528,ভুট্টা-রোপা আউশ-রোপা আমন ফসলধারার রোগ দমন বা সহনশীলতা সম্পর্কে কী বলা হয়েছে?,রোপা আউশ: স্টেমবোরার পোকা দমনের জন্য ভিরতাকো এবং শীথ ব্লাইট দমনের জন্য ফুলিকুর ০.৫ মিলি/ লিটার হারে প্রয়োগ করতে হবে।
529,সুপারি বিষয়ে বীজতলা সম্পর্কে কী তথ্য আছে?,"দো-আঁশ, পলি দো-আঁশ মাটি বীজতলার জন্য উপযুক্ত।"
530,বারি ঝাড়শীম-৪-এর বীজের ফলন কত?,হেক্টর প্রতি পডের গড় ফলন ৩৭.৮২ টন এবং বীজের ফলন ১৬.৪৯ টন।
531,জোয়ার মাটির পিএইচ সম্পর্কে কী বলা হয়েছে?,খরাযুক্ত জমিতে (পিএইচ ৫.৫-৮.৫) জোয়ার ভালো হয়।
532,বারি চীনাবাদাম-১২-এর গাছের উচ্চতা কত?,গাছের উচ্চতা ৩০-৪৫ সে.মি.।
533,কাসাভা চাষে কোন সার কত পরিমাণে দিতে হবে?,সম্পূর্ণ গোবর সার (১০.১৫ টন) ও টিএসপি (১২৫ কেজি) শেষ জমি চাষের সময় ভালভাবে মাটির সাথে মিশিয়ে দিতে হয়।
534,বারি অড়হর-১-এর কাণ্ড সম্পর্কে কী তথ্য আছে?,গাছের কাণ্ড গোড়ার দিকে কাষ্ঠল বর্ণের এবং উপরের দিকে সবুজ।
535,কাঁঠালের মাটি ও জমি নির্বাচন সম্পর্কে কী বলা হয়েছে?,"দোআঁশ, বেলে দোআঁশ, এঁটেল এমন কি কাকুরে মাটিতেও এর চাষ করা যায়।"
536,মেটে আলুর রং-সংক্রান্ত বৈশিষ্ট্য কী?,বোটার গোড়ায় গোলাপী রঙ থাকে।
537,চীনাবাদামের ফসল সংগ্রহের নির্দেশনা কী?,চীনাবাদাম গাছের শতকরা ৭৫-৮০ ভাগ বাদাম যখন পরিপক্ক হয় তখন ফসল উঠানোর সঠিক সময়।
538,লটকন সম্পর্কে মাদা তৈরির পর চারা লাগানোর সময় বিষয়ে কী বলা হয়েছে?,মাদা তৈরির ১৫-২০ দিন পর চারা/কলম লাগাতে হবে।
539,বারি চুইঝাল-১-এর গাছের গঠন বা বৃদ্ধির বৈশিষ্ট্য কী?,গাছ প্রতি প্রাথমিক শাখার সংখ্যা গড়ে ৭৫-৮০টি।
540,কাঁঠাল সম্পর্কে অম্লীয় মাটির উপযোগিতা বিষয়ে কী বলা হয়েছে?,অম্লীয় মাটিতে কাঁঠাল গাছের বৃদ্ধি ভাল হয় বলে অম্ল মাটি কাঁঠাল চাষের জন্য বিশেষ উপযোগী।
541,মিষ্টি মরিচের জিংক ও বোরন প্রযুক্তি কোথায় বা কোন ক্ষেত্রে উপযোগী?,অঞ্চল- কৃষি পরিবেশ অঞ্চল -২৮।
542,পানিকচুর হেক্টরপ্রতি চারার সংখ্যা কত?,প্রতি হেক্টর জমিতে চারার প্রয়োজন ৩৭০০০টি।
543,চীনাবাদামের অঙ্কুর সম্পর্কে কী তথ্য আছে?,বীজ বপনের পূর্বে বীজের অঙ্কুরোদগম হার শতকরা ৮০-৮৫ ভাগ আছে কিনা তা যাচাই করে নিতে হবে।
544,চীনাবাদামের জমিতে পানি জমা ঠেকাতে কী করতে হবে?,"চীনাবাদাম জলাবদ্ধতা সহ্য করতে পারেনা, বিধায় পানি নিষ্কাশনের জন্য সু-ব্যবস্থা থাকা বাঞ্ছনীয়।"
545,মরিচের সাথে পাতা জাতীয় সবজি আন্তঃফসল সম্পর্কে পাতা জাতীয় সবজি সংগ্রহের সময় বিষয়ে কী বলা হয়েছে?,পাতা জাতীয় সবজি: বপনের ৩০-৩৫ দিন পর সংগ্রহ করা যায়।
546,বারি পানিকচু-৯-এর লতির সংখ্যা ও গড় ওজন সম্পর্কে কী তথ্য আছে?,"প্রতিটি লতির গড় ওজন ৩৩ গ্রাম, দৈর্ঘ্য ৬৪ সেমি এবং ব্যাস প্রায় ১.০ সেমি।"
547,মাঠের ইঁদুর ব্যবস্থাপনা সম্পর্কে সমন্বিত ইঁদুর ব্যবস্থাপনার বিষয়ে কী বলা হয়েছে?,সমন্বিত ইঁদুর ব্যবস্থাপনার একটি উপায় হিসাবে এটি ব্যবহার করা যাবে।
548,চীনাবাদাম সম্পর্কে পানি নিষ্কাশনের জন্য নালা বিষয়ে কী বলা হয়েছে?,শেষ চাষের সময় মই দিয়ে মাটি সমান করে জমির চারপাশ দিয়ে নালার ব্যবস্থা করতে হবে; যাতে পরবর্তীতে সেচ ও অতিরিক্ত বৃষ্টির কারণে পানি নিষ্কাশনে সুবিধা হয়।
549,কাসাভা চাষের মাটি ও জলবায়ু সম্পর্কে কী বলা হয়েছে?,অতিরিক্ত বেলে ও এঁটেল মাটি বাদ দিয়ে সব ধরনের মাটিতেই কাসাভা চাষ করা যায়।
550,মুখীকচুর জীবনকাল কত?,"মাঠে ফসলের জীবনকাল: ২৩০-২৬০ দিন (খাওয়ার উপযোগী), ২৭০-৩০০ দিন (বীজ হইতে বীজ)।"
551,বারি হাইব্রিড ভুট্টা-১৪-এর রবি মৌসুমের জীবনকাল কত?,রবি মৌসুমে বারি হাইব্রিড ভুট্টা-১৪-এর জীবনকাল প্রায় ১৪০ দিন।
552,সুপারির ফলন আসতে শুরু করতে কত সময় লাগে?,সুপারির চারা লাগানোর পর সঠিক ভাবে যত্ন নিলে ৪-৫ বৎসরের মধ্যেই ফলন আসতে শুরু করে।
553,বারি আলু-১০১-এর গাছের উচ্চতা কত?,গাছ মধ্যম উচ্চতাসম্পন্ন ইন্টারমিডিয়েট টাইপ এবং গড়ে ৪-৫ টি কাণ্ড থাকে।
554,পানিকচুর সার ব্যবস্থাপনায় কী নির্দেশনা আছে?,চারা রোপণের ১.৫-২ মাস সময়ে অর্ধেক এমওপি এবং ইউরিয়ার এক ষষ্ঠাংশ ছিটিয়ে দিতে হবে।
555,অড়হর চাষে বপন বা রোপণের দূরত্ব কত?,ভালভাবে গাছের বৃদ্ধির জন্য সারি থেকে সারির দূরত্ব ২ থেকে ২.৫ মিটার এবং গাছ হতে গাছের দূরত্ব ২ মিটার করে রাখতে হবে।
556,চুইঝালের সার প্রয়োগের অবস্থান বা দূরত্ব কী?,প্রতি বছর বর্ষার আগে ও পরে গাছের গোড়া থেকে ৫০ সেমি দূরে সার প্রয়োগ করতে হবে।
557,চিয়ার রোগ দমন বা সহনশীলতা সম্পর্কে কী বলা হয়েছে?,গবেষণাকালে জাতটিতে রোগ ও পোকামাকড়ের আক্রমণ পরিলক্ষিত হয়নি।
558,ছাদ বাগানের স্মার্ট সেচের গাছের গঠন বা বৃদ্ধির বৈশিষ্ট্য কী?,১৬ মিমি টিউব / পাইপ কে মেইন লাইন হিসেবে ব্যবহার করা হয় যা গাছের সারির শুরু থেকে শেষ পর্যন্ত বিস্তৃত থাকে।
559,মরিচের বীজতলা প্রস্তুতি সম্পর্কে কী বলা হয়েছে?,বীজতলার মাটির উপর ৩-৪ সেন্টিমিটার ধানের খড়ের স্তর তৈরি করে পুড়িয়ে মাটি শোধন করতে হবে।
560,আগাম আলুর বারি আলু-৪১ ও বারি আলু-৯০ বিষয়ে উন্নত ফসল বিন্যাসের সম্পর্কে কী তথ্য আছে?,উন্নত এই ফসল বিন্যাসের মাধ্যমে হেক্টর প্রতি মোট মুনাফা ১৯৯৮৬০/- টাকা যেখানে কৃষকের প্রচলিত ফসল বিন্যাসে এই মুনাফা মাত্র ১৭১৩১০/- টাকা।
561,কাসাভার জমিতে পানি জমা ঠেকাতে কী করতে হবে?,বন্যা বা বৃষ্টির পানি যাতে জমিতে না জমতে পারে সে জন্য নিষ্কাশনের সু-ব্যবস্থা থাকতে হবে।
562,মরিচের বীজতলা ও চারা তৈরিতে কী নির্দেশনা আছে?,বীজতলার মাটির উপর ৩-৪ সেন্টিমিটার ধানের খড়ের স্তর তৈরি করে পুড়িয়ে মাটি শোধন করতে হবে।
563,কাসাভার জমি আগাছামুক্ত রাখার নির্দেশনা কী?,অন্যান্য ফসলের মত আগাছা কাসাভার ফলন কমিয়ে দিতে পারে তাই জমি সব সময় আগাছা মুক্ত রাখতে হবে।
564,চুইঝালের সেচ সম্পর্কে কী বলা হয়েছে?,"সার ও সেচ ব্যবস্থাপনা: চারা রোপণের কমপক্ষে ১০-১৫ দিন আগে গর্ত প্রতি ১০ কেজি পচা গোবর সার, ১১৫ গ্রাম টিএসপি, ১০০ গ্রাম এমওপি সার মিশিয়ে দিয়ে গর্ত ভরাট করে রেখে দিতে হয়।"
565,সুপারি সম্পর্কে প্রতিটি বীজতলা মিটার চওড়া প্রসঙ্গে উৎসে কী বলা হয়েছে?,প্রতিটি বীজতলা ১-১.৫ মিটার চওড়া এবং ৩ মিটার লম্বা হওয়া উচিত।
566,গম-পাট-রোপা আমন ফসল বিন্যাস সম্পর্কে তৃতীয় সেচ বিষয়ে কী বলা হয়েছে?,তৃতীয় সেচ ৭৫-৮০ দিন পর দিতে হবে।
567,পানিকচুর চারা উৎপাদন ও পরিচর্যায় কী নির্দেশনা আছে?,চারা রোপণের আগে এর পাতা ও শিকড় ছেটে দিলে দ্রুত মাটিতে প্রতিষ্ঠিত হয়।
568,ছাদ বাগানের স্মার্ট সেচ সম্পর্কে পানির ট্যাংকের ব্যবহার বিষয়ে কী বলা হয়েছে?,স্মার্ট সেচ পদ্ধতির আর্কিটেকচার স্মার্ট সেচ ব্যবস্থাপনা পদ্ধতিটির গুরুত্বপূর্ণ অংশসমূহের বর্ণনা পানির ট্যাংক ব্যবহার করা হয় যা ছাদে অবস্থিত থাকে।
569,কাসাভা চাষে পানি নিষ্কাশনের ব্যবস্থা কেমন হওয়া উচিত?,বন্যা বা বৃষ্টির পানি যাতে জমিতে না জমতে পারে সে জন্য নিষ্কাশনের সু-ব্যবস্থা থাকতে হবে।
570,বারি কাঁঠাল-৫-এর গাছের উচ্চতা কত?,গাছের উচ্চতা সাধারণতঃ ১০-১২ মিটার পর্যন্ত হয়ে থাকে।
571,কফি কোথায় বা কী কাজে উপযোগী?,বাংলাদেশের পার্বত্য অঞ্চলের মাটি ও জলবায়ু বাণিজ্যিক কফি চাষের জন্য উপযোগী।
572,পানিকচু চাষে জমি তৈরির সময় সার কীভাবে দিতে হবে?,"গোবর বা কম্পোস্ট, টিএসপি, জিপসাম, জিংক সালফেট, বরিক এসিড এবং অর্ধেক এমওপি সার জমি তৈরির সময় শেষ চাষের আগে প্রয়োগ করতে হবে।"
573,কফির সার ব্যবস্থাপনায় কী নির্দেশনা আছে?,বছরে ৪ বার গাছের গোড়ায় সার প্রয়োগ করলে ভাল ফলাফল পাওয়া যায়।
574,বারি পানিকচু-৮ বিষয়ে লতির গঠন সম্পর্কে কী তথ্য আছে?,লতি তুলনামূলক মোটা এবং খাটো।
575,বারি কাঁঠাল-৬-এর গাছের বৃদ্ধি ও শাখা-প্রশাখা সম্পর্কে কী বলা হয়েছে?,"গাছ বিস্তৃত ডাল-পালা বিশিষ্ট, সতেজ ও সবুজ।"
576,ছাদ বাগানের স্মার্ট সেচ বিষয়ে গুরুত্ব পদ্ধতিটি স্বয়ংক্রিয় সম্পর্কে কী তথ্য আছে?,গুরুত্ব: পদ্ধতিটি স্বয়ংক্রিয় হওয়ায় সেচ ব্যবস্থাপনা পরিচালনার জন্য সব সময় মানুষের প্রয়োজন হয় না।
577,অড়হর চাষের জন্য উপযুক্ত মাটির পিএইচ কত?,"মাটির পিএইচ মাত্রা ৫.৫ থেকে ৭.৫ সহ পূর্ণ রোদ, উর্বর এবং সুনিষ্কাশিত দোআঁশ মাটি অড়হর চাষের জন্য সবচেয়ে উপযোগী।"
578,কাঁঠালের বংশবিস্তার সম্পর্কে কী তথ্য আছে?,বংশবিস্তার: সাধারণত কাঁঠালের বীজ থেকেই চারা তৈরি করা হয়।
579,মাঠের ইঁদুর ব্যবস্থাপনা সম্পর্কে গর্তে গোবরের বল ব্যবহারের পদ্ধতি বিষয়ে কী বলা হয়েছে?,ইঁদুরের গর্তের মুখ পরিষ্কার করে ভিতরে গোবরের বল দিয়ে মুখ বন্ধ করে দিতে হয়।
580,বারি মেটে আলু-৪-এর কন্দ বা রাইজোম সম্পর্কে কী বলা হয়েছে?,টিউবারের মাংসল ক্রিম বর্ণের এবং বালুর মত টেক্সার যা কাটার পর এক থেকে দুই মিনিটের মধ্যে অক্সিডেশন হয়ে বাদামী রং ধারণ করে সাথে হালকা গাম নির্গত হয়।
581,সয়াবিন-রোপা আউশ-রোপা আমন ফসল বিন্যাসের সার প্রয়োগ সম্পর্কে কী বলা হয়েছে?,ইউরিয়া অর্ধেক ইউরিয়া সমান তিন সমান ৩ বীজ বপনের কিস্তিতে প্রয়োগ কিস্তিতে প্রয়োগ ২০-২৫ দিনে করতে হবে।
582,বারি বার্লি-১০-এর বীজ বা দানা সম্পর্কে কী তথ্য আছে?,বৈশিষ্ট্য জাতটির শীষ ছয় সারি বিশিষ্ট ও দানা খোসামুক্ত।
583,বেগুনের সাথে পেঁয়াজ ও রসুন আন্তঃফসলের চারা উৎপাদন ও পরিচর্যায় কী নির্দেশনা আছে?,বেগুনের চারা গাছ রোপণের ১২-১৫ দিন পর পেঁয়াজ চারা ও রসুন কোয়া বপন করতে হবে।
584,বারি চুইঝাল-১-এর ফলন কত?,তিন বছর বয়সী প্রতি গাছের ফলন ৯-১১ কেজি।
585,সুপারি বিষয়ে সার প্রয়োগের পর করণীয় সম্পর্কে কী তথ্য আছে?,সার প্রয়োগের পর সেচ প্রদান করে মালচিং করে দিলে ভাল ফল পাওয়া যাবে।
586,বারি চীনাবাদাম-১২-এর পাতা সম্পর্কে কী তথ্য আছে?,পাতার রং গাঢ় সবুজ বর্ণের।
587,বারি মুখীকচু-৩ সাধারণত কতদিনে জীবনচক্র সম্পন্ন করে?,খাওয়ার উপযোগী সংগ্রহকাল ২৩০-২৬০ দিন এবং বীজের জন্য জীবনকাল ২৭০-৩০০ দিন।
588,চুইঝালের সেচ ব্যবস্থাপনায় কী নির্দেশনা আছে?,"সার ও সেচ ব্যবস্থাপনা: চারা রোপণের কমপক্ষে ১০-১৫ দিন আগে গর্ত প্রতি ১০ কেজি পচা গোবর সার, ১১৫ গ্রাম টিএসপি, ১০০ গ্রাম এমওপি সার মিশিয়ে দিয়ে গর্ত ভরাট করে রেখে দিতে হয়।"
589,চর এলাকায় বিনা চাষে পেঁয়াজ বিষয়ে নিড়ানী সম্পর্কে কী তথ্য আছে?,জমিতে আগাছার পরিমাণ বেশি হলে ৪০-৫০ দিনের মধ্যে দ্বিতীয়বার নিড়ানী দিয়ে আগাছা দমন করতে হবে।
590,বারি অড়হর-১ বীজ দেখতে কোন রঙের?,প্রতি পডে বীজের সংখ্যা ৪-৫ টা এবং বীজের রং লালচে বাদামী।
591,মেটে আলু চাষে কোন সার কত পরিমাণে দিতে হবে?,"হেক্টরপ্রতি ২০ টন গোবর বা খামারজাত সার ও ২ টন ছাই, ২৬০ কেজি ইউরিয়া, ৩০০ কেজি টিএসপি এবং ১৬০ কেজি এমপি সার প্রয়োগ করতে হবে।"
592,বেগুনের সাথে পেঁয়াজ ও রসুন আন্তঃফসল কখন বা কীভাবে সংগ্রহ করতে হবে?,প্রতিকূল আবহাওয়ায় একটি ফসল ক্ষতিগ্রস্ত হলেও কৃষক কমপক্ষে একটি ফসল সংগ্রহ করতে পারবে।
593,মরিচের সাথে পাতা জাতীয় সবজি আন্তঃফসল চাষে কতটি সেচ দিতে হবে?,জমির আর্দ্রতার উপর নির্ভর করে ৩/৪টি সেচ দিতে হবে।
594,বারি সুপারি-১-এর ফলন কত?,খোসাসহ কাঁচা সুপারির গড় ফলন ২৮.২৪ টন/হেক্টর (উচ্চ ফলনশীল)।
595,সুপারি চাষে আগাছা বেশি হলে কী করতে হবে?,বর্ষাকালে আগাছা বেশি হয় বিধায় ঘন ঘন আগাছা পরিষ্কার করতে হবে।
596,চীনাবাদামের বীজ বা দানা সম্পর্কে কী তথ্য আছে?,বীজ ও খোসার অনুপাত ৭:৩ অর্থাৎ ১০ কেজি খোসাসহ বাদামে ৭ কেজি বীজ পাওয়া যায়।
597,মুখীকচু চাষে কী পরিমাণ ফলন পাওয়া যায়?,উচ্চ ফলনশীল এ জাতের গড় ফলন হেক্টর প্রতি প্রায় ৪০-৪৫ টন।
598,চরাঞ্চলে চীনাবাদামের উপযুক্ত মাটি কোনটি?,চীনাবাদাম উৎপাদনের জন্য চরাঞ্চলের বেলে মাটি সবচেয়ে ভাল।
599,বারি আলু-১০১-এর গাছের গঠন বা বৃদ্ধির বৈশিষ্ট্য কী?,গাছ কিছুটা খাড়া প্রকৃতির ও শাখা প্রশাখা বেশি।
600,সুপারির সার ব্যবস্থাপনায় কী নির্দেশনা আছে?,"বীজতলার জমির উর্বরতা অনুযায়ী হেক্টরপ্রতি ১৫-২০ টন গোবর বা জৈব সার প্রয়োগ করতে হবে, তবে কোনো রাসায়নিক সার প্রয়োগের প্রয়োজন নেই।"
601,গম-পাট-রোপা আমন ফসল বিন্যাস কীভাবে রোপণ করতে হবে?,৮ থেকে ১০ সারি পরপর এক সারি বাদ দিয়ে চারা রোপণ করলে ধান গাছ পর্যাপ্ত আলো বাতাস পায়।
602,ছাদ বাগানের স্মার্ট সেচ সম্পর্কে ডিজিটাল টাইমারে সেচ সময় সেট করা বিষয়ে কী বলা হয়েছে?,যখন প্রোগ্রামেবল ডিজিটাল টাইমার ব্যবহার করা হবে তখন ম্যানুয়ালি সেচের সময় ও অন্তর সেট করে দিতে হবে।
603,পালংশাকের কম্পোস্ট ব্যবস্থাপনার উপযুক্ত বপনের সময় কোনটি?,প্রযুক্তি ব্যবহারের তথ্য: শস্য: পালংশাক; জাত: বারি পালংশাক-২; বপনের সময়: ১৫-৩০ নভেম্বর।
604,মরিচ ছিটানো পদ্ধতিতে বীজের হার কত?,বীজ হার ছিটিয়ে বপন করলে ২.৫-৩.০ কেজি/হে. চারা উৎপাদন করে ১.০-১.৫ কেজি/হে. হেক্টর প্রতি ৪০০০০-৪৫০০০ গাছ থাকলে ভাল ফলন পাওয়া যায়।
605,ভালো ফলনের জন্য মরিচের সাথে পাতা জাতীয় সবজি আন্তঃফসল চাষে কয়টি সেচ প্রয়োজন?,জমির আর্দ্রতার উপর নির্ভর করে ৩/৪টি সেচ দিতে হবে।
606,বারি চিনা-২ চারা কখন পাতলা করতে হবে?,বীজ গজানোর ১২-১৫ দিন পর চারা পাতলা করে দিতে হবে।
607,বারি ডাঁটা-৪-এর পাতা সম্পর্কে কী তথ্য আছে?,"কাণ্ড হালকা বেগুনী রংয়ের, খাড়া, নরম, শাখাহীন, কম আঁশযুক্ত, পাতার উপর পৃষ্ঠ সবুজ, নীচের পৃষ্ঠ হলকা বেগুণী এবং কিনারা লালচে রঙের, দ্রুত বর্ধনশীল জাত।"
608,টমেটোর সমন্বিত আগাছা ব্যবস্থাপনা চাষে আগাছা ফসলের সঙ্গে কীভাবে প্রতিযোগিতা করে?,"আগাছা দ্রুত বৃদ্ধি লাভ করে এবং টমেটোর সাথে প্রতিযোগিতা করে পুষ্টি উপাদান, স্থান ও সূর্যালোক গ্রহণ করে।"
609,কাসাভা চাষে কী পরিমাণ ফলন পাওয়া যায়?,সঠিকভাবে পরিচর্যা করলে কন্দের ফলন হেক্টরপ্রতি ৪০-৬০ টন সহজেই পাওয়া সম্ভব।
610,চুইঝাল কখন রোপণ করা উচিত?,এপ্রিল-জুন মাস চুইঝালের লতা বা চারা রোপণের উপযুক্ত সময়।
611,মাঠের ইঁদুর ব্যবস্থাপনা বিষয়ে প্রযুক্তি ব্যবহার পদ্ধতির সম্পর্কে কী তথ্য আছে?,প্রযুক্তি ব্যবহার পদ্ধতির সংক্ষিপ্ত বিবরণ: ইহা একটি কার্যকর ইঁদুর তাড়ানো পদ্ধতি।
612,মেটে আলু বিষয়ে উপরি সার প্রয়োগের সময় সম্পর্কে কী তথ্য আছে?,ইউরিয়া অর্ধেক এবং অবশিষ্ট এমপি সারের অর্ধেক বীজ রোপণের ৩৫-৪০ দিন পর এবং অর্ধেক ইউরিয়া ও অবশিষ্ট এমপি সার বীজ রোপণের ৭০-৮০ দিনের মধ্যে উপরি প্রয়োগ করতে হবে।
613,মরিচ চারা কখন পাতলা করতে হবে?,৫-৭ দিনের মধ্যে বীজ গজানোর পর চারা ৩-৪ সে.মি. লম্বা হলে অতিরিক্ত চারা পাতলা করতে হবে।
614,মেটে আলুর কাণ্ড সম্পর্কে কী তথ্য আছে?,কাণ্ডের দৈর্ঘ্য ৪৮৩ সে.মি. (৫ মাস ১৪ দিন বয়সে) যা সবুজ ও লোমহীন।
615,টমেটোর সমন্বিত আগাছা ব্যবস্থাপনা বিষয়ে আগাছানাশক ও নিড়ানির সমন্বয় সম্পর্কে কী তথ্য আছে?,"টমেটোর সর্বোচ্চ ফলন পেতে একটি নির্দিষ্ট সময় পর্যন্ত জমি আগাছা মুক্ত রাখলেই চলে, যা অতি সহজেই সমন্বিত আগাছা ব্যবস্থাপনা অর্থাৎ আগাছানাশক ও নিড়ানী দুটোর সমন্বয়ের দ্বারা করা সম্ভব।"
616,আলুর উপযোগী তাপমাত্রা সম্পর্কে কী তথ্য আছে?,"নিম্ন তাপমাত্রা, কুয়াশাচ্ছন্ন আবহাওয়া ও মেঘলা আকাশ আলুর জন্য ক্ষতিকর।"
617,গম-পাট-রোপা আমন ফসল বিন্যাসের ফসল সংগ্রহের নির্দেশনা কী?,গম গাছ সম্পূর্ণ পেকে হলুদ বর্ণ ধারণ করলে কাটার উপযুক্ত সময় হিসাবে গন্য হবে।
618,চীনাবাদামের চাষ পদ্ধতি সম্পর্কে কী বলা হয়েছে?,জমিতে ভালভাবে চাষ দিয়ে মাটিতে 'জোঁ' থাকা অবস্থায় লাঙ্গল দিয়ে ২.৫-৩.৫ সে.মি. গভীর নালা টেনে তাতে বীজ বুনে মাটি দিয়ে ঢেকে দিতে হবে।
619,বারি চুইঝাল-১-এর গাছের বৃদ্ধি ও শাখা-প্রশাখা সম্পর্কে কী বলা হয়েছে?,গাছ প্রতি প্রাথমিক শাখার সংখ্যা গড়ে ৭৫-৮০টি।
620,বারি আলু-১০৩-এর গাছের গঠন বা বৃদ্ধির বৈশিষ্ট্য কী?,গাছ কিছুটা খাড়া প্রকৃতির ও শাখা প্রশাখা কম।
621,বারি বার্লি-১০-এর ফলন কত?,বারি বার্লি-১০ এর হেক্টরপ্রতি ফলন ২.৫-৩.০ টন।
622,বারি কফি-১-এর চারা সম্পর্কে কী তথ্য দেওয়া হয়েছে?,জাতভেদে রোপণ দূরত্বের উপর চারার সংখ্যা নির্ভর করে।
623,মাঠের ইঁদুর ব্যবস্থাপনা বিষয়ে মাঠ ফসলের যেখানে সম্পর্কে কী তথ্য আছে?,মাঠ ফসলের যেখানে ইঁদুরের গর্ত আছে সেখানে ব্যবহার যোগ্য।
624,বার্লি কোথায় বা কী কাজে উপযোগী?,বিশেষ প্রক্রিয়াজাতকরণের প্রয়োজন হয় না।
625,কাঁঠাল বিষয়ে অম্লীয় মাটির উপযোগিতা সম্পর্কে কী তথ্য আছে?,অম্লীয় মাটিতে কাঁঠাল গাছের বৃদ্ধি ভাল হয় বলে অম্ল মাটি কাঁঠাল চাষের জন্য বিশেষ উপযোগী।
626,চীনাবাদামের জমি প্রস্তুতি সম্পর্কে কী নির্দেশনা আছে?,চীনাবাদাম গাছের ফুল নিষিক্ত হবার পর গর্ভদণ্ড বা পেগ মাটির নিচে যায় বিধায় জমিতে ৩-৪ টি চাষ ও মই দিয়ে মাটি ঝুরঝুরে করে নিতে হবে।
627,মাঠের ইঁদুর ব্যবস্থাপনা বিষয়ে প্রযুক্তির সহজতা ও পরিবেশসম্মত বৈশিষ্ট্য সম্পর্কে কী তথ্য আছে?,"এ প্রযুক্তিটি সহজ, কার্যকর এবং পরিবেশসম্মত।"
628,বারি চিয়া ১-এর কাণ্ডের বৈশিষ্ট্য কী?,এ লাইনটির কাণ্ড তুলনামূলকভাবে শক্ত ও মজবুত তাই ঝড়-বাতাসে সহজে হেলে ও ভেঙ্গে পড়েনা এবং তেমন রোগ ও পোকামাকড়ের আক্রমণ হয় না।
629,চুইঝালের উপযুক্ত রোপণের সময় কোনটি?,এপ্রিল-জুন মাস চুইঝালের লতা বা চারা রোপণের উপযুক্ত সময়।
630,বারি চিনা-২ এক হাজার দানার ওজন কত?,হাজার দানার ওজন ৫-৫.৫ গ্রাম।বাংলাদেশের সকল এলাকাতে এই জাতটি চাষ করা যায়।
631,ছাদ বাগানের স্মার্ট সেচ সম্পর্কে গুরুত্ব পদ্ধতিটি স্বয়ংক্রিয় বিষয়ে কী বলা হয়েছে?,গুরুত্ব: পদ্ধতিটি স্বয়ংক্রিয় হওয়ায় সেচ ব্যবস্থাপনা পরিচালনার জন্য সব সময় মানুষের প্রয়োজন হয় না।
632,বারি সুপারি-২ সম্পর্কে শুকনা সুপারির ফলন বিষয়ে কী বলা হয়েছে?,খোসাসহ শুকনা সুপারির গড় ফলন ১২.০৭ টন/হেক্টর।
633,চীনাবাদাম উৎপাদনের জন্য চরাঞ্চলে কোন ধরনের মাটি সবচেয়ে ভালো?,চীনাবাদাম উৎপাদনের জন্য চরাঞ্চলের বেলে মাটি সবচেয়ে ভাল।
634,চীনাবাদাম বিষয়ে দো-আঁশ মাটির উপযোগিতা সম্পর্কে কী তথ্য আছে?,দো-আঁশ মাটিতেও চীনাবাদাম চাষ করা যায়।
635,বারি ডাঁটা-৪ বিষয়ে হেক্টর বীজের গড় সম্পর্কে কী তথ্য আছে?,"হেক্টর প্রতি বীজের গড় ফলন ৮০০-১,০০০ কেজি।"
636,চর এলাকায় বিনা চাষে পেঁয়াজের প্রযুক্তির উপযোগিতা সম্পর্কে কী বলা হয়েছে?,"তিস্তা, ব্রহ্মপুত্র ও যমুনা অববাহিকার চরসমূহ।"
637,বারি আলু-১০১ চাষে কী পরিমাণ ফলন পাওয়া যায়?,হেক্টরপ্রতি গড় ফলন ৪৫.৮২ টন যা অনুকূল পরিবেশে বাংলাদেশের আবহাওয়ায় সর্বোচ্চ ৫০ টন পর্যন্ত হয়।
638,মিষ্টি মরিচের জিংক ও বোরনের সার প্রয়োগ সম্পর্কে কী বলা হয়েছে?,সিঞ্চন পদ্ধতিতে ০.০৫% জিংক এবং ০.০৩% বোরন গাছের তিনটি ভিন্ন বৃদ্ধি পর্যায়ে পাতায় দিতে হবে।
639,বারি চুইঝাল-১-এর গাছ কতটা লম্বা হয়?,গাছের গড় উচ্চতা ১০-১২ মিটার।
640,বারি মরিচ-৬-এর জীবনকাল কত?,খাওয়ার উপযোগী সংগ্রহকাল ১৫০-২৩০ দিন এবং বীজের জন্য জীবনকাল ২৫০-২৮০ দিন।
641,চীনাবাদামের উপযুক্ত বপনের সময় কোনটি?,চীনাবাদাম রবি ও খরিফ উভয় মৌসুমে চাষাবাদ করা যায়।
642,বারি চুইঝাল-১-এর গাছের উচ্চতা কত?,গাছের গড় উচ্চতা ১০-১২ মিটার।
643,কাসাভা চাষে বপন বা রোপণের দূরত্ব কত?,অধিক শাখা-প্রশাখাযুক্ত জাতের কাসাভার ক্ষেত্রে রোপণ দূরত্ব ৯০ × ৯০ সে.মি. এবং কম শাখা-প্রশাখা যুক্ত জাতের ক্ষেত্রের রোপণ দূরত্ব ৭৫ × ৭৫ সে.মি. হলে ভাল ফলন হবে।
644,বারি চিনা-২-এর উপযুক্ত বপনের সময় কোনটি?,চিনার চাষ রবি মৌসুমে করা হয়।
645,বারি কাঁঠাল-৫-এর গাছ কতটা লম্বা হয়?,গাছের উচ্চতা সাধারণতঃ ১০-১২ মিটার পর্যন্ত হয়ে থাকে।
646,ঢেঁড়সের জ্যাসিড পোকা ব্যবস্থাপনার পোকামাকড় বা ক্ষতিকর প্রাণী ব্যবস্থাপনায় কী বলা হয়েছে?,"বিভিন্ন প্রজাতির পোকামাকড় ঢেঁড়সে আক্রমণ করে, এর মধ্যে জ্যাসিড পোকা মারাত্মক ক্ষতিসাধন করে থাকে।"
647,চুইঝাল বিষয়ে রান্নার পর কাণ্ডের নরম হওয়া সম্পর্কে কী তথ্য আছে?,কাণ্ড দেখতে কাঠের মত হলেও রান্নার পর সম্পূর্ণ নরম হয়ে যায়।
648,বারি আলু-১০২-এর আগাম উত্তোলনের সময় কত?,৭০-৭৫ দিনে আগাম আলু উত্তোলন করে বাজারজাত করা যায়।
649,চর এলাকায় বিনা চাষে পেঁয়াজ সম্পর্কে শুকনো বালু ব্যবহারের সুবিধা বিষয়ে কী বলা হয়েছে?,শুকনো বালু ব্যবহারের সুবিধা হলো এটি দ্রুত পেঁয়াজের বীজ এর আশে পাশের মাটির অতিরিক্ত আর্দ্রতা শোষণ করে নেয় যার ফলে ছত্রাকের আক্রমণ কমে যায় এবং মাঠে কাঙ্ক্ষিত চারা পাওয়া যায়।
650,কাসাভা বিষয়ে গাছে কন্দ সংরক্ষণ ও সংগ্রহ সম্পর্কে কী তথ্য আছে?,কাসাভার সবচেয়ে বড় সুবিধা হল কন্দ গাছের সাথে সংরক্ষিত থাকে এবং প্রয়োজনমত সংগ্রহ করা যায় তবে ৯-১০ মাসের পর থেকে তিতা হয়ে যায়।
651,ছাদ বাগানের স্মার্ট সেচ বিষয়ে ছাদ বাগানের বাইরে ব্যবহার সম্পর্কে কী তথ্য আছে?,"উপসংহার: এই স্মার্ট সেচ ব্যবস্থাপনা পদ্ধতিটি শুধু ছাদ বাগানই নয়, সাধারন বাগানেও ব্যবহার করা সম্ভব।"
652,বারি সুপারি-১-এর রোগ দমন বা সহনশীলতা সম্পর্কে কী বলা হয়েছে?,রোগ বারি সুপারি-১ এর ফলসহ গাছ ও পোকামাকড়ের আক্রমণ অনেক কম পরিলক্ষিত হয়।
653,ভুট্টা-রোপা আউশ-রোপা আমন ফসলধারার রোগ ব্যবস্থাপনায় কী তথ্য আছে?,রোপা আউশ: স্টেমবোরার পোকা দমনের জন্য ভিরতাকো এবং শীথ ব্লাইট দমনের জন্য ফুলিকুর ০.৫ মিলি/ লিটার হারে প্রয়োগ করতে হবে।
654,গম-পাট-রোপা আমন ফসল বিন্যাসের চারা সম্পর্কে কী তথ্য দেওয়া হয়েছে?,গম: বীজ বপনের ১০-১২ দিন পর্যন্ত পাখি তাড়ানোর ব্যবস্থা রাখতে হবে যাতে বীজ বা চারার সংখ্যা সঠিক থাকে।
655,মেটে আলু চাষের জন্য কী ধরনের মাটি উপযোগী?,মেটে আলুর জন্য সুনিষ্কাশিত গভীর বেলে দোঁয়াশ মাটি সর্বোত্তম।
656,পানিকচু চাষে বপন বা রোপণের দূরত্ব কত?,সারি থেকে সারির দূরত্ব ৬০ সে.মি. এবং গাছ থেকে গাছের দূরত্ব ৪৫ সে.মি. রাখতে হবে।
657,আলুর টিউবার মথ ব্যবস্থাপনার ক্ষতিকর পোকা বা প্রাণী দমনে কী তথ্য আছে?,আর্থ-সামাজিক প্রেক্ষাপট: প্রযুক্তি ব্যবহারে আলুর সুতলি পোকা দমন করার মাধ্যমে আলুর সংগ্রহোত্তর ক্ষতি কমানো সম্ভব।
658,বারি ঝাড়শীম-৪ থেকে হেক্টরপ্রতি কত বীজ পাওয়া যায়?,হেক্টর প্রতি পডের গড় ফলন ৩৭.৮২ টন এবং বীজের ফলন ১৬.৪৯ টন।
659,গোল মরিচের দ্বি-নোড কাটিং চাষের জন্য কী ধরনের মাটি উপযোগী?,"পানি নিষ্কাশনের সুবিধা সম্পন্ন অম্লীয় উর্বর, দোঁয়াশ মাটি ও ছায়া যুক্ত স্থান গোল মরিচ চাষের জন্য বেশ উপযোগী।"
660,বারি কফি-১ ফলের আকারের মাপ কী?,ফলের গড় দৈর্ঘ্য ১.৩০ সে.মি. এবং প্রস্থ ১.২০ সে.মি.।
661,বারি মেটে আলু-৪-এর কন্দ বা রাইজোমের বৈশিষ্ট্য কী?,টিউবারের মাংসল ক্রিম বর্ণের এবং বালুর মত টেক্সার যা কাটার পর এক থেকে দুই মিনিটের মধ্যে অক্সিডেশন হয়ে বাদামী রং ধারণ করে সাথে হালকা গাম নির্গত হয়।
662,বারি পানিকচু-৮ বিষয়ে লতির গড় সংখ্যা ও গড় ওজন সম্পর্কে কী তথ্য আছে?,গাছপ্রতি লতির গড় সংখ্যা ২৪টি এবং গড় ওজন ৮০০ গ্রাম।
663,কাসাভা কখন রোপণ করা উচিত?,রোপণের সময়: সেচ সুবিধা থাকলে বছরের যে কোন সময় কাসাভা রোপণ করা যায়।
664,চীনাবাদামের জমি কীভাবে প্রস্তুত করতে হবে?,চীনাবাদাম গাছের ফুল নিষিক্ত হবার পর গর্ভদণ্ড বা পেগ মাটির নিচে যায় বিধায় জমিতে ৩-৪ টি চাষ ও মই দিয়ে মাটি ঝুরঝুরে করে নিতে হবে।
665,কাঁঠাল: স্বল্প সময়ের জলাবদ্ধতায় মারা প্রসঙ্গে কী তথ্য আছে?,স্বল্প সময়ের জলাবদ্ধতায় গাছ মারা যায়।
666,সুপারি বিষয়ে বীজতলা ও বীজ সংগ্রহ সম্পর্কে কী তথ্য আছে?,বীজ সংগ্রহ করার পর দেরী না করে বীজতলায় বীজ রোপণ করতে হবে।
667,চর এলাকায় বিনা চাষে পেঁয়াজ সম্পর্কে বাল্ব পরিপক্ক সংগ্রহের বিষয়ে কী বলা হয়েছে?,বাল্ব পরিপক্ক ও সংগ্রহের একমাস পূর্বে সেচ দেওয়া বন্ধ করা উচিত তা না হলে কন্দের গুণাগুণ ও সংরক্ষণ ক্ষমতা হ্রাস পায়।
668,বারি চিনা-২ চাষে কতটি সেচ দিতে হবে?,ভাল ফলন পেতে ২-৩টি সেচ দিতে হবে।
669,বারি মেটে আলু-৩-এর কন্দ বা রাইজোম সম্পর্কে কী বলা হয়েছে?,টিউবারের মাংসল হালকা হলুদ বর্ণের এবং বালুর মত যা কাটার পর এক মিনিটের মধ্যে অক্সিডেশন হয়ে বাদামী রং ধারণ করে সাথে হালকা গাম নির্গত হয়।
670,চিয়া বিষয়ে চিয়াবীজ শরবত হিসেবে ব্যবহার সম্পর্কে কী তথ্য আছে?,চিয়াবীজকে সারারাত পানিতে ভিজিয়ে সহজেই শরবত হিসেবে খাওয়া যায়।
671,চর এলাকায় বিনা চাষে পেঁয়াজের চারা উৎপাদন ও পরিচর্যায় কী নির্দেশনা আছে?,অনেক সময় আর্দ্রতার পরিমাণ বেশি হলে কিছু বীজ নষ্ট হয়ে যায় অথবা চারা গজানোর পর চারার গোঁড়া পচে হলুদ হয়ে মরে যায় যা ফিউজেরিয়াম ছত্রাকের কারণে হয়ে থাকে।
672,কাসাভা চাষে সেচের ব্যবস্থা থাকলে ফলনে কী প্রভাব পড়ে?,কাসাভা খরা সহ্যকারী গাছ হলেও প্রয়োজনীয় সেচের ব্যবস্থা থাকলে ফলন অনেক বৃদ্ধি পায়।
673,মরিচের সাথে পাতা জাতীয় সবজি আন্তঃফসল চাষে বপন বা রোপণের দূরত্ব কত?,"বপন/রোপণ দূরত্ব মরিচের স্বাভাবিক সারি (৬০ সেমি × ৫০ সেমি),পাতা জাতীয় সবজি (২০ সেমি) বপন/রোপণ পদ্ধতি দুই সারি মরিচের মাঝে দুই সারিপাতা জাতীয় সবজির বীজ বপন করা হয়।"
674,মেটে আলুর সংরক্ষণ সম্পর্কে কী নির্দেশনা আছে?,মেটে আলু সাধারণ তাপমাত্রা অর্থাৎ ৩০ ডিগ্রি সে. তাপমাত্রায় সহজেই ৬ মাস পর্যন্ত সংরক্ষণ করা যায়।
675,সয়াবিন-রোপা আউশ-রোপা আমন ফসল বিন্যাসের সার ব্যবস্থাপনায় কী নির্দেশনা আছে?,ইউরিয়া অর্ধেক ইউরিয়া সমান তিন সমান ৩ বীজ বপনের কিস্তিতে প্রয়োগ কিস্তিতে প্রয়োগ ২০-২৫ দিনে করতে হবে।
676,মরিচের সাথে পাতা জাতীয় সবজি আন্তঃফসলের ফসল সংগ্রহের নির্দেশনা কী?,চারা রোপণের ৭০-৭৫ দিন পর মরিচ উত্তোলন শুরু হয় এবং প্রায় ৫-৬ বার কাঁচা মরিচ উত্তোলন করা যায়।
677,বারি কাসাভা-২-এর কাণ্ডের বৈশিষ্ট্য কী?,গাছের দৈর্ঘ্য ২২৮.৮ সেমি. যার কাণ্ড ধুসর বর্ণের।
678,পালংশাকের কম্পোস্ট ব্যবস্থাপনা চাষে কতদিন বা কত মাস পর্যন্ত আগাছা নিয়ন্ত্রণে রাখতে হবে?,"আগাছা-রোগ-পোকা দমন: বীজ বপনের ১৪ এবং ২৮ দিন পর আগাছা দমন করতে হয়, কোনো প্রকার বালাইনাশকের প্রয়োজন হয় না।"
679,গম-পাট-রোপা আমন ফসল বিন্যাস কোথায় বা কোন অঞ্চলে উপযোগী?,গোপালগঞ্জ ও কৃষি পরিবেশ অঞ্চল-৩ এর অনুরূপ অঞ্চল।
680,ভালো ফলনের জন্য বারি চিনা-২ চাষে কয়টি সেচ প্রয়োজন?,ভাল ফলন পেতে ২-৩টি সেচ দিতে হবে।
681,গম-পাট-রোপা আমন ফসল বিন্যাস সম্পর্কে ইউরিয়া উপরি প্রয়োগের তিন সময় বিষয়ে কী বলা হয়েছে?,"ইউরিয়া তিন কিস্তিতে চারা রোপণের ৭-১০ দিন, ২০-২৫ দিন এবং ৩৫-৪০ দিন পর উপরি প্রয়োগ করতে হবে।"
682,বারি কাসাভা-২-এর কাণ্ড সম্পর্কে কী তথ্য আছে?,গাছের দৈর্ঘ্য ২২৮.৮ সেমি. যার কাণ্ড ধুসর বর্ণের।
683,মাঠের ইঁদুর ব্যবস্থাপনা বিষয়ে গর্তের ইঁদুর তাড়ানোর ফল সম্পর্কে কী তথ্য আছে?,সফলভাবে গর্তের ইঁদুর তাড়ানো যাবে।
684,আলু চাষে তাপমাত্রা সম্পর্কে কী বলা হয়েছে?,"নিম্ন তাপমাত্রা, কুয়াশাচ্ছন্ন আবহাওয়া ও মেঘলা আকাশ আলুর জন্য ক্ষতিকর।"
685,মরিচ চাষে তাপমাত্রা সম্পর্কে কী বলা হয়েছে?,অঙ্কুরোদগমের জন্য ২৭-৩২ ° সেলসিয়াস ও গাছের বৃদ্ধির জন্য ২০-৩৫° সেলসিয়াস তাপমাত্রা উপযুক্ত।
686,মরিচের সংরক্ষণ সম্পর্কে কী নির্দেশনা আছে?,মরিচ শুকানোর পরে ছায়াযুক্ত স্থানে ঠান্ডা করে সংরক্ষণ করতে হবে।
687,বারি সোলার টানেল ড্রায়ার আয়-ব্যয় বা মুনাফা সম্পর্কে কী তথ্য আছে?,"মূল্য: ২০,০০০.০০ টাকা (এমএস)।"
688,"মাঠের ইঁদুর ব্যবস্থাপনা সম্পর্কে মানব স্বাস্থ্য, মাটি ও পরিবেশে প্রভাব বিষয়ে কী বলা হয়েছে?","মানব স্বাস্থ্য, মাটি ও পরিবেশের কোন ক্ষতি হবে না।"
689,মাঠের ইঁদুর ব্যবস্থাপনা বিষয়ে প্রযুক্তিটি ব্যবহারে ক্ষতিকারক সম্পর্কে কী তথ্য আছে?,প্রযুক্তিটি ব্যবহারে ক্ষতিকারক রাসায়নিক কীটনাশক প্রয়োগের প্রয়োজন হয় না।
690,ঝাড়শিম কখন রোপণ করা উচিত?,বাংলাদেশে শীতকালে এ ফসলটি উৎপাদন করা হয় এবং নভেম্বর মাস বীজ বপনের জন্য উত্তম সময়।
691,চীনাবাদাম সম্পর্কে বাদামের খোসার শিরা-উপশিরা বিষয়ে কী বলা হয়েছে?,বাদামের খোসার শিরা উপশিরাগুলো সুস্পষ্ট দেখা যায়।
692,সয়াবিন-রোপা আউশ-রোপা আমন ফসল বিন্যাসের আয়-ব্যয় বা মুনাফা সম্পর্কে কী তথ্য আছে?,আধুনিক ফসল ব্যবস্থাপনা অনুসরণ করায় উন্নত এ ফসল বিন্যাসে নিট মুনাফা শতকরা ৪২ ভাগ বৃদ্ধি পেয়েছে।
693,গম-পাট-রোপা আমন ফসল বিন্যাস বিষয়ে ইউরিয়া সম্পর্কে কী তথ্য আছে?,রোপা আমন: ইউরিয়া ও অর্ধেক পটাশ সার বাদে অন্যান্য সকল সার শেষ জমি প্রস্তুতের সময় মাটির সাথে ভালভাবে মিশিয়ে দিতে হবে।
694,টমেটোর সমন্বিত আগাছা ব্যবস্থাপনার আগাছা ব্যবস্থাপনায় কী করতে বলা হয়েছে?,আবার প্রতিনিয়ত আগাছা দমনে প্রচুর শ্রম ও অর্থের অপচয় হয় যা বাণিজ্যিকভাবে ফসল উৎপাদনকে বাধাগ্রস্ত করে তোলে।
695,চুইঝাল সম্পর্কে রান্নার পর কাণ্ডের নরম হওয়া বিষয়ে কী বলা হয়েছে?,কাণ্ড দেখতে কাঠের মত হলেও রান্নার পর সম্পূর্ণ নরম হয়ে যায়।
696,বারি পানিকচু-৮-এর লতি সম্পর্কে কী বলা হয়েছে?,পানিকচুর জাত বারি পানিকচু-৮ এর প্রধান ভক্ষণযোগ্য অংশ হলো লতি।
697,জোয়ার কীভাবে বপন করতে হবে?,জোয়ারের বীজ সারিতে বপন করা হয়।
698,চীনাবাদামের ফসলোত্তর ব্যবস্থাপনার নির্দেশনা কী?,গাছ থেকে ছড়ানো খোসাসহ পরিপক্ক পুষ্ট বাদাম উজ্জ্বল রোদে ১ম ও ২য় দিন দৈনিক ৪ ঘন্টা করে শুকাতে হয়।
699,কাঁঠাল কখন রোপণ করা উচিত?,চারা বা কলম রোপণের সময় মধ্য-জ্যৈষ্ঠ থেকে মধ্য শ্রাবণ (জুন-আগস্ট) মাস।
700,বার্লি ছিটিয়ে বপন করলে প্রতি হেক্টরে কত বীজ লাগে?,ছিটিয়ে বপন করলে প্রতি হেক্টরে ৭০ কেজি বীজ প্রয়োজন হয়।
701,সুপারি সম্পর্কে বীজতলা ও বীজ সংগ্রহ বিষয়ে কী বলা হয়েছে?,বীজ সংগ্রহ করার পর দেরী না করে বীজতলায় বীজ রোপণ করতে হবে।
702,পানিকচু চাষে প্রতি হেক্টরে কত চারা প্রয়োজন?,প্রতি হেক্টর জমিতে চারার প্রয়োজন ৩৭০০০টি।
703,বার্লি জমিতে আগাছা দেখা দিলে কী করতে হবে?,জমিতে আগাছা দেখা দিলে নিড়ানী দিয়ে দমন করতে হবে।
704,কফির সার প্রয়োগ সম্পর্কে কী বলা হয়েছে?,বছরে ৪ বার গাছের গোড়ায় সার প্রয়োগ করলে ভাল ফলাফল পাওয়া যায়।
705,বারি চীনাবাদাম-১২-এর গাছ কতটা লম্বা হয়?,গাছের উচ্চতা ৩০-৪৫ সে.মি.।
706,সুপারির বীজতলা ও চারা তৈরিতে কী নির্দেশনা আছে?,প্রথমে বীজতলায় বীজ লাগিয়ে চারা উৎপাদন করতে হবে।
707,কাঁঠাল চাষে কতদিন অন্তর সেচ দিতে হবে?,"ডিসেম্বর থেকে মে মাস পর্যন্ত শুকনো মৌসুমে ১৫ দিন অন্তর রূপান্তরিত বেসিন পদ্ধতিতে পানি সেচ দিলে কচি ফল ঝরা কমে, ফলন ও ফলের গুণগত মানবৃদ্ধি পায়।"
708,সয়াবিন-রোপা আউশ-রোপা আমন ফসল বিন্যাসের আগাছা ব্যবস্থাপনার গুরুত্বপূর্ণ সময় কত?,সয়াবিন: চারা গজানোর ২০-২৫ দিন পর আগাছা দমন করতে হবে।
709,মসুর অণুজীব সার সেচ সম্পর্কে কী বলা হয়েছে?,জমিতে পর্যাপ্ত 'জো' না থাকলে বীজ বপনের পর জমিতে সেচ দিতে হবে।
710,কাঁঠাল চাষের জন্য কী ধরনের মাটি বা জমি উপযোগী?,"দোআঁশ, বেলে দোআঁশ, এঁটেল এমন কি কাকুরে মাটিতেও এর চাষ করা যায়।"
711,বার্লির আগাছা দেখা দিলে কীভাবে দমন করতে হবে?,জমিতে আগাছা দেখা দিলে নিড়ানী দিয়ে দমন করতে হবে।
712,চিনা সম্পর্কে রসের অভাবে সেচ বিষয়ে কী বলা হয়েছে?,বেলে দোআঁশ মাটিতে রসের অভাব হলে ২-১ টি হালকা সেচের ব্যবস্থা করলে অধিক ফলন পাওয়া যায়।
713,ছাদ বাগানের স্মার্ট সেচ বিষয়ে অপর দিকে ওয়াই সম্পর্কে কী তথ্য আছে?,অপর দিকে ওয়াই ফাই নিয়ন্ত্রিত সুইচ ব্যবহার করা হলে স্মার্ট মোবাইল ফোনের মাধ্যমে যেকোনো স্থান হতে সেচের সময় ও অন্তর সেট করে দেয়া যাবে।
714,বারি আলু-১০৩ কোথায় বা কী কাজে উপযোগী?,বারি আলু-১০৩ জাতটি প্রক্রিয়াজাতকরণ ও রপ্তানি আলু হিসাবে উপযোগী।
715,অড়হর উপযোগিতা সম্পর্কে কী বলা হয়েছে?,বাংলাদেশের প্রায় সকল অঞ্চলে এটি চাষ উপযোগী।
716,বারি ঝাড়শীম-৪-এর ফল সম্পর্কে কী তথ্য আছে?,১৮-২৩ সে.মি. লম্বা ও ১.০-১.৩ সেমি চওড়া প্রতি পডের গড় ওজন ১৬.১২ গ্রাম।
717,চীনাবাদাম সম্পর্কে দো-আঁশ মাটির উপযোগিতা বিষয়ে কী বলা হয়েছে?,দো-আঁশ মাটিতেও চীনাবাদাম চাষ করা যায়।
718,জোয়ার কখন বা কীভাবে সংগ্রহ করতে হবে?,এছাড়া দু' একটি বীজ দাঁতে কাটার পর 'কট' করে শব্দ হলে বুঝতে হবে ফসল কাটার উপযুক্ত সময় হয়েছে।
719,পানিকচু সম্পর্কে লেদাপোকা ও জাবপোকা দমন বিষয়ে কী বলা হয়েছে?,লেদাপোকা ও জাবপোকা: সমন্বিত বালাই ব্যবস্থাপনার (আইপিএম) মাধ্যমে এসব পোকামাকড় ও রোগবালাই দমন করা যায়।
720,কফি চাষে বপন বা রোপণের দূরত্ব কত?,তারপর ৩-৫ সে.মি. দূরত্বে বীজ বপন করতে হবে।
721,চুইঝাল বিষয়ে পলিব্যাগ সম্পর্কে কী তথ্য আছে?,বাণিজ্যিকভাবে চুইঝালের বিভিন্ন কাটিং পলিব্যাগে চারা তৈরি করা হয়।
722,বারি সুপারি-২-এর খোসাসহ একক কাঁচা সুপারির গড় ওজন কত?,খোসা সহ একক কাঁচা সুপারির গড় ওজন ৪০.০০ গ্রাম।
723,সুপারির আগাছা ব্যবস্থাপনায় কী করতে বলা হয়েছে?,গাছের গোড়া সব সময়ই আগাছামুক্ত রাখা প্রয়োজন।
724,গম-পাট-রোপা আমন ফসল বিন্যাসের আগাছা ব্যবস্থাপনার গুরুত্বপূর্ণ সময় কত?,পাট: পাটের জমি ৩০ থেকে ৪০ দিন পর্যন্ত আগাছামুক্ত রাখতে হবে।
725,বারি আলু-১০৩-এর গাছের বৃদ্ধি ও শাখা-প্রশাখা সম্পর্কে কী বলা হয়েছে?,গাছ কিছুটা খাড়া প্রকৃতির ও শাখা প্রশাখা কম।
726,পানিকচুর রোগ ব্যবস্থাপনায় কী তথ্য আছে?,পাতার উপরে বাদামী থেকে বেগুনী রং এর গোলাকার দাগ দেখা যায়।
727,সয়াবিন-রোপা আউশ-রোপা আমন ফসল বিন্যাসের চারা সম্পর্কে কী তথ্য দেওয়া হয়েছে?,দশ সারি পরপর ১ সারি বাদ দিয়ে চারা রোপণ করলে ধান গাছ পর্যাপ্ত আলো বাতাস পায়।
728,পানিকচুর উপযুক্ত রোপণের সময় কোনটি?,আগাম ফসলের জন্য কার্তিক ও নাবী ফসলের জন্য মধ্য ফাল্গুন থেকে মধ্য বৈশাখ মাসে লাগানো যায়।
729,পানিকচু বপন বা রোপণে কী দূরত্ব রাখতে হয়?,সারি থেকে সারির দূরত্ব ৬০ সে.মি. এবং গাছ থেকে গাছের দূরত্ব ৪৫ সে.মি. রাখতে হবে।
730,বার্লির চারা সম্পর্কে কী তথ্য দেওয়া হয়েছে?,বীজ বপনের পর ১০-১২ দিন পর্যন্ত পাখি তাড়ানোর ব্যবস্থা রাখতে হবে যাতে মাঠে চারার সংখ্যা ঠিক থাকে।
731,সুপারির আগাছা বেশি হলে নিড়ানি সম্পর্কে কী নির্দেশনা আছে?,বর্ষাকালে আগাছা বেশি হয় বিধায় ঘন ঘন আগাছা পরিষ্কার করতে হবে।
732,বেগুনের সাথে পেঁয়াজ ও রসুন আন্তঃফসলের চারা সম্পর্কে কী তথ্য দেওয়া হয়েছে?,বেগুনের চারা গাছ রোপণের ১২-১৫ দিন পর পেঁয়াজ চারা ও রসুন কোয়া বপন করতে হবে।
733,বেগুনের সাথে পেঁয়াজ ও রসুন আন্তঃফসলের জলাবদ্ধতা ও পানি নিষ্কাশন সম্পর্কে কী নির্দেশনা আছে?,বেগুন ও পেঁয়াজ এবং বেগুন ও রসুন আন্তঃফসল জলাবদ্ধতা সহ্য করতে পারে না।
734,টমেটোর সমন্বিত আগাছা ব্যবস্থাপনা সম্পর্কে আগাছানাশক ও নিড়ানির সমন্বয় বিষয়ে কী বলা হয়েছে?,"টমেটোর সর্বোচ্চ ফলন পেতে একটি নির্দিষ্ট সময় পর্যন্ত জমি আগাছা মুক্ত রাখলেই চলে, যা অতি সহজেই সমন্বিত আগাছা ব্যবস্থাপনা অর্থাৎ আগাছানাশক ও নিড়ানী দুটোর সমন্বয়ের দ্বারা করা সম্ভব।"
735,পানিকচু কীভাবে রোপণ করতে হবে?,৪-৬ পাতা বিশিষ্ট সবল ও সতেজ চারা রোপণের জন্য নির্বাচন করতে হবে।
736,বারি আলু-১০১-এর ফলন কত?,হেক্টরপ্রতি গড় ফলন ৪৫.৮২ টন যা অনুকূল পরিবেশে বাংলাদেশের আবহাওয়ায় সর্বোচ্চ ৫০ টন পর্যন্ত হয়।
737,চিয়ার সার ব্যবস্থাপনায় কী নির্দেশনা আছে?,যে সমস্ত জমিতে বোরণ ও জিংকের ঘাটতি আছে সেসব জমিতে কাঙ্ক্ষিত ফলন পাওয়ার জন্য হেক্টর প্রতি ৫ কেজি হারে বরিক এসিড ও জিংক সালফেট প্রয়োগ করত হবে।
738,অড়হর গাছের গঠন বা বৃদ্ধির বৈশিষ্ট্য কী?,"অড়হরের গাছ ২-৩ মিটার লম্বা, ঝোঁপালো ও ডালপালা যুক্ত হয় বলে সারি করে বপন করতে হবে।"
739,জোয়ার সার ব্যবস্থাপনায় কী নির্দেশনা আছে?,দ্বিতীয় ভাগ ইউরিয়া বীজ গজানোর ২৫-৩০ দিন পর উপরি প্রয়োগ করতে হয় তৃতীয় ভাগ গাছে ফুল আসার সময় দিতে হয়।
740,অড়হর কোথায় বা কোন অঞ্চলে উপযোগী?,বাংলাদেশের প্রায় সকল অঞ্চলে এটি চাষ উপযোগী।
741,সুপারির চারা সম্পর্কে কী তথ্য দেওয়া হয়েছে?,বীজ দ্বারা সুপারি গাছের বংশবিস্তার হয়ে থাকে।
742,বারি ডাঁটা-৪-এর ফলন কত?,শাক হিসেবে হেক্টর প্রতি গড় ফলন ১২-১৫ টন এবং ডাঁটা হিসেবে হেক্টর প্রতি গড় ফলন ৫০-৫২ টন।
743,বারি আলু-১০২-এর কন্দের রং সম্পর্কে কী বলা হয়েছে?,"আলুর চামড়া মসৃণ ও রং লাল, শাঁসের রং সাদা, চোখ কিছুটা গভীরে থাকে।"
744,বারি আলু-১০৩-এর ব্যবহার বা উপযোগিতা সম্পর্কে কী বলা হয়েছে?,বারি আলু-১০৩ জাতটি প্রক্রিয়াজাতকরণ ও রপ্তানি আলু হিসাবে উপযোগী।
745,আলুর টিউবার মথ ব্যবস্থাপনার ক্ষতির পরিমাণ কত হতে পারে?,অতিরিক্ত আক্রমণে ক্ষতির পরিমাণ প্রায় ১০০ ভাগ হতে পারে।
746,বারি মেটে আলু-৩-এর কন্দ বা রাইজোমের বৈশিষ্ট্য কী?,টিউবারের মাংসল হালকা হলুদ বর্ণের এবং বালুর মত যা কাটার পর এক মিনিটের মধ্যে অক্সিডেশন হয়ে বাদামী রং ধারণ করে সাথে হালকা গাম নির্গত হয়।
747,বারি মরিচ-৬ বিষয়ে মরিচের দৈর্ঘ্য সম্পর্কে কী তথ্য আছে?,ফল মাঝারি লম্বা এবং প্রতিটি মরিচের দৈর্ঘ্য ৪-৫ সেমি।
748,মেটে আলু সম্পর্কে উপরি সার প্রয়োগের সময় বিষয়ে কী বলা হয়েছে?,ইউরিয়া অর্ধেক এবং অবশিষ্ট এমপি সারের অর্ধেক বীজ রোপণের ৩৫-৪০ দিন পর এবং অর্ধেক ইউরিয়া ও অবশিষ্ট এমপি সার বীজ রোপণের ৭০-৮০ দিনের মধ্যে উপরি প্রয়োগ করতে হবে।
749,বারি কাসাভা-১-এর কাণ্ড সম্পর্কে কী তথ্য আছে?,"গাছের দৈর্ঘ্য ২৩৮ সে.মি., যার কাণ্ড হালকা বাদামী বর্ণের।"
750,বারি পানিকচু-৮ সম্পর্কে লতির গঠন বিষয়ে কী বলা হয়েছে?,লতি তুলনামূলক মোটা এবং খাটো।
751,বারি পানিকচু-৯-এর প্রতি গাছে লতির সংখ্যা ও ওজন কত?,"প্রতিটি লতির গড় ওজন ৩৩ গ্রাম, দৈর্ঘ্য ৬৪ সেমি এবং ব্যাস প্রায় ১.০ সেমি।"
752,লটকনের চাষ পদ্ধতি সম্পর্কে কী বলা হয়েছে?,যেকোনো প্রকার মাটিতে লটকন এর চাষ করা যায়।
753,পানিকচু বিষয়ে লেদাপোকা ও জাবপোকা দমন সম্পর্কে কী তথ্য আছে?,লেদাপোকা ও জাবপোকা: সমন্বিত বালাই ব্যবস্থাপনার (আইপিএম) মাধ্যমে এসব পোকামাকড় ও রোগবালাই দমন করা যায়।
754,বারি সুপারি-২-এর রোগ ব্যবস্থাপনায় কী তথ্য আছে?,রোগ ও পোকামাকড়ের আক্রমণ অনেক কম পরিলক্ষিত হয়।
755,কাঁঠাল চাষে বপন বা রোপণের দূরত্ব কত?,কাঁঠালের ক্ষেত্রে সাধারণত: গাছ থেকে গাছ ও সারি থেকে সারির দূরত্ব ৮ × ৮ মিটার রাখতে হবে।
756,পানিকচু বিষয়ে চারা রোপণের সম্পর্কে কী তথ্য আছে?,বাণিজ্যিকভাবে চাষাবাদের জন্য অগ্রহায়ণ-পৌষ মাস চারা রোপণের উপযুক্ত সময়।
757,মাঠের ইঁদুর ব্যবস্থাপনা সম্পর্কে প্রযুক্তির সহজতা ও পরিবেশসম্মত বৈশিষ্ট্য বিষয়ে কী বলা হয়েছে?,"এ প্রযুক্তিটি সহজ, কার্যকর এবং পরিবেশসম্মত।"
758,টমেটোর সমন্বিত আগাছা ব্যবস্থাপনা বিষয়ে একটি পদ্ধতিতে আগাছা দমনের সীমাবদ্ধতা সম্পর্কে কী তথ্য আছে?,কিন্তু শুধুমাত্র একটি পদ্ধতির মাধ্যমে আগাছা পর্যাপ্তভাবে দমন করা যায় না।
759,চিনা চাষে বপন বা রোপণের দূরত্ব কত?,৬-৮ সেমি দূরত্বে একটি করে চারা রেখে মাঝের চারাগুলো তুলে ফেলতে হবে।
760,বারি লটকন-২ ফল পাকার পর দেখতে কেমন হয়?,পাকা ফল দেখতে উজ্জ্বল হলুদ বর্ণের এবং টিএসএস ২০.৪৭ %।
761,বারি কফি-১ চারা লাগানোর পর খুঁটির সঙ্গে কী করতে হবে?,বর্ষা মৌসুমের বাতাস থেকে রক্ষার জন্য চারাকে খুঁটির সাথে বেঁধে দিতে হবে।
762,সয়াবিন-রোপা আউশ-রোপা আমন ফসল বিন্যাসের সেচ সম্পর্কে কী বলা হয়েছে?,সেচ প্রয়োগ: সয়াবিন: প্রথম সেচ বীজ বপনের ২০-২৫ দিনের মধ্যে (ফুল ধরার পূর্বে) এবং দ্বিতীয় সেচ বীজ বপনের ৫৫-৬০ দিনের মধ্যে (শুটি গঠনের সময়) দিতে হবে।
763,বারি পানিকচু-৮ চাষে কী পরিমাণ ফলন পাওয়া যায়?,প্রতি হেক্টরে লতির গড় ফলন ২৫ টন এবং রাইজোমের গড় ফলন প্রায় ২৪ টন।
764,বেগুনের সাথে পেঁয়াজ ও রসুন আন্তঃফসলের সেচ ব্যবস্থাপনায় কী নির্দেশনা আছে?,সেচ প্রয়োগ চারা রোপণের কয়েক দিন পর হালকা সেচ ও পরবর্তী প্রতি কিস্তি সার প্রয়োগের পর জমিতে সেচ দিতে হবে।
765,বারি কফি-১-এর ফসল সংগ্রহের নির্দেশনা কী?,বীজের গাছে ফল সংগ্রহ করতে সাধারণত রোবাস্টার ক্ষেত্রে ৩ বছর এবং এরাবিকার ক্ষেত্রে ২ বছর সময় প্রয়োজন।
766,বেগুনের সাথে পেঁয়াজ ও রসুন আন্তঃফসলের ফসল সংগ্রহের নির্দেশনা কী?,প্রতিকূল আবহাওয়ায় একটি ফসল ক্ষতিগ্রস্ত হলেও কৃষক কমপক্ষে একটি ফসল সংগ্রহ করতে পারবে।
767,বারি ডাঁটা-৪-এর কাণ্ডের বৈশিষ্ট্য কী?,"ডাঁটার জাত বারি ডাঁটা-৪ বছরের যে কোন সময় বাংলাদেশের সর্বত্র চাষোপযোগী, উচ্চ ফলনশীল, কাণ্ড নরম ও কম আঁশযুক্ত।"
768,সুপারি বপন বা রোপণে কী দূরত্ব রাখতে হয়?,বীজ রোপণের সময় সারি থেকে সারির দূরত্ব ৩০ সে.মি. এবং বীজ থেকে বীজের দূরত্ব হবে ২৫ সেমি।
769,বারি বার্লি-১০ কতদিনে পরিপক্ব হয়?,লবণাক্ততা সহনশীল (১০ ডিএস/মি.) লবণাক্ত জমিতে গড়ে ২.০-২.৪০ টন/হেক্টর ফলন দিতে সক্ষম এবং পরিপক্ক হতে ৮০-৮৬ দিন সময় লাগে।
770,কফি বিষয়ে এরাবিকা ও রোবাস্টার রোপণ দূরত্ব সম্পর্কে কী তথ্য আছে?,সাধারণত এরাবিকা জাতের জন্য ২ × ২.৫ মি. এবং রোবাস্টা জাতের জন্য ৩ × ৩ মি. দূরত্বে চারা রোপণ করতে হবে।
771,ছাদ বাগানের স্মার্ট সেচের গাছের বৃদ্ধি ও শাখা-প্রশাখা সম্পর্কে কী বলা হয়েছে?,১৬ মিমি টিউব / পাইপ কে মেইন লাইন হিসেবে ব্যবহার করা হয় যা গাছের সারির শুরু থেকে শেষ পর্যন্ত বিস্তৃত থাকে।
772,সয়াবিন-রোপা আউশ-রোপা আমন ফসল বিন্যাসের চারা উৎপাদন ও পরিচর্যায় কী নির্দেশনা আছে?,দশ সারি পরপর ১ সারি বাদ দিয়ে চারা রোপণ করলে ধান গাছ পর্যাপ্ত আলো বাতাস পায়।
773,ছাদ বাগানের স্মার্ট সেচ চাষে তাপমাত্রা সম্পর্কে কী বলা হয়েছে?,অধিক তাপমাত্রা ও বাষ্পীভবনের কারণে ছাদ বাগানে ফসলের পানির চাহিদা অধিক হয়।
774,চীনাবাদামের মৌসুম-সংক্রান্ত তথ্য কী?,রবি মৌসুমে মাঝারি নিচু ও মাঝারি উঁচু এবং খরিফ মৌসুমে উঁচু জমি চীনাবাদাম চাষের জন্য উপযোগী।
775,বার্লি চাষে বপন বা রোপণের দূরত্ব কত?,সারিতে বপন করলে সারি থেকে সারির দূরত্ব ২৫ সে.মি. এবং গাছ থেকে গাছের দূরত্ব ১০ সে.মি হওয়া উত্তম।
776,বারি আলু-১০২ আগাম আলু কতদিনে উত্তোলন করে বাজারজাত করা যায়?,৭০-৭৫ দিনে আগাম আলু উত্তোলন করে বাজারজাত করা যায়।
777,সয়াবিন-রোপা আউশ-রোপা আমন ফসল বিন্যাস চাষের অর্থনৈতিক ফলাফল সম্পর্কে কী বলা হয়েছে?,আধুনিক ফসল ব্যবস্থাপনা অনুসরণ করায় উন্নত এ ফসল বিন্যাসে নিট মুনাফা শতকরা ৪২ ভাগ বৃদ্ধি পেয়েছে।
778,কাসাভার সারের মাত্রা সম্পর্কে কী তথ্য আছে?,সম্পূর্ণ গোবর সার (১০.১৫ টন) ও টিএসপি (১২৫ কেজি) শেষ জমি চাষের সময় ভালভাবে মাটির সাথে মিশিয়ে দিতে হয়।
779,চীনাবাদাম বপন বা রোপণে কী দূরত্ব রাখতে হয়?,সারি থেকে সারির দূরত্ব ৩০ সে.মি. এবং গাছ থেকে গাছের দূরত্ব ১৫ সেমি।
780,আলু বিষয়ে আলু উত্তোলনের পর রোদে রাখা সম্পর্কে কী তথ্য আছে?,আলু উঠানোর পর প্রখর রৌদ্রে রাখা যাবে না।
781,বারি চিনা-২-এর বীজ বা দানার বৈশিষ্ট্য কী?,"বীজ ডিম্বাকৃতি, উজ্জ্বল বাদামি কালচে রং এর এবং বীজ থেকে ছাড়ানো চাল হলুদ বর্ণের।"
782,মুখীকচু চাষে বপন বা রোপণের দূরত্ব কত?,একক সারি পদ্ধতিতে রোপণ দূরত্ব: ৬০ সেমি × ৩৫ সেমি।
783,মেটে আলুর কাণ্ডের বৈশিষ্ট্য কী?,কাণ্ডের দৈর্ঘ্য ৪৮৩ সে.মি. (৫ মাস ১৪ দিন বয়সে) যা সবুজ ও লোমহীন।
784,মেটে আলু কীভাবে সংরক্ষণ করতে হবে?,মেটে আলু সাধারণ তাপমাত্রা অর্থাৎ ৩০ ডিগ্রি সে. তাপমাত্রায় সহজেই ৬ মাস পর্যন্ত সংরক্ষণ করা যায়।
785,বারি কফি-১ সম্পর্কে এরাবিকা কফি সংগ্রহের সময় বিষয়ে কী বলা হয়েছে?,এরাবিকা সাধারণত অক্টোবর থেকে নভেম্বর মাসের শুরু থেকে সংগ্রহ করার উপযোগী হয়।
786,আগাম আলুর বারি আলু-৪১ ও বারি আলু-৯০-এর আয়-ব্যয় বা মুনাফা সম্পর্কে কী তথ্য আছে?,জাত দুটি লাল রং এর হওয়ায় বাজারে চাহিদা বেশি ও অধিক বাজার মূল্যের জন্য একক জমিতে চাষ করে অধিক মুনাফা অর্জন করা যায়।
787,বারি সুপারি-২ চাষে কী পরিমাণ ফলন পাওয়া যায়?,খোসাসহ কাঁচা সুপারির গড় ফলন ৩৪.৪৮ টন/হেক্টর (উচ্চ ফলনশীল)।
788,মরিচ কীভাবে সংরক্ষণ করতে হবে?,মরিচ শুকানোর পরে ছায়াযুক্ত স্থানে ঠান্ডা করে সংরক্ষণ করতে হবে।
789,বারি পানিকচু-৯-এর ফলন কত?,প্রতি হেক্টরে লতির গড় ফলন ৩০ টন এবং রাইজোমের গড় ফলন ২৫ টন।
790,মরিচের চারা পাতলা করার সময় কত?,৫-৭ দিনের মধ্যে বীজ গজানোর পর চারা ৩-৪ সে.মি. লম্বা হলে অতিরিক্ত চারা পাতলা করতে হবে।
791,ছাদ বাগানের স্মার্ট সেচ বিষয়ে স্মার্ট সেচের স্বয়ংক্রিয় ড্রিপ পদ্ধতি সম্পর্কে কী তথ্য আছে?,পদ্ধতিটির মূলনীতি: স্মার্ট সেচ ব্যবস্থাপনা পদ্ধতিটি একটি স্বয়ংক্রিয় ড্রিপ ইরিগেশন পদ্ধতি।
792,বারি কফি-১ বিষয়ে হেক্টরপ্রতি চারার সংখ্যা সম্পর্কে কী তথ্য আছে?,১ হেক্টর জমিতে এরাবিকার জন্য ২০০০টি চারা এবং রোবাস্টার জন্য ১১১২টি চারা প্রয়োজন হয়।
793,কাঁঠাল বিষয়ে জলাবদ্ধতা সম্পর্কে কী তথ্য আছে?,কাঁঠাল গাছ জলাবদ্ধতার প্রতি অত্যন্ত সংবেদনশীল।
794,আলুর সার ব্যবস্থাপনায় কী নির্দেশনা আছে?,"অর্ধেক ইউরিয়া, সম্পূর্ণ টিএসপি, এমওপি, জিপসাম, ম্যাগনেসিয়াম সালফেট ও বোরন সার রোপণের সময় সারির দুই পার্শ্বে বা জমিতে মিশিয়ে দিতে হবে।"
795,মাঠের ইঁদুর ব্যবস্থাপনার নিরাপত্তা ও পরিবেশগত প্রভাব সম্পর্কে কী বলা হয়েছে?,প্রযুক্তি: কেরোসিন মিশ্রিত গোবরের বল দিয়ে মাঠের ইঁদুর তাড়ানো প্রযুক্তির বৈশিষ্ট্য এই পদ্ধতিতে মানুষ বা অন্য কোন উপকারী প্রাণীর ক্ষতি হয় না অর্থাৎ এটি একটি নিরাপদ পদ্ধতি।
796,বারি চুইঝাল-১-এর পাতা সম্পর্কে কী তথ্য আছে?,পাতার দৈর্ঘ্য ১৮-২০ সেমি এবং প্রস্থ ১২-১৪ সে.মি.।
797,মসুর অণুজীব সার প্রযুক্তি কোথায় বা কোন ক্ষেত্রে উপযোগী?,বাংলাদেশের মসুর ডাল উৎপাদনকারী সকল এলাকাসমূহে ব্যবহার করা যাবে।
798,জারবেরার টিস্যু কালচার সম্পর্কে ছোট একরকম চারার পরিবহন সুবিধা বিষয়ে কী বলা হয়েছে?,উৎপাদিত জারবেরা চারা আকারে ছোট এবং এক রকম হওয়াতে পরিবহন খরচ কম।
799,বারি কাঁঠাল-৬-এর গাছের গঠন বা বৃদ্ধির বৈশিষ্ট্য কী?,"গাছ বিস্তৃত ডাল-পালা বিশিষ্ট, সতেজ ও সবুজ।"
800,মটরশুটির পটাশিয়াম সার ব্যবস্থাপনার প্রযুক্তির উপযোগিতা সম্পর্কে কী বলা হয়েছে?,পটাশিয়াম সার ভিত্তিক সমন্বিত সার ব্যবস্থাপনায় প্রচলিত চাষ পদ্ধতি থেকে মটরশুঁটির সবুজ শুঁটির ফলন ২০-৪০% বেশি পাওয়া যায়।
